ISO-10303-21;
HEADER;
FILE_DESCRIPTION(('Open CASCADE Model'),'2;1');
FILE_NAME('Open CASCADE Shape Model','2026-08-22T16:14:35',('Author'),(
    'Open CASCADE'),'Open CASCADE STEP processor 7.6','Open CASCADE 7.6'
  ,'Unknown');
FILE_SCHEMA((
'AP242_MANAGED_MODEL_BASED_3D_ENGINEERING_MIM_LF. {1 0 10303 442 1 1 4 
}'));
ENDSEC;
DATA;
#1 = APPLICATION_PROTOCOL_DEFINITION('international standard',
  'ap242_managed_model_based_3d_engineering',2013,#2);
#2 = APPLICATION_CONTEXT('Managed model based 3d engineering');
#3 = SHAPE_DEFINITION_REPRESENTATION(#4,#10);
#4 = PRODUCT_DEFINITION_SHAPE('','',#5);
#5 = PRODUCT_DEFINITION('design','',#6,#9);
#6 = PRODUCT_DEFINITION_FORMATION('','',#7);
#7 = PRODUCT('Open CASCADE STEP translator 7.6 27',
  'Open CASCADE STEP translator 7.6 27','',(#8));
#8 = PRODUCT_CONTEXT('',#2,'mechanical');
#9 = PRODUCT_DEFINITION_CONTEXT('part definition',#2,'design');
#10 = ADVANCED_BREP_SHAPE_REPRESENTATION('',(#11,#15),#2465);
#11 = AXIS2_PLACEMENT_3D('',#12,#13,#14);
#12 = CARTESIAN_POINT('',(0.,0.,0.));
#13 = DIRECTION('',(0.,0.,1.));
#14 = DIRECTION('',(1.,0.,-0.));
#15 = MANIFOLD_SOLID_BREP('',#16);
#16 = CLOSED_SHELL('',(#17,#139,#213,#287,#361,#435,#509,#583,#657,#731,
    #805,#879,#953,#1027,#1101,#1175,#1249,#1323,#1397,#1471,#1545,#1619
    ,#1693,#1767,#1841,#1915,#1989,#2063,#2137,#2211,#2285,#2352,#2395,
    #2430));
#17 = ADVANCED_FACE('',(#18),#31,.T.);
#18 = FACE_BOUND('',#19,.T.);
#19 = EDGE_LOOP('',(#20,#55,#85,#111));
#20 = ORIENTED_EDGE('',*,*,#21,.T.);
#21 = EDGE_CURVE('',#22,#24,#26,.T.);
#22 = VERTEX_POINT('',#23);
#23 = CARTESIAN_POINT('',(10.,-15.,-1.665334536938E-15));
#24 = VERTEX_POINT('',#25);
#25 = CARTESIAN_POINT('',(10.,-15.,-1.989123673797));
#26 = SURFACE_CURVE('',#27,(#30,#44),.PCURVE_S1.);
#27 = B_SPLINE_CURVE_WITH_KNOTS('',1,(#28,#29),.UNSPECIFIED.,.F.,.F.,(2,
    2),(0.,1.),.PIECEWISE_BEZIER_KNOTS.);
#28 = CARTESIAN_POINT('',(10.,-15.,-1.665334536938E-15));
#29 = CARTESIAN_POINT('',(10.,-15.,-1.989123673797));
#30 = PCURVE('',#31,#38);
#31 = B_SPLINE_SURFACE_WITH_KNOTS('',1,2,(
    (#32,#33,#34)
    ,(#35,#36,#37
    )),.UNSPECIFIED.,.F.,.F.,.F.,(2,2),(3,3),(0.,1.),(0.,1.),
  .PIECEWISE_BEZIER_KNOTS.);
#32 = CARTESIAN_POINT('',(10.,-15.,-1.665334536938E-15));
#33 = CARTESIAN_POINT('',(9.5,-2.997602166488E-15,-3.328006943901E-31));
#34 = CARTESIAN_POINT('',(9.,15.,1.665334536938E-15));
#35 = CARTESIAN_POINT('',(10.,-15.,-1.989123673797));
#36 = CARTESIAN_POINT('',(9.5,-2.787806930848E-15,-1.889667490107));
#37 = CARTESIAN_POINT('',(9.,15.,-1.790211306417));
#38 = DEFINITIONAL_REPRESENTATION('',(#39),#43);
#39 = LINE('',#40,#41);
#40 = CARTESIAN_POINT('',(0.,0.));
#41 = VECTOR('',#42,1.);
#42 = DIRECTION('',(1.,0.));
#43 = ( GEOMETRIC_REPRESENTATION_CONTEXT(2) 
PARAMETRIC_REPRESENTATION_CONTEXT() REPRESENTATION_CONTEXT('2D SPACE',''
  ) );
#44 = PCURVE('',#45,#50);
#45 = PLANE('',#46);
#46 = AXIS2_PLACEMENT_3D('',#47,#48,#49);
#47 = CARTESIAN_POINT('',(10.,-15.,-1.665334536938E-15));
#48 = DIRECTION('',(0.,-1.,-1.110223024625E-16));
#49 = DIRECTION('',(-0.894427191,-4.965068306495E-17,0.4472135955));
#50 = DEFINITIONAL_REPRESENTATION('',(#51),#54);
#51 = B_SPLINE_CURVE_WITH_KNOTS('',1,(#52,#53),.UNSPECIFIED.,.F.,.F.,(2,
    2),(0.,1.),.PIECEWISE_BEZIER_KNOTS.);
#52 = CARTESIAN_POINT('',(0.,0.));
#53 = CARTESIAN_POINT('',(-0.889563150053,1.779126300105));
#54 = ( GEOMETRIC_REPRESENTATION_CONTEXT(2) 
PARAMETRIC_REPRESENTATION_CONTEXT() REPRESENTATION_CONTEXT('2D SPACE',''
  ) );
#55 = ORIENTED_EDGE('',*,*,#56,.T.);
#56 = EDGE_CURVE('',#24,#57,#59,.T.);
#57 = VERTEX_POINT('',#58);
#58 = CARTESIAN_POINT('',(9.,15.,-1.790211306417));
#59 = SURFACE_CURVE('',#60,(#64,#71),.PCURVE_S1.);
#60 = B_SPLINE_CURVE_WITH_KNOTS('',2,(#61,#62,#63),.UNSPECIFIED.,.F.,.F.
  ,(3,3),(0.,1.),.PIECEWISE_BEZIER_KNOTS.);
#61 = CARTESIAN_POINT('',(10.,-15.,-1.989123673797));
#62 = CARTESIAN_POINT('',(9.5,-2.787806930848E-15,-1.889667490107));
#63 = CARTESIAN_POINT('',(9.,15.,-1.790211306417));
#64 = PCURVE('',#31,#65);
#65 = DEFINITIONAL_REPRESENTATION('',(#66),#70);
#66 = LINE('',#67,#68);
#67 = CARTESIAN_POINT('',(1.,0.));
#68 = VECTOR('',#69,1.);
#69 = DIRECTION('',(0.,1.));
#70 = ( GEOMETRIC_REPRESENTATION_CONTEXT(2) 
PARAMETRIC_REPRESENTATION_CONTEXT() REPRESENTATION_CONTEXT('2D SPACE',''
  ) );
#71 = PCURVE('',#72,#79);
#72 = B_SPLINE_SURFACE_WITH_KNOTS('',1,2,(
    (#73,#74,#75)
    ,(#76,#77,#78
    )),.UNSPECIFIED.,.F.,.F.,.F.,(2,2),(3,3),(1.,2.),(0.,1.),
  .PIECEWISE_BEZIER_KNOTS.);
#73 = CARTESIAN_POINT('',(10.,-15.,-1.989123673797));
#74 = CARTESIAN_POINT('',(9.5,-2.787806930848E-15,-1.889667490107));
#75 = CARTESIAN_POINT('',(9.,15.,-1.790211306417));
#76 = CARTESIAN_POINT('',(10.,-15.,-4.142135623731));
#77 = CARTESIAN_POINT('',(9.5,-2.560726204132E-15,-3.935028842544));
#78 = CARTESIAN_POINT('',(9.,15.,-3.727922061358));
#79 = DEFINITIONAL_REPRESENTATION('',(#80),#84);
#80 = LINE('',#81,#82);
#81 = CARTESIAN_POINT('',(1.,0.));
#82 = VECTOR('',#83,1.);
#83 = DIRECTION('',(0.,1.));
#84 = ( GEOMETRIC_REPRESENTATION_CONTEXT(2) 
PARAMETRIC_REPRESENTATION_CONTEXT() REPRESENTATION_CONTEXT('2D SPACE',''
  ) );
#85 = ORIENTED_EDGE('',*,*,#86,.F.);
#86 = EDGE_CURVE('',#87,#57,#89,.T.);
#87 = VERTEX_POINT('',#88);
#88 = CARTESIAN_POINT('',(9.,15.,1.665334536938E-15));
#89 = SURFACE_CURVE('',#90,(#93,#100),.PCURVE_S1.);
#90 = B_SPLINE_CURVE_WITH_KNOTS('',1,(#91,#92),.UNSPECIFIED.,.F.,.F.,(2,
    2),(0.,1.),.PIECEWISE_BEZIER_KNOTS.);
#91 = CARTESIAN_POINT('',(9.,15.,1.665334536938E-15));
#92 = CARTESIAN_POINT('',(9.,15.,-1.790211306417));
#93 = PCURVE('',#31,#94);
#94 = DEFINITIONAL_REPRESENTATION('',(#95),#99);
#95 = LINE('',#96,#97);
#96 = CARTESIAN_POINT('',(0.,1.));
#97 = VECTOR('',#98,1.);
#98 = DIRECTION('',(1.,0.));
#99 = ( GEOMETRIC_REPRESENTATION_CONTEXT(2) 
PARAMETRIC_REPRESENTATION_CONTEXT() REPRESENTATION_CONTEXT('2D SPACE',''
  ) );
#100 = PCURVE('',#101,#106);
#101 = PLANE('',#102);
#102 = AXIS2_PLACEMENT_3D('',#103,#104,#105);
#103 = CARTESIAN_POINT('',(9.,15.,1.665334536938E-15));
#104 = DIRECTION('',(0.,-1.,-1.110223024625E-16));
#105 = DIRECTION('',(-0.894427191,-4.965068306495E-17,0.4472135955));
#106 = DEFINITIONAL_REPRESENTATION('',(#107),#110);
#107 = B_SPLINE_CURVE_WITH_KNOTS('',1,(#108,#109),.UNSPECIFIED.,.F.,.F.,
  (2,2),(0.,1.),.PIECEWISE_BEZIER_KNOTS.);
#108 = CARTESIAN_POINT('',(0.,0.));
#109 = CARTESIAN_POINT('',(-0.800606835047,1.601213670095));
#110 = ( GEOMETRIC_REPRESENTATION_CONTEXT(2) 
PARAMETRIC_REPRESENTATION_CONTEXT() REPRESENTATION_CONTEXT('2D SPACE',''
  ) );
#111 = ORIENTED_EDGE('',*,*,#112,.F.);
#112 = EDGE_CURVE('',#22,#87,#113,.T.);
#113 = SURFACE_CURVE('',#114,(#118,#125),.PCURVE_S1.);
#114 = B_SPLINE_CURVE_WITH_KNOTS('',2,(#115,#116,#117),.UNSPECIFIED.,.F.
  ,.F.,(3,3),(0.,1.),.PIECEWISE_BEZIER_KNOTS.);
#115 = CARTESIAN_POINT('',(10.,-15.,-1.665334536938E-15));
#116 = CARTESIAN_POINT('',(9.5,-2.997602166488E-15,-3.328006943901E-31)
  );
#117 = CARTESIAN_POINT('',(9.,15.,1.665334536938E-15));
#118 = PCURVE('',#31,#119);
#119 = DEFINITIONAL_REPRESENTATION('',(#120),#124);
#120 = LINE('',#121,#122);
#121 = CARTESIAN_POINT('',(0.,0.));
#122 = VECTOR('',#123,1.);
#123 = DIRECTION('',(0.,1.));
#124 = ( GEOMETRIC_REPRESENTATION_CONTEXT(2) 
PARAMETRIC_REPRESENTATION_CONTEXT() REPRESENTATION_CONTEXT('2D SPACE',''
  ) );
#125 = PCURVE('',#126,#133);
#126 = B_SPLINE_SURFACE_WITH_KNOTS('',1,2,(
    (#127,#128,#129)
    ,(#130,#131,#132
    )),.UNSPECIFIED.,.F.,.F.,.F.,(2,2),(3,3),(31.,32.),(0.,1.),
  .PIECEWISE_BEZIER_KNOTS.);
#127 = CARTESIAN_POINT('',(10.,-15.,1.989123673797));
#128 = CARTESIAN_POINT('',(9.5,-3.207397402128E-15,1.889667490107));
#129 = CARTESIAN_POINT('',(9.,15.,1.790211306417));
#130 = CARTESIAN_POINT('',(10.,-15.,-1.665334536938E-15));
#131 = CARTESIAN_POINT('',(9.5,-2.997602166488E-15,-3.328006943901E-31)
  );
#132 = CARTESIAN_POINT('',(9.,15.,1.665334536938E-15));
#133 = DEFINITIONAL_REPRESENTATION('',(#134),#138);
#134 = LINE('',#135,#136);
#135 = CARTESIAN_POINT('',(32.,0.));
#136 = VECTOR('',#137,1.);
#137 = DIRECTION('',(0.,1.));
#138 = ( GEOMETRIC_REPRESENTATION_CONTEXT(2) 
PARAMETRIC_REPRESENTATION_CONTEXT() REPRESENTATION_CONTEXT('2D SPACE',''
  ) );
#139 = ADVANCED_FACE('',(#140),#72,.T.);
#140 = FACE_BOUND('',#141,.T.);
#141 = EDGE_LOOP('',(#142,#163,#193,#212));
#142 = ORIENTED_EDGE('',*,*,#143,.T.);
#143 = EDGE_CURVE('',#24,#144,#146,.T.);
#144 = VERTEX_POINT('',#145);
#145 = CARTESIAN_POINT('',(10.,-15.,-4.142135623731));
#146 = SURFACE_CURVE('',#147,(#150,#157),.PCURVE_S1.);
#147 = B_SPLINE_CURVE_WITH_KNOTS('',1,(#148,#149),.UNSPECIFIED.,.F.,.F.,
  (2,2),(1.,2.),.PIECEWISE_BEZIER_KNOTS.);
#148 = CARTESIAN_POINT('',(10.,-15.,-1.989123673797));
#149 = CARTESIAN_POINT('',(10.,-15.,-4.142135623731));
#150 = PCURVE('',#72,#151);
#151 = DEFINITIONAL_REPRESENTATION('',(#152),#156);
#152 = LINE('',#153,#154);
#153 = CARTESIAN_POINT('',(0.,0.));
#154 = VECTOR('',#155,1.);
#155 = DIRECTION('',(1.,0.));
#156 = ( GEOMETRIC_REPRESENTATION_CONTEXT(2) 
PARAMETRIC_REPRESENTATION_CONTEXT() REPRESENTATION_CONTEXT('2D SPACE',''
  ) );
#157 = PCURVE('',#45,#158);
#158 = DEFINITIONAL_REPRESENTATION('',(#159),#162);
#159 = B_SPLINE_CURVE_WITH_KNOTS('',1,(#160,#161),.UNSPECIFIED.,.F.,.F.,
  (2,2),(1.,2.),.PIECEWISE_BEZIER_KNOTS.);
#160 = CARTESIAN_POINT('',(-0.889563150053,1.779126300105));
#161 = CARTESIAN_POINT('',(-1.852419365337,3.704838730674));
#162 = ( GEOMETRIC_REPRESENTATION_CONTEXT(2) 
PARAMETRIC_REPRESENTATION_CONTEXT() REPRESENTATION_CONTEXT('2D SPACE',''
  ) );
#163 = ORIENTED_EDGE('',*,*,#164,.T.);
#164 = EDGE_CURVE('',#144,#165,#167,.T.);
#165 = VERTEX_POINT('',#166);
#166 = CARTESIAN_POINT('',(9.,15.,-3.727922061358));
#167 = SURFACE_CURVE('',#168,(#172,#179),.PCURVE_S1.);
#168 = B_SPLINE_CURVE_WITH_KNOTS('',2,(#169,#170,#171),.UNSPECIFIED.,.F.
  ,.F.,(3,3),(0.,1.),.PIECEWISE_BEZIER_KNOTS.);
#169 = CARTESIAN_POINT('',(10.,-15.,-4.142135623731));
#170 = CARTESIAN_POINT('',(9.5,-2.560726204132E-15,-3.935028842544));
#171 = CARTESIAN_POINT('',(9.,15.,-3.727922061358));
#172 = PCURVE('',#72,#173);
#173 = DEFINITIONAL_REPRESENTATION('',(#174),#178);
#174 = LINE('',#175,#176);
#175 = CARTESIAN_POINT('',(2.,0.));
#176 = VECTOR('',#177,1.);
#177 = DIRECTION('',(0.,1.));
#178 = ( GEOMETRIC_REPRESENTATION_CONTEXT(2) 
PARAMETRIC_REPRESENTATION_CONTEXT() REPRESENTATION_CONTEXT('2D SPACE',''
  ) );
#179 = PCURVE('',#180,#187);
#180 = B_SPLINE_SURFACE_WITH_KNOTS('',1,2,(
    (#181,#182,#183)
    ,(#184,#185,#186
    )),.UNSPECIFIED.,.F.,.F.,.F.,(2,2),(3,3),(2.,3.),(0.,1.),
  .PIECEWISE_BEZIER_KNOTS.);
#181 = CARTESIAN_POINT('',(10.,-15.,-4.142135623731));
#182 = CARTESIAN_POINT('',(9.5,-2.560726204132E-15,-3.935028842544));
#183 = CARTESIAN_POINT('',(9.,15.,-3.727922061358));
#184 = CARTESIAN_POINT('',(10.,-15.,-6.681786379193));
#185 = CARTESIAN_POINT('',(9.5,-2.292866223526E-15,-6.347697060233));
#186 = CARTESIAN_POINT('',(9.,15.,-6.013607741274));
#187 = DEFINITIONAL_REPRESENTATION('',(#188),#192);
#188 = LINE('',#189,#190);
#189 = CARTESIAN_POINT('',(2.,0.));
#190 = VECTOR('',#191,1.);
#191 = DIRECTION('',(0.,1.));
#192 = ( GEOMETRIC_REPRESENTATION_CONTEXT(2) 
PARAMETRIC_REPRESENTATION_CONTEXT() REPRESENTATION_CONTEXT('2D SPACE',''
  ) );
#193 = ORIENTED_EDGE('',*,*,#194,.F.);
#194 = EDGE_CURVE('',#57,#165,#195,.T.);
#195 = SURFACE_CURVE('',#196,(#199,#206),.PCURVE_S1.);
#196 = B_SPLINE_CURVE_WITH_KNOTS('',1,(#197,#198),.UNSPECIFIED.,.F.,.F.,
  (2,2),(1.,2.),.PIECEWISE_BEZIER_KNOTS.);
#197 = CARTESIAN_POINT('',(9.,15.,-1.790211306417));
#198 = CARTESIAN_POINT('',(9.,15.,-3.727922061358));
#199 = PCURVE('',#72,#200);
#200 = DEFINITIONAL_REPRESENTATION('',(#201),#205);
#201 = LINE('',#202,#203);
#202 = CARTESIAN_POINT('',(0.,1.));
#203 = VECTOR('',#204,1.);
#204 = DIRECTION('',(1.,0.));
#205 = ( GEOMETRIC_REPRESENTATION_CONTEXT(2) 
PARAMETRIC_REPRESENTATION_CONTEXT() REPRESENTATION_CONTEXT('2D SPACE',''
  ) );
#206 = PCURVE('',#101,#207);
#207 = DEFINITIONAL_REPRESENTATION('',(#208),#211);
#208 = B_SPLINE_CURVE_WITH_KNOTS('',1,(#209,#210),.UNSPECIFIED.,.F.,.F.,
  (2,2),(1.,2.),.PIECEWISE_BEZIER_KNOTS.);
#209 = CARTESIAN_POINT('',(-0.800606835047,1.601213670095));
#210 = CARTESIAN_POINT('',(-1.667177428803,3.334354857607));
#211 = ( GEOMETRIC_REPRESENTATION_CONTEXT(2) 
PARAMETRIC_REPRESENTATION_CONTEXT() REPRESENTATION_CONTEXT('2D SPACE',''
  ) );
#212 = ORIENTED_EDGE('',*,*,#56,.F.);
#213 = ADVANCED_FACE('',(#214),#180,.T.);
#214 = FACE_BOUND('',#215,.T.);
#215 = EDGE_LOOP('',(#216,#237,#267,#286));
#216 = ORIENTED_EDGE('',*,*,#217,.T.);
#217 = EDGE_CURVE('',#144,#218,#220,.T.);
#218 = VERTEX_POINT('',#219);
#219 = CARTESIAN_POINT('',(10.,-15.,-6.681786379193));
#220 = SURFACE_CURVE('',#221,(#224,#231),.PCURVE_S1.);
#221 = B_SPLINE_CURVE_WITH_KNOTS('',1,(#222,#223),.UNSPECIFIED.,.F.,.F.,
  (2,2),(2.,3.),.PIECEWISE_BEZIER_KNOTS.);
#222 = CARTESIAN_POINT('',(10.,-15.,-4.142135623731));
#223 = CARTESIAN_POINT('',(10.,-15.,-6.681786379193));
#224 = PCURVE('',#180,#225);
#225 = DEFINITIONAL_REPRESENTATION('',(#226),#230);
#226 = LINE('',#227,#228);
#227 = CARTESIAN_POINT('',(0.,0.));
#228 = VECTOR('',#229,1.);
#229 = DIRECTION('',(1.,0.));
#230 = ( GEOMETRIC_REPRESENTATION_CONTEXT(2) 
PARAMETRIC_REPRESENTATION_CONTEXT() REPRESENTATION_CONTEXT('2D SPACE',''
  ) );
#231 = PCURVE('',#45,#232);
#232 = DEFINITIONAL_REPRESENTATION('',(#233),#236);
#233 = B_SPLINE_CURVE_WITH_KNOTS('',1,(#234,#235),.UNSPECIFIED.,.F.,.F.,
  (2,2),(2.,3.),.PIECEWISE_BEZIER_KNOTS.);
#234 = CARTESIAN_POINT('',(-1.852419365337,3.704838730674));
#235 = CARTESIAN_POINT('',(-2.988185711002,5.976371422003));
#236 = ( GEOMETRIC_REPRESENTATION_CONTEXT(2) 
PARAMETRIC_REPRESENTATION_CONTEXT() REPRESENTATION_CONTEXT('2D SPACE',''
  ) );
#237 = ORIENTED_EDGE('',*,*,#238,.T.);
#238 = EDGE_CURVE('',#218,#239,#241,.T.);
#239 = VERTEX_POINT('',#240);
#240 = CARTESIAN_POINT('',(9.,15.,-6.013607741274));
#241 = SURFACE_CURVE('',#242,(#246,#253),.PCURVE_S1.);
#242 = B_SPLINE_CURVE_WITH_KNOTS('',2,(#243,#244,#245),.UNSPECIFIED.,.F.
  ,.F.,(3,3),(0.,1.),.PIECEWISE_BEZIER_KNOTS.);
#243 = CARTESIAN_POINT('',(10.,-15.,-6.681786379193));
#244 = CARTESIAN_POINT('',(9.5,-2.292866223526E-15,-6.347697060233));
#245 = CARTESIAN_POINT('',(9.,15.,-6.013607741274));
#246 = PCURVE('',#180,#247);
#247 = DEFINITIONAL_REPRESENTATION('',(#248),#252);
#248 = LINE('',#249,#250);
#249 = CARTESIAN_POINT('',(3.,0.));
#250 = VECTOR('',#251,1.);
#251 = DIRECTION('',(0.,1.));
#252 = ( GEOMETRIC_REPRESENTATION_CONTEXT(2) 
PARAMETRIC_REPRESENTATION_CONTEXT() REPRESENTATION_CONTEXT('2D SPACE',''
  ) );
#253 = PCURVE('',#254,#261);
#254 = B_SPLINE_SURFACE_WITH_KNOTS('',1,2,(
    (#255,#256,#257)
    ,(#258,#259,#260
    )),.UNSPECIFIED.,.F.,.F.,.F.,(2,2),(3,3),(3.,4.),(0.,1.),
  .PIECEWISE_BEZIER_KNOTS.);
#255 = CARTESIAN_POINT('',(10.,-15.,-6.681786379193));
#256 = CARTESIAN_POINT('',(9.5,-2.292866223526E-15,-6.347697060233));
#257 = CARTESIAN_POINT('',(9.,15.,-6.013607741274));
#258 = CARTESIAN_POINT('',(10.,-15.,-10.));
#259 = CARTESIAN_POINT('',(9.5,-1.942890293094E-15,-9.5));
#260 = CARTESIAN_POINT('',(9.,15.,-9.));
#261 = DEFINITIONAL_REPRESENTATION('',(#262),#266);
#262 = LINE('',#263,#264);
#263 = CARTESIAN_POINT('',(3.,0.));
#264 = VECTOR('',#265,1.);
#265 = DIRECTION('',(0.,1.));
#266 = ( GEOMETRIC_REPRESENTATION_CONTEXT(2) 
PARAMETRIC_REPRESENTATION_CONTEXT() REPRESENTATION_CONTEXT('2D SPACE',''
  ) );
#267 = ORIENTED_EDGE('',*,*,#268,.F.);
#268 = EDGE_CURVE('',#165,#239,#269,.T.);
#269 = SURFACE_CURVE('',#270,(#273,#280),.PCURVE_S1.);
#270 = B_SPLINE_CURVE_WITH_KNOTS('',1,(#271,#272),.UNSPECIFIED.,.F.,.F.,
  (2,2),(2.,3.),.PIECEWISE_BEZIER_KNOTS.);
#271 = CARTESIAN_POINT('',(9.,15.,-3.727922061358));
#272 = CARTESIAN_POINT('',(9.,15.,-6.013607741274));
#273 = PCURVE('',#180,#274);
#274 = DEFINITIONAL_REPRESENTATION('',(#275),#279);
#275 = LINE('',#276,#277);
#276 = CARTESIAN_POINT('',(0.,1.));
#277 = VECTOR('',#278,1.);
#278 = DIRECTION('',(1.,0.));
#279 = ( GEOMETRIC_REPRESENTATION_CONTEXT(2) 
PARAMETRIC_REPRESENTATION_CONTEXT() REPRESENTATION_CONTEXT('2D SPACE',''
  ) );
#280 = PCURVE('',#101,#281);
#281 = DEFINITIONAL_REPRESENTATION('',(#282),#285);
#282 = B_SPLINE_CURVE_WITH_KNOTS('',1,(#283,#284),.UNSPECIFIED.,.F.,.F.,
  (2,2),(2.,3.),.PIECEWISE_BEZIER_KNOTS.);
#283 = CARTESIAN_POINT('',(-1.667177428803,3.334354857607));
#284 = CARTESIAN_POINT('',(-2.689367139901,5.378734279803));
#285 = ( GEOMETRIC_REPRESENTATION_CONTEXT(2) 
PARAMETRIC_REPRESENTATION_CONTEXT() REPRESENTATION_CONTEXT('2D SPACE',''
  ) );
#286 = ORIENTED_EDGE('',*,*,#164,.F.);
#287 = ADVANCED_FACE('',(#288),#254,.T.);
#288 = FACE_BOUND('',#289,.T.);
#289 = EDGE_LOOP('',(#290,#311,#341,#360));
#290 = ORIENTED_EDGE('',*,*,#291,.T.);
#291 = EDGE_CURVE('',#218,#292,#294,.T.);
#292 = VERTEX_POINT('',#293);
#293 = CARTESIAN_POINT('',(10.,-15.,-10.));
#294 = SURFACE_CURVE('',#295,(#298,#305),.PCURVE_S1.);
#295 = B_SPLINE_CURVE_WITH_KNOTS('',1,(#296,#297),.UNSPECIFIED.,.F.,.F.,
  (2,2),(3.,4.),.PIECEWISE_BEZIER_KNOTS.);
#296 = CARTESIAN_POINT('',(10.,-15.,-6.681786379193));
#297 = CARTESIAN_POINT('',(10.,-15.,-10.));
#298 = PCURVE('',#254,#299);
#299 = DEFINITIONAL_REPRESENTATION('',(#300),#304);
#300 = LINE('',#301,#302);
#301 = CARTESIAN_POINT('',(0.,0.));
#302 = VECTOR('',#303,1.);
#303 = DIRECTION('',(1.,0.));
#304 = ( GEOMETRIC_REPRESENTATION_CONTEXT(2) 
PARAMETRIC_REPRESENTATION_CONTEXT() REPRESENTATION_CONTEXT('2D SPACE',''
  ) );
#305 = PCURVE('',#45,#306);
#306 = DEFINITIONAL_REPRESENTATION('',(#307),#310);
#307 = B_SPLINE_CURVE_WITH_KNOTS('',1,(#308,#309),.UNSPECIFIED.,.F.,.F.,
  (2,2),(3.,4.),.PIECEWISE_BEZIER_KNOTS.);
#308 = CARTESIAN_POINT('',(-2.988185711002,5.976371422003));
#309 = CARTESIAN_POINT('',(-4.472135955,8.944271909999));
#310 = ( GEOMETRIC_REPRESENTATION_CONTEXT(2) 
PARAMETRIC_REPRESENTATION_CONTEXT() REPRESENTATION_CONTEXT('2D SPACE',''
  ) );
#311 = ORIENTED_EDGE('',*,*,#312,.T.);
#312 = EDGE_CURVE('',#292,#313,#315,.T.);
#313 = VERTEX_POINT('',#314);
#314 = CARTESIAN_POINT('',(9.,15.,-9.));
#315 = SURFACE_CURVE('',#316,(#320,#327),.PCURVE_S1.);
#316 = B_SPLINE_CURVE_WITH_KNOTS('',2,(#317,#318,#319),.UNSPECIFIED.,.F.
  ,.F.,(3,3),(0.,1.),.PIECEWISE_BEZIER_KNOTS.);
#317 = CARTESIAN_POINT('',(10.,-15.,-10.));
#318 = CARTESIAN_POINT('',(9.5,-1.942890293094E-15,-9.5));
#319 = CARTESIAN_POINT('',(9.,15.,-9.));
#320 = PCURVE('',#254,#321);
#321 = DEFINITIONAL_REPRESENTATION('',(#322),#326);
#322 = LINE('',#323,#324);
#323 = CARTESIAN_POINT('',(4.,0.));
#324 = VECTOR('',#325,1.);
#325 = DIRECTION('',(0.,1.));
#326 = ( GEOMETRIC_REPRESENTATION_CONTEXT(2) 
PARAMETRIC_REPRESENTATION_CONTEXT() REPRESENTATION_CONTEXT('2D SPACE',''
  ) );
#327 = PCURVE('',#328,#335);
#328 = B_SPLINE_SURFACE_WITH_KNOTS('',1,2,(
    (#329,#330,#331)
    ,(#332,#333,#334
    )),.UNSPECIFIED.,.F.,.F.,.F.,(2,2),(3,3),(4.,5.),(0.,1.),
  .PIECEWISE_BEZIER_KNOTS.);
#329 = CARTESIAN_POINT('',(10.,-15.,-10.));
#330 = CARTESIAN_POINT('',(9.5,-1.942890293094E-15,-9.5));
#331 = CARTESIAN_POINT('',(9.,15.,-9.));
#332 = CARTESIAN_POINT('',(6.681786379193,-15.,-10.));
#333 = CARTESIAN_POINT('',(6.347697060233,-1.942890293094E-15,-9.5));
#334 = CARTESIAN_POINT('',(6.013607741274,15.,-9.));
#335 = DEFINITIONAL_REPRESENTATION('',(#336),#340);
#336 = LINE('',#337,#338);
#337 = CARTESIAN_POINT('',(4.,0.));
#338 = VECTOR('',#339,1.);
#339 = DIRECTION('',(0.,1.));
#340 = ( GEOMETRIC_REPRESENTATION_CONTEXT(2) 
PARAMETRIC_REPRESENTATION_CONTEXT() REPRESENTATION_CONTEXT('2D SPACE',''
  ) );
#341 = ORIENTED_EDGE('',*,*,#342,.F.);
#342 = EDGE_CURVE('',#239,#313,#343,.T.);
#343 = SURFACE_CURVE('',#344,(#347,#354),.PCURVE_S1.);
#344 = B_SPLINE_CURVE_WITH_KNOTS('',1,(#345,#346),.UNSPECIFIED.,.F.,.F.,
  (2,2),(3.,4.),.PIECEWISE_BEZIER_KNOTS.);
#345 = CARTESIAN_POINT('',(9.,15.,-6.013607741274));
#346 = CARTESIAN_POINT('',(9.,15.,-9.));
#347 = PCURVE('',#254,#348);
#348 = DEFINITIONAL_REPRESENTATION('',(#349),#353);
#349 = LINE('',#350,#351);
#350 = CARTESIAN_POINT('',(0.,1.));
#351 = VECTOR('',#352,1.);
#352 = DIRECTION('',(1.,0.));
#353 = ( GEOMETRIC_REPRESENTATION_CONTEXT(2) 
PARAMETRIC_REPRESENTATION_CONTEXT() REPRESENTATION_CONTEXT('2D SPACE',''
  ) );
#354 = PCURVE('',#101,#355);
#355 = DEFINITIONAL_REPRESENTATION('',(#356),#359);
#356 = B_SPLINE_CURVE_WITH_KNOTS('',1,(#357,#358),.UNSPECIFIED.,.F.,.F.,
  (2,2),(3.,4.),.PIECEWISE_BEZIER_KNOTS.);
#357 = CARTESIAN_POINT('',(-2.689367139901,5.378734279803));
#358 = CARTESIAN_POINT('',(-4.0249223595,8.049844718999));
#359 = ( GEOMETRIC_REPRESENTATION_CONTEXT(2) 
PARAMETRIC_REPRESENTATION_CONTEXT() REPRESENTATION_CONTEXT('2D SPACE',''
  ) );
#360 = ORIENTED_EDGE('',*,*,#238,.F.);
#361 = ADVANCED_FACE('',(#362),#328,.T.);
#362 = FACE_BOUND('',#363,.T.);
#363 = EDGE_LOOP('',(#364,#385,#415,#434));
#364 = ORIENTED_EDGE('',*,*,#365,.T.);
#365 = EDGE_CURVE('',#292,#366,#368,.T.);
#366 = VERTEX_POINT('',#367);
#367 = CARTESIAN_POINT('',(6.681786379193,-15.,-10.));
#368 = SURFACE_CURVE('',#369,(#372,#379),.PCURVE_S1.);
#369 = B_SPLINE_CURVE_WITH_KNOTS('',1,(#370,#371),.UNSPECIFIED.,.F.,.F.,
  (2,2),(4.,5.),.PIECEWISE_BEZIER_KNOTS.);
#370 = CARTESIAN_POINT('',(10.,-15.,-10.));
#371 = CARTESIAN_POINT('',(6.681786379193,-15.,-10.));
#372 = PCURVE('',#328,#373);
#373 = DEFINITIONAL_REPRESENTATION('',(#374),#378);
#374 = LINE('',#375,#376);
#375 = CARTESIAN_POINT('',(0.,0.));
#376 = VECTOR('',#377,1.);
#377 = DIRECTION('',(1.,0.));
#378 = ( GEOMETRIC_REPRESENTATION_CONTEXT(2) 
PARAMETRIC_REPRESENTATION_CONTEXT() REPRESENTATION_CONTEXT('2D SPACE',''
  ) );
#379 = PCURVE('',#45,#380);
#380 = DEFINITIONAL_REPRESENTATION('',(#381),#384);
#381 = B_SPLINE_CURVE_WITH_KNOTS('',1,(#382,#383),.UNSPECIFIED.,.F.,.F.,
  (2,2),(4.,5.),.PIECEWISE_BEZIER_KNOTS.);
#382 = CARTESIAN_POINT('',(-4.472135955,8.944271909999));
#383 = CARTESIAN_POINT('',(-1.504235467004,10.428222153997));
#384 = ( GEOMETRIC_REPRESENTATION_CONTEXT(2) 
PARAMETRIC_REPRESENTATION_CONTEXT() REPRESENTATION_CONTEXT('2D SPACE',''
  ) );
#385 = ORIENTED_EDGE('',*,*,#386,.T.);
#386 = EDGE_CURVE('',#366,#387,#389,.T.);
#387 = VERTEX_POINT('',#388);
#388 = CARTESIAN_POINT('',(6.013607741274,15.,-9.));
#389 = SURFACE_CURVE('',#390,(#394,#401),.PCURVE_S1.);
#390 = B_SPLINE_CURVE_WITH_KNOTS('',2,(#391,#392,#393),.UNSPECIFIED.,.F.
  ,.F.,(3,3),(0.,1.),.PIECEWISE_BEZIER_KNOTS.);
#391 = CARTESIAN_POINT('',(6.681786379193,-15.,-10.));
#392 = CARTESIAN_POINT('',(6.347697060233,-1.942890293094E-15,-9.5));
#393 = CARTESIAN_POINT('',(6.013607741274,15.,-9.));
#394 = PCURVE('',#328,#395);
#395 = DEFINITIONAL_REPRESENTATION('',(#396),#400);
#396 = LINE('',#397,#398);
#397 = CARTESIAN_POINT('',(5.,0.));
#398 = VECTOR('',#399,1.);
#399 = DIRECTION('',(0.,1.));
#400 = ( GEOMETRIC_REPRESENTATION_CONTEXT(2) 
PARAMETRIC_REPRESENTATION_CONTEXT() REPRESENTATION_CONTEXT('2D SPACE',''
  ) );
#401 = PCURVE('',#402,#409);
#402 = B_SPLINE_SURFACE_WITH_KNOTS('',1,2,(
    (#403,#404,#405)
    ,(#406,#407,#408
    )),.UNSPECIFIED.,.F.,.F.,.F.,(2,2),(3,3),(5.,6.),(0.,1.),
  .PIECEWISE_BEZIER_KNOTS.);
#403 = CARTESIAN_POINT('',(6.681786379193,-15.,-10.));
#404 = CARTESIAN_POINT('',(6.347697060233,-1.942890293094E-15,-9.5));
#405 = CARTESIAN_POINT('',(6.013607741274,15.,-9.));
#406 = CARTESIAN_POINT('',(4.142135623731,-15.,-10.));
#407 = CARTESIAN_POINT('',(3.935028842544,-1.942890293094E-15,-9.5));
#408 = CARTESIAN_POINT('',(3.727922061358,15.,-9.));
#409 = DEFINITIONAL_REPRESENTATION('',(#410),#414);
#410 = LINE('',#411,#412);
#411 = CARTESIAN_POINT('',(5.,0.));
#412 = VECTOR('',#413,1.);
#413 = DIRECTION('',(0.,1.));
#414 = ( GEOMETRIC_REPRESENTATION_CONTEXT(2) 
PARAMETRIC_REPRESENTATION_CONTEXT() REPRESENTATION_CONTEXT('2D SPACE',''
  ) );
#415 = ORIENTED_EDGE('',*,*,#416,.F.);
#416 = EDGE_CURVE('',#313,#387,#417,.T.);
#417 = SURFACE_CURVE('',#418,(#421,#428),.PCURVE_S1.);
#418 = B_SPLINE_CURVE_WITH_KNOTS('',1,(#419,#420),.UNSPECIFIED.,.F.,.F.,
  (2,2),(4.,5.),.PIECEWISE_BEZIER_KNOTS.);
#419 = CARTESIAN_POINT('',(9.,15.,-9.));
#420 = CARTESIAN_POINT('',(6.013607741274,15.,-9.));
#421 = PCURVE('',#328,#422);
#422 = DEFINITIONAL_REPRESENTATION('',(#423),#427);
#423 = LINE('',#424,#425);
#424 = CARTESIAN_POINT('',(0.,1.));
#425 = VECTOR('',#426,1.);
#426 = DIRECTION('',(1.,0.));
#427 = ( GEOMETRIC_REPRESENTATION_CONTEXT(2) 
PARAMETRIC_REPRESENTATION_CONTEXT() REPRESENTATION_CONTEXT('2D SPACE',''
  ) );
#428 = PCURVE('',#101,#429);
#429 = DEFINITIONAL_REPRESENTATION('',(#430),#433);
#430 = B_SPLINE_CURVE_WITH_KNOTS('',1,(#431,#432),.UNSPECIFIED.,.F.,.F.,
  (2,2),(4.,5.),.PIECEWISE_BEZIER_KNOTS.);
#431 = CARTESIAN_POINT('',(-4.0249223595,8.049844718999));
#432 = CARTESIAN_POINT('',(-1.353811920303,9.385399938597));
#433 = ( GEOMETRIC_REPRESENTATION_CONTEXT(2) 
PARAMETRIC_REPRESENTATION_CONTEXT() REPRESENTATION_CONTEXT('2D SPACE',''
  ) );
#434 = ORIENTED_EDGE('',*,*,#312,.F.);
#435 = ADVANCED_FACE('',(#436),#402,.T.);
#436 = FACE_BOUND('',#437,.T.);
#437 = EDGE_LOOP('',(#438,#459,#489,#508));
#438 = ORIENTED_EDGE('',*,*,#439,.T.);
#439 = EDGE_CURVE('',#366,#440,#442,.T.);
#440 = VERTEX_POINT('',#441);
#441 = CARTESIAN_POINT('',(4.142135623731,-15.,-10.));
#442 = SURFACE_CURVE('',#443,(#446,#453),.PCURVE_S1.);
#443 = B_SPLINE_CURVE_WITH_KNOTS('',1,(#444,#445),.UNSPECIFIED.,.F.,.F.,
  (2,2),(5.,6.),.PIECEWISE_BEZIER_KNOTS.);
#444 = CARTESIAN_POINT('',(6.681786379193,-15.,-10.));
#445 = CARTESIAN_POINT('',(4.142135623731,-15.,-10.));
#446 = PCURVE('',#402,#447);
#447 = DEFINITIONAL_REPRESENTATION('',(#448),#452);
#448 = LINE('',#449,#450);
#449 = CARTESIAN_POINT('',(0.,0.));
#450 = VECTOR('',#451,1.);
#451 = DIRECTION('',(1.,0.));
#452 = ( GEOMETRIC_REPRESENTATION_CONTEXT(2) 
PARAMETRIC_REPRESENTATION_CONTEXT() REPRESENTATION_CONTEXT('2D SPACE',''
  ) );
#453 = PCURVE('',#45,#454);
#454 = DEFINITIONAL_REPRESENTATION('',(#455),#458);
#455 = B_SPLINE_CURVE_WITH_KNOTS('',1,(#456,#457),.UNSPECIFIED.,.F.,.F.,
  (2,2),(5.,6.),.PIECEWISE_BEZIER_KNOTS.);
#456 = CARTESIAN_POINT('',(-1.504235467004,10.428222153997));
#457 = CARTESIAN_POINT('',(0.767297224325,11.563988499662));
#458 = ( GEOMETRIC_REPRESENTATION_CONTEXT(2) 
PARAMETRIC_REPRESENTATION_CONTEXT() REPRESENTATION_CONTEXT('2D SPACE',''
  ) );
#459 = ORIENTED_EDGE('',*,*,#460,.T.);
#460 = EDGE_CURVE('',#440,#461,#463,.T.);
#461 = VERTEX_POINT('',#462);
#462 = CARTESIAN_POINT('',(3.727922061358,15.,-9.));
#463 = SURFACE_CURVE('',#464,(#468,#475),.PCURVE_S1.);
#464 = B_SPLINE_CURVE_WITH_KNOTS('',2,(#465,#466,#467),.UNSPECIFIED.,.F.
  ,.F.,(3,3),(0.,1.),.PIECEWISE_BEZIER_KNOTS.);
#465 = CARTESIAN_POINT('',(4.142135623731,-15.,-10.));
#466 = CARTESIAN_POINT('',(3.935028842544,-1.942890293094E-15,-9.5));
#467 = CARTESIAN_POINT('',(3.727922061358,15.,-9.));
#468 = PCURVE('',#402,#469);
#469 = DEFINITIONAL_REPRESENTATION('',(#470),#474);
#470 = LINE('',#471,#472);
#471 = CARTESIAN_POINT('',(6.,0.));
#472 = VECTOR('',#473,1.);
#473 = DIRECTION('',(0.,1.));
#474 = ( GEOMETRIC_REPRESENTATION_CONTEXT(2) 
PARAMETRIC_REPRESENTATION_CONTEXT() REPRESENTATION_CONTEXT('2D SPACE',''
  ) );
#475 = PCURVE('',#476,#483);
#476 = B_SPLINE_SURFACE_WITH_KNOTS('',1,2,(
    (#477,#478,#479)
    ,(#480,#481,#482
    )),.UNSPECIFIED.,.F.,.F.,.F.,(2,2),(3,3),(6.,7.),(0.,1.),
  .PIECEWISE_BEZIER_KNOTS.);
#477 = CARTESIAN_POINT('',(4.142135623731,-15.,-10.));
#478 = CARTESIAN_POINT('',(3.935028842544,-1.942890293094E-15,-9.5));
#479 = CARTESIAN_POINT('',(3.727922061358,15.,-9.));
#480 = CARTESIAN_POINT('',(1.989123673797,-15.,-10.));
#481 = CARTESIAN_POINT('',(1.889667490107,-1.942890293094E-15,-9.5));
#482 = CARTESIAN_POINT('',(1.790211306417,15.,-9.));
#483 = DEFINITIONAL_REPRESENTATION('',(#484),#488);
#484 = LINE('',#485,#486);
#485 = CARTESIAN_POINT('',(6.,0.));
#486 = VECTOR('',#487,1.);
#487 = DIRECTION('',(0.,1.));
#488 = ( GEOMETRIC_REPRESENTATION_CONTEXT(2) 
PARAMETRIC_REPRESENTATION_CONTEXT() REPRESENTATION_CONTEXT('2D SPACE',''
  ) );
#489 = ORIENTED_EDGE('',*,*,#490,.F.);
#490 = EDGE_CURVE('',#387,#461,#491,.T.);
#491 = SURFACE_CURVE('',#492,(#495,#502),.PCURVE_S1.);
#492 = B_SPLINE_CURVE_WITH_KNOTS('',1,(#493,#494),.UNSPECIFIED.,.F.,.F.,
  (2,2),(5.,6.),.PIECEWISE_BEZIER_KNOTS.);
#493 = CARTESIAN_POINT('',(6.013607741274,15.,-9.));
#494 = CARTESIAN_POINT('',(3.727922061358,15.,-9.));
#495 = PCURVE('',#402,#496);
#496 = DEFINITIONAL_REPRESENTATION('',(#497),#501);
#497 = LINE('',#498,#499);
#498 = CARTESIAN_POINT('',(0.,1.));
#499 = VECTOR('',#500,1.);
#500 = DIRECTION('',(1.,0.));
#501 = ( GEOMETRIC_REPRESENTATION_CONTEXT(2) 
PARAMETRIC_REPRESENTATION_CONTEXT() REPRESENTATION_CONTEXT('2D SPACE',''
  ) );
#502 = PCURVE('',#101,#503);
#503 = DEFINITIONAL_REPRESENTATION('',(#504),#507);
#504 = B_SPLINE_CURVE_WITH_KNOTS('',1,(#505,#506),.UNSPECIFIED.,.F.,.F.,
  (2,2),(5.,6.),.PIECEWISE_BEZIER_KNOTS.);
#505 = CARTESIAN_POINT('',(-1.353811920303,9.385399938597));
#506 = CARTESIAN_POINT('',(0.690567501893,10.407589649695));
#507 = ( GEOMETRIC_REPRESENTATION_CONTEXT(2) 
PARAMETRIC_REPRESENTATION_CONTEXT() REPRESENTATION_CONTEXT('2D SPACE',''
  ) );
#508 = ORIENTED_EDGE('',*,*,#386,.F.);
#509 = ADVANCED_FACE('',(#510),#476,.T.);
#510 = FACE_BOUND('',#511,.T.);
#511 = EDGE_LOOP('',(#512,#533,#563,#582));
#512 = ORIENTED_EDGE('',*,*,#513,.T.);
#513 = EDGE_CURVE('',#440,#514,#516,.T.);
#514 = VERTEX_POINT('',#515);
#515 = CARTESIAN_POINT('',(1.989123673797,-15.,-10.));
#516 = SURFACE_CURVE('',#517,(#520,#527),.PCURVE_S1.);
#517 = B_SPLINE_CURVE_WITH_KNOTS('',1,(#518,#519),.UNSPECIFIED.,.F.,.F.,
  (2,2),(6.,7.),.PIECEWISE_BEZIER_KNOTS.);
#518 = CARTESIAN_POINT('',(4.142135623731,-15.,-10.));
#519 = CARTESIAN_POINT('',(1.989123673797,-15.,-10.));
#520 = PCURVE('',#476,#521);
#521 = DEFINITIONAL_REPRESENTATION('',(#522),#526);
#522 = LINE('',#523,#524);
#523 = CARTESIAN_POINT('',(0.,0.));
#524 = VECTOR('',#525,1.);
#525 = DIRECTION('',(1.,0.));
#526 = ( GEOMETRIC_REPRESENTATION_CONTEXT(2) 
PARAMETRIC_REPRESENTATION_CONTEXT() REPRESENTATION_CONTEXT('2D SPACE',''
  ) );
#527 = PCURVE('',#45,#528);
#528 = DEFINITIONAL_REPRESENTATION('',(#529),#532);
#529 = B_SPLINE_CURVE_WITH_KNOTS('',1,(#530,#531),.UNSPECIFIED.,.F.,.F.,
  (2,2),(6.,7.),.PIECEWISE_BEZIER_KNOTS.);
#530 = CARTESIAN_POINT('',(0.767297224325,11.563988499662));
#531 = CARTESIAN_POINT('',(2.693009654894,12.526844714946));
#532 = ( GEOMETRIC_REPRESENTATION_CONTEXT(2) 
PARAMETRIC_REPRESENTATION_CONTEXT() REPRESENTATION_CONTEXT('2D SPACE',''
  ) );
#533 = ORIENTED_EDGE('',*,*,#534,.T.);
#534 = EDGE_CURVE('',#514,#535,#537,.T.);
#535 = VERTEX_POINT('',#536);
#536 = CARTESIAN_POINT('',(1.790211306417,15.,-9.));
#537 = SURFACE_CURVE('',#538,(#542,#549),.PCURVE_S1.);
#538 = B_SPLINE_CURVE_WITH_KNOTS('',2,(#539,#540,#541),.UNSPECIFIED.,.F.
  ,.F.,(3,3),(0.,1.),.PIECEWISE_BEZIER_KNOTS.);
#539 = CARTESIAN_POINT('',(1.989123673797,-15.,-10.));
#540 = CARTESIAN_POINT('',(1.889667490107,-1.942890293094E-15,-9.5));
#541 = CARTESIAN_POINT('',(1.790211306417,15.,-9.));
#542 = PCURVE('',#476,#543);
#543 = DEFINITIONAL_REPRESENTATION('',(#544),#548);
#544 = LINE('',#545,#546);
#545 = CARTESIAN_POINT('',(7.,0.));
#546 = VECTOR('',#547,1.);
#547 = DIRECTION('',(0.,1.));
#548 = ( GEOMETRIC_REPRESENTATION_CONTEXT(2) 
PARAMETRIC_REPRESENTATION_CONTEXT() REPRESENTATION_CONTEXT('2D SPACE',''
  ) );
#549 = PCURVE('',#550,#557);
#550 = B_SPLINE_SURFACE_WITH_KNOTS('',1,2,(
    (#551,#552,#553)
    ,(#554,#555,#556
    )),.UNSPECIFIED.,.F.,.F.,.F.,(2,2),(3,3),(7.,8.),(0.,1.),
  .PIECEWISE_BEZIER_KNOTS.);
#551 = CARTESIAN_POINT('',(1.989123673797,-15.,-10.));
#552 = CARTESIAN_POINT('',(1.889667490107,-1.942890293094E-15,-9.5));
#553 = CARTESIAN_POINT('',(1.790211306417,15.,-9.));
#554 = CARTESIAN_POINT('',(6.123233995737E-16,-15.,-10.));
#555 = CARTESIAN_POINT('',(5.81707229595E-16,-1.942890293094E-15,-9.5));
#556 = CARTESIAN_POINT('',(5.510910596163E-16,15.,-9.));
#557 = DEFINITIONAL_REPRESENTATION('',(#558),#562);
#558 = LINE('',#559,#560);
#559 = CARTESIAN_POINT('',(7.,0.));
#560 = VECTOR('',#561,1.);
#561 = DIRECTION('',(0.,1.));
#562 = ( GEOMETRIC_REPRESENTATION_CONTEXT(2) 
PARAMETRIC_REPRESENTATION_CONTEXT() REPRESENTATION_CONTEXT('2D SPACE',''
  ) );
#563 = ORIENTED_EDGE('',*,*,#564,.F.);
#564 = EDGE_CURVE('',#461,#535,#565,.T.);
#565 = SURFACE_CURVE('',#566,(#569,#576),.PCURVE_S1.);
#566 = B_SPLINE_CURVE_WITH_KNOTS('',1,(#567,#568),.UNSPECIFIED.,.F.,.F.,
  (2,2),(6.,7.),.PIECEWISE_BEZIER_KNOTS.);
#567 = CARTESIAN_POINT('',(3.727922061358,15.,-9.));
#568 = CARTESIAN_POINT('',(1.790211306417,15.,-9.));
#569 = PCURVE('',#476,#570);
#570 = DEFINITIONAL_REPRESENTATION('',(#571),#575);
#571 = LINE('',#572,#573);
#572 = CARTESIAN_POINT('',(0.,1.));
#573 = VECTOR('',#574,1.);
#574 = DIRECTION('',(1.,0.));
#575 = ( GEOMETRIC_REPRESENTATION_CONTEXT(2) 
PARAMETRIC_REPRESENTATION_CONTEXT() REPRESENTATION_CONTEXT('2D SPACE',''
  ) );
#576 = PCURVE('',#101,#577);
#577 = DEFINITIONAL_REPRESENTATION('',(#578),#581);
#578 = B_SPLINE_CURVE_WITH_KNOTS('',1,(#579,#580),.UNSPECIFIED.,.F.,.F.,
  (2,2),(6.,7.),.PIECEWISE_BEZIER_KNOTS.);
#579 = CARTESIAN_POINT('',(0.690567501893,10.407589649695));
#580 = CARTESIAN_POINT('',(2.423708689405,11.274160243451));
#581 = ( GEOMETRIC_REPRESENTATION_CONTEXT(2) 
PARAMETRIC_REPRESENTATION_CONTEXT() REPRESENTATION_CONTEXT('2D SPACE',''
  ) );
#582 = ORIENTED_EDGE('',*,*,#460,.F.);
#583 = ADVANCED_FACE('',(#584),#550,.T.);
#584 = FACE_BOUND('',#585,.T.);
#585 = EDGE_LOOP('',(#586,#607,#637,#656));
#586 = ORIENTED_EDGE('',*,*,#587,.T.);
#587 = EDGE_CURVE('',#514,#588,#590,.T.);
#588 = VERTEX_POINT('',#589);
#589 = CARTESIAN_POINT('',(6.392286070498E-16,-15.,-10.));
#590 = SURFACE_CURVE('',#591,(#594,#601),.PCURVE_S1.);
#591 = B_SPLINE_CURVE_WITH_KNOTS('',1,(#592,#593),.UNSPECIFIED.,.F.,.F.,
  (2,2),(7.,8.),.PIECEWISE_BEZIER_KNOTS.);
#592 = CARTESIAN_POINT('',(1.989123673797,-15.,-10.));
#593 = CARTESIAN_POINT('',(6.123233995737E-16,-15.,-10.));
#594 = PCURVE('',#550,#595);
#595 = DEFINITIONAL_REPRESENTATION('',(#596),#600);
#596 = LINE('',#597,#598);
#597 = CARTESIAN_POINT('',(0.,0.));
#598 = VECTOR('',#599,1.);
#599 = DIRECTION('',(1.,0.));
#600 = ( GEOMETRIC_REPRESENTATION_CONTEXT(2) 
PARAMETRIC_REPRESENTATION_CONTEXT() REPRESENTATION_CONTEXT('2D SPACE',''
  ) );
#601 = PCURVE('',#45,#602);
#602 = DEFINITIONAL_REPRESENTATION('',(#603),#606);
#603 = B_SPLINE_CURVE_WITH_KNOTS('',1,(#604,#605),.UNSPECIFIED.,.F.,.F.,
  (2,2),(7.,8.),.PIECEWISE_BEZIER_KNOTS.);
#604 = CARTESIAN_POINT('',(2.693009654894,12.526844714946));
#605 = CARTESIAN_POINT('',(4.472135955,13.416407864999));
#606 = ( GEOMETRIC_REPRESENTATION_CONTEXT(2) 
PARAMETRIC_REPRESENTATION_CONTEXT() REPRESENTATION_CONTEXT('2D SPACE',''
  ) );
#607 = ORIENTED_EDGE('',*,*,#608,.T.);
#608 = EDGE_CURVE('',#588,#609,#611,.T.);
#609 = VERTEX_POINT('',#610);
#610 = CARTESIAN_POINT('',(4.975901293271E-16,15.,-9.));
#611 = SURFACE_CURVE('',#612,(#616,#623),.PCURVE_S1.);
#612 = B_SPLINE_CURVE_WITH_KNOTS('',2,(#613,#614,#615),.UNSPECIFIED.,.F.
  ,.F.,(3,3),(0.,1.),.PIECEWISE_BEZIER_KNOTS.);
#613 = CARTESIAN_POINT('',(6.123233995737E-16,-15.,-10.));
#614 = CARTESIAN_POINT('',(5.81707229595E-16,-1.942890293094E-15,-9.5));
#615 = CARTESIAN_POINT('',(5.510910596163E-16,15.,-9.));
#616 = PCURVE('',#550,#617);
#617 = DEFINITIONAL_REPRESENTATION('',(#618),#622);
#618 = LINE('',#619,#620);
#619 = CARTESIAN_POINT('',(8.,0.));
#620 = VECTOR('',#621,1.);
#621 = DIRECTION('',(0.,1.));
#622 = ( GEOMETRIC_REPRESENTATION_CONTEXT(2) 
PARAMETRIC_REPRESENTATION_CONTEXT() REPRESENTATION_CONTEXT('2D SPACE',''
  ) );
#623 = PCURVE('',#624,#631);
#624 = B_SPLINE_SURFACE_WITH_KNOTS('',1,2,(
    (#625,#626,#627)
    ,(#628,#629,#630
    )),.UNSPECIFIED.,.F.,.F.,.F.,(2,2),(3,3),(8.,9.),(0.,1.),
  .PIECEWISE_BEZIER_KNOTS.);
#625 = CARTESIAN_POINT('',(6.123233995737E-16,-15.,-10.));
#626 = CARTESIAN_POINT('',(5.81707229595E-16,-1.942890293094E-15,-9.5));
#627 = CARTESIAN_POINT('',(5.510910596163E-16,15.,-9.));
#628 = CARTESIAN_POINT('',(-1.989123673797,-15.,-10.));
#629 = CARTESIAN_POINT('',(-1.889667490107,-1.942890293094E-15,-9.5));
#630 = CARTESIAN_POINT('',(-1.790211306417,15.,-9.));
#631 = DEFINITIONAL_REPRESENTATION('',(#632),#636);
#632 = LINE('',#633,#634);
#633 = CARTESIAN_POINT('',(8.,0.));
#634 = VECTOR('',#635,1.);
#635 = DIRECTION('',(0.,1.));
#636 = ( GEOMETRIC_REPRESENTATION_CONTEXT(2) 
PARAMETRIC_REPRESENTATION_CONTEXT() REPRESENTATION_CONTEXT('2D SPACE',''
  ) );
#637 = ORIENTED_EDGE('',*,*,#638,.F.);
#638 = EDGE_CURVE('',#535,#609,#639,.T.);
#639 = SURFACE_CURVE('',#640,(#643,#650),.PCURVE_S1.);
#640 = B_SPLINE_CURVE_WITH_KNOTS('',1,(#641,#642),.UNSPECIFIED.,.F.,.F.,
  (2,2),(7.,8.),.PIECEWISE_BEZIER_KNOTS.);
#641 = CARTESIAN_POINT('',(1.790211306417,15.,-9.));
#642 = CARTESIAN_POINT('',(5.510910596163E-16,15.,-9.));
#643 = PCURVE('',#550,#644);
#644 = DEFINITIONAL_REPRESENTATION('',(#645),#649);
#645 = LINE('',#646,#647);
#646 = CARTESIAN_POINT('',(0.,1.));
#647 = VECTOR('',#648,1.);
#648 = DIRECTION('',(1.,0.));
#649 = ( GEOMETRIC_REPRESENTATION_CONTEXT(2) 
PARAMETRIC_REPRESENTATION_CONTEXT() REPRESENTATION_CONTEXT('2D SPACE',''
  ) );
#650 = PCURVE('',#101,#651);
#651 = DEFINITIONAL_REPRESENTATION('',(#652),#655);
#652 = B_SPLINE_CURVE_WITH_KNOTS('',1,(#653,#654),.UNSPECIFIED.,.F.,.F.,
  (2,2),(7.,8.),.PIECEWISE_BEZIER_KNOTS.);
#653 = CARTESIAN_POINT('',(2.423708689405,11.274160243451));
#654 = CARTESIAN_POINT('',(4.0249223595,12.074767078499));
#655 = ( GEOMETRIC_REPRESENTATION_CONTEXT(2) 
PARAMETRIC_REPRESENTATION_CONTEXT() REPRESENTATION_CONTEXT('2D SPACE',''
  ) );
#656 = ORIENTED_EDGE('',*,*,#534,.F.);
#657 = ADVANCED_FACE('',(#658),#624,.T.);
#658 = FACE_BOUND('',#659,.T.);
#659 = EDGE_LOOP('',(#660,#681,#711,#730));
#660 = ORIENTED_EDGE('',*,*,#661,.T.);
#661 = EDGE_CURVE('',#588,#662,#664,.T.);
#662 = VERTEX_POINT('',#663);
#663 = CARTESIAN_POINT('',(-1.989123673797,-15.,-10.));
#664 = SURFACE_CURVE('',#665,(#668,#675),.PCURVE_S1.);
#665 = B_SPLINE_CURVE_WITH_KNOTS('',1,(#666,#667),.UNSPECIFIED.,.F.,.F.,
  (2,2),(8.,9.),.PIECEWISE_BEZIER_KNOTS.);
#666 = CARTESIAN_POINT('',(6.123233995737E-16,-15.,-10.));
#667 = CARTESIAN_POINT('',(-1.989123673797,-15.,-10.));
#668 = PCURVE('',#624,#669);
#669 = DEFINITIONAL_REPRESENTATION('',(#670),#674);
#670 = LINE('',#671,#672);
#671 = CARTESIAN_POINT('',(0.,0.));
#672 = VECTOR('',#673,1.);
#673 = DIRECTION('',(1.,0.));
#674 = ( GEOMETRIC_REPRESENTATION_CONTEXT(2) 
PARAMETRIC_REPRESENTATION_CONTEXT() REPRESENTATION_CONTEXT('2D SPACE',''
  ) );
#675 = PCURVE('',#45,#676);
#676 = DEFINITIONAL_REPRESENTATION('',(#677),#680);
#677 = B_SPLINE_CURVE_WITH_KNOTS('',1,(#678,#679),.UNSPECIFIED.,.F.,.F.,
  (2,2),(8.,9.),.PIECEWISE_BEZIER_KNOTS.);
#678 = CARTESIAN_POINT('',(4.472135955,13.416407864999));
#679 = CARTESIAN_POINT('',(6.251262255105,14.305971015051));
#680 = ( GEOMETRIC_REPRESENTATION_CONTEXT(2) 
PARAMETRIC_REPRESENTATION_CONTEXT() REPRESENTATION_CONTEXT('2D SPACE',''
  ) );
#681 = ORIENTED_EDGE('',*,*,#682,.T.);
#682 = EDGE_CURVE('',#662,#683,#685,.T.);
#683 = VERTEX_POINT('',#684);
#684 = CARTESIAN_POINT('',(-1.790211306417,15.,-9.));
#685 = SURFACE_CURVE('',#686,(#690,#697),.PCURVE_S1.);
#686 = B_SPLINE_CURVE_WITH_KNOTS('',2,(#687,#688,#689),.UNSPECIFIED.,.F.
  ,.F.,(3,3),(0.,1.),.PIECEWISE_BEZIER_KNOTS.);
#687 = CARTESIAN_POINT('',(-1.989123673797,-15.,-10.));
#688 = CARTESIAN_POINT('',(-1.889667490107,-1.942890293094E-15,-9.5));
#689 = CARTESIAN_POINT('',(-1.790211306417,15.,-9.));
#690 = PCURVE('',#624,#691);
#691 = DEFINITIONAL_REPRESENTATION('',(#692),#696);
#692 = LINE('',#693,#694);
#693 = CARTESIAN_POINT('',(9.,0.));
#694 = VECTOR('',#695,1.);
#695 = DIRECTION('',(0.,1.));
#696 = ( GEOMETRIC_REPRESENTATION_CONTEXT(2) 
PARAMETRIC_REPRESENTATION_CONTEXT() REPRESENTATION_CONTEXT('2D SPACE',''
  ) );
#697 = PCURVE('',#698,#705);
#698 = B_SPLINE_SURFACE_WITH_KNOTS('',1,2,(
    (#699,#700,#701)
    ,(#702,#703,#704
    )),.UNSPECIFIED.,.F.,.F.,.F.,(2,2),(3,3),(9.,10.),(0.,1.),
  .PIECEWISE_BEZIER_KNOTS.);
#699 = CARTESIAN_POINT('',(-1.989123673797,-15.,-10.));
#700 = CARTESIAN_POINT('',(-1.889667490107,-1.942890293094E-15,-9.5));
#701 = CARTESIAN_POINT('',(-1.790211306417,15.,-9.));
#702 = CARTESIAN_POINT('',(-4.142135623731,-15.,-10.));
#703 = CARTESIAN_POINT('',(-3.935028842544,-1.942890293094E-15,-9.5));
#704 = CARTESIAN_POINT('',(-3.727922061358,15.,-9.));
#705 = DEFINITIONAL_REPRESENTATION('',(#706),#710);
#706 = LINE('',#707,#708);
#707 = CARTESIAN_POINT('',(9.,0.));
#708 = VECTOR('',#709,1.);
#709 = DIRECTION('',(0.,1.));
#710 = ( GEOMETRIC_REPRESENTATION_CONTEXT(2) 
PARAMETRIC_REPRESENTATION_CONTEXT() REPRESENTATION_CONTEXT('2D SPACE',''
  ) );
#711 = ORIENTED_EDGE('',*,*,#712,.F.);
#712 = EDGE_CURVE('',#609,#683,#713,.T.);
#713 = SURFACE_CURVE('',#714,(#717,#724),.PCURVE_S1.);
#714 = B_SPLINE_CURVE_WITH_KNOTS('',1,(#715,#716),.UNSPECIFIED.,.F.,.F.,
  (2,2),(8.,9.),.PIECEWISE_BEZIER_KNOTS.);
#715 = CARTESIAN_POINT('',(5.510910596163E-16,15.,-9.));
#716 = CARTESIAN_POINT('',(-1.790211306417,15.,-9.));
#717 = PCURVE('',#624,#718);
#718 = DEFINITIONAL_REPRESENTATION('',(#719),#723);
#719 = LINE('',#720,#721);
#720 = CARTESIAN_POINT('',(0.,1.));
#721 = VECTOR('',#722,1.);
#722 = DIRECTION('',(1.,0.));
#723 = ( GEOMETRIC_REPRESENTATION_CONTEXT(2) 
PARAMETRIC_REPRESENTATION_CONTEXT() REPRESENTATION_CONTEXT('2D SPACE',''
  ) );
#724 = PCURVE('',#101,#725);
#725 = DEFINITIONAL_REPRESENTATION('',(#726),#729);
#726 = B_SPLINE_CURVE_WITH_KNOTS('',1,(#727,#728),.UNSPECIFIED.,.F.,.F.,
  (2,2),(8.,9.),.PIECEWISE_BEZIER_KNOTS.);
#727 = CARTESIAN_POINT('',(4.0249223595,12.074767078499));
#728 = CARTESIAN_POINT('',(5.626136029594,12.875373913546));
#729 = ( GEOMETRIC_REPRESENTATION_CONTEXT(2) 
PARAMETRIC_REPRESENTATION_CONTEXT() REPRESENTATION_CONTEXT('2D SPACE',''
  ) );
#730 = ORIENTED_EDGE('',*,*,#608,.F.);
#731 = ADVANCED_FACE('',(#732),#698,.T.);
#732 = FACE_BOUND('',#733,.T.);
#733 = EDGE_LOOP('',(#734,#755,#785,#804));
#734 = ORIENTED_EDGE('',*,*,#735,.T.);
#735 = EDGE_CURVE('',#662,#736,#738,.T.);
#736 = VERTEX_POINT('',#737);
#737 = CARTESIAN_POINT('',(-4.142135623731,-15.,-10.));
#738 = SURFACE_CURVE('',#739,(#742,#749),.PCURVE_S1.);
#739 = B_SPLINE_CURVE_WITH_KNOTS('',1,(#740,#741),.UNSPECIFIED.,.F.,.F.,
  (2,2),(9.,10.),.PIECEWISE_BEZIER_KNOTS.);
#740 = CARTESIAN_POINT('',(-1.989123673797,-15.,-10.));
#741 = CARTESIAN_POINT('',(-4.142135623731,-15.,-10.));
#742 = PCURVE('',#698,#743);
#743 = DEFINITIONAL_REPRESENTATION('',(#744),#748);
#744 = LINE('',#745,#746);
#745 = CARTESIAN_POINT('',(0.,0.));
#746 = VECTOR('',#747,1.);
#747 = DIRECTION('',(1.,0.));
#748 = ( GEOMETRIC_REPRESENTATION_CONTEXT(2) 
PARAMETRIC_REPRESENTATION_CONTEXT() REPRESENTATION_CONTEXT('2D SPACE',''
  ) );
#749 = PCURVE('',#45,#750);
#750 = DEFINITIONAL_REPRESENTATION('',(#751),#754);
#751 = B_SPLINE_CURVE_WITH_KNOTS('',1,(#752,#753),.UNSPECIFIED.,.F.,.F.,
  (2,2),(9.,10.),.PIECEWISE_BEZIER_KNOTS.);
#752 = CARTESIAN_POINT('',(6.251262255105,14.305971015051));
#753 = CARTESIAN_POINT('',(8.176974685674,15.268827230336));
#754 = ( GEOMETRIC_REPRESENTATION_CONTEXT(2) 
PARAMETRIC_REPRESENTATION_CONTEXT() REPRESENTATION_CONTEXT('2D SPACE',''
  ) );
#755 = ORIENTED_EDGE('',*,*,#756,.T.);
#756 = EDGE_CURVE('',#736,#757,#759,.T.);
#757 = VERTEX_POINT('',#758);
#758 = CARTESIAN_POINT('',(-3.727922061358,15.,-9.));
#759 = SURFACE_CURVE('',#760,(#764,#771),.PCURVE_S1.);
#760 = B_SPLINE_CURVE_WITH_KNOTS('',2,(#761,#762,#763),.UNSPECIFIED.,.F.
  ,.F.,(3,3),(0.,1.),.PIECEWISE_BEZIER_KNOTS.);
#761 = CARTESIAN_POINT('',(-4.142135623731,-15.,-10.));
#762 = CARTESIAN_POINT('',(-3.935028842544,-1.942890293094E-15,-9.5));
#763 = CARTESIAN_POINT('',(-3.727922061358,15.,-9.));
#764 = PCURVE('',#698,#765);
#765 = DEFINITIONAL_REPRESENTATION('',(#766),#770);
#766 = LINE('',#767,#768);
#767 = CARTESIAN_POINT('',(10.,0.));
#768 = VECTOR('',#769,1.);
#769 = DIRECTION('',(0.,1.));
#770 = ( GEOMETRIC_REPRESENTATION_CONTEXT(2) 
PARAMETRIC_REPRESENTATION_CONTEXT() REPRESENTATION_CONTEXT('2D SPACE',''
  ) );
#771 = PCURVE('',#772,#779);
#772 = B_SPLINE_SURFACE_WITH_KNOTS('',1,2,(
    (#773,#774,#775)
    ,(#776,#777,#778
    )),.UNSPECIFIED.,.F.,.F.,.F.,(2,2),(3,3),(10.,11.),(0.,1.),
  .PIECEWISE_BEZIER_KNOTS.);
#773 = CARTESIAN_POINT('',(-4.142135623731,-15.,-10.));
#774 = CARTESIAN_POINT('',(-3.935028842544,-1.942890293094E-15,-9.5));
#775 = CARTESIAN_POINT('',(-3.727922061358,15.,-9.));
#776 = CARTESIAN_POINT('',(-6.681786379193,-15.,-10.));
#777 = CARTESIAN_POINT('',(-6.347697060233,-1.942890293094E-15,-9.5));
#778 = CARTESIAN_POINT('',(-6.013607741274,15.,-9.));
#779 = DEFINITIONAL_REPRESENTATION('',(#780),#784);
#780 = LINE('',#781,#782);
#781 = CARTESIAN_POINT('',(10.,0.));
#782 = VECTOR('',#783,1.);
#783 = DIRECTION('',(0.,1.));
#784 = ( GEOMETRIC_REPRESENTATION_CONTEXT(2) 
PARAMETRIC_REPRESENTATION_CONTEXT() REPRESENTATION_CONTEXT('2D SPACE',''
  ) );
#785 = ORIENTED_EDGE('',*,*,#786,.F.);
#786 = EDGE_CURVE('',#683,#757,#787,.T.);
#787 = SURFACE_CURVE('',#788,(#791,#798),.PCURVE_S1.);
#788 = B_SPLINE_CURVE_WITH_KNOTS('',1,(#789,#790),.UNSPECIFIED.,.F.,.F.,
  (2,2),(9.,10.),.PIECEWISE_BEZIER_KNOTS.);
#789 = CARTESIAN_POINT('',(-1.790211306417,15.,-9.));
#790 = CARTESIAN_POINT('',(-3.727922061358,15.,-9.));
#791 = PCURVE('',#698,#792);
#792 = DEFINITIONAL_REPRESENTATION('',(#793),#797);
#793 = LINE('',#794,#795);
#794 = CARTESIAN_POINT('',(0.,1.));
#795 = VECTOR('',#796,1.);
#796 = DIRECTION('',(1.,0.));
#797 = ( GEOMETRIC_REPRESENTATION_CONTEXT(2) 
PARAMETRIC_REPRESENTATION_CONTEXT() REPRESENTATION_CONTEXT('2D SPACE',''
  ) );
#798 = PCURVE('',#101,#799);
#799 = DEFINITIONAL_REPRESENTATION('',(#800),#803);
#800 = B_SPLINE_CURVE_WITH_KNOTS('',1,(#801,#802),.UNSPECIFIED.,.F.,.F.,
  (2,2),(9.,10.),.PIECEWISE_BEZIER_KNOTS.);
#801 = CARTESIAN_POINT('',(5.626136029594,12.875373913546));
#802 = CARTESIAN_POINT('',(7.359277217107,13.741944507302));
#803 = ( GEOMETRIC_REPRESENTATION_CONTEXT(2) 
PARAMETRIC_REPRESENTATION_CONTEXT() REPRESENTATION_CONTEXT('2D SPACE',''
  ) );
#804 = ORIENTED_EDGE('',*,*,#682,.F.);
#805 = ADVANCED_FACE('',(#806),#772,.T.);
#806 = FACE_BOUND('',#807,.T.);
#807 = EDGE_LOOP('',(#808,#829,#859,#878));
#808 = ORIENTED_EDGE('',*,*,#809,.T.);
#809 = EDGE_CURVE('',#736,#810,#812,.T.);
#810 = VERTEX_POINT('',#811);
#811 = CARTESIAN_POINT('',(-6.681786379193,-15.,-10.));
#812 = SURFACE_CURVE('',#813,(#816,#823),.PCURVE_S1.);
#813 = B_SPLINE_CURVE_WITH_KNOTS('',1,(#814,#815),.UNSPECIFIED.,.F.,.F.,
  (2,2),(10.,11.),.PIECEWISE_BEZIER_KNOTS.);
#814 = CARTESIAN_POINT('',(-4.142135623731,-15.,-10.));
#815 = CARTESIAN_POINT('',(-6.681786379193,-15.,-10.));
#816 = PCURVE('',#772,#817);
#817 = DEFINITIONAL_REPRESENTATION('',(#818),#822);
#818 = LINE('',#819,#820);
#819 = CARTESIAN_POINT('',(0.,0.));
#820 = VECTOR('',#821,1.);
#821 = DIRECTION('',(1.,0.));
#822 = ( GEOMETRIC_REPRESENTATION_CONTEXT(2) 
PARAMETRIC_REPRESENTATION_CONTEXT() REPRESENTATION_CONTEXT('2D SPACE',''
  ) );
#823 = PCURVE('',#45,#824);
#824 = DEFINITIONAL_REPRESENTATION('',(#825),#828);
#825 = B_SPLINE_CURVE_WITH_KNOTS('',1,(#826,#827),.UNSPECIFIED.,.F.,.F.,
  (2,2),(10.,11.),.PIECEWISE_BEZIER_KNOTS.);
#826 = CARTESIAN_POINT('',(8.176974685674,15.268827230336));
#827 = CARTESIAN_POINT('',(10.448507377003,16.404593576));
#828 = ( GEOMETRIC_REPRESENTATION_CONTEXT(2) 
PARAMETRIC_REPRESENTATION_CONTEXT() REPRESENTATION_CONTEXT('2D SPACE',''
  ) );
#829 = ORIENTED_EDGE('',*,*,#830,.T.);
#830 = EDGE_CURVE('',#810,#831,#833,.T.);
#831 = VERTEX_POINT('',#832);
#832 = CARTESIAN_POINT('',(-6.013607741274,15.,-9.));
#833 = SURFACE_CURVE('',#834,(#838,#845),.PCURVE_S1.);
#834 = B_SPLINE_CURVE_WITH_KNOTS('',2,(#835,#836,#837),.UNSPECIFIED.,.F.
  ,.F.,(3,3),(0.,1.),.PIECEWISE_BEZIER_KNOTS.);
#835 = CARTESIAN_POINT('',(-6.681786379193,-15.,-10.));
#836 = CARTESIAN_POINT('',(-6.347697060233,-1.942890293094E-15,-9.5));
#837 = CARTESIAN_POINT('',(-6.013607741274,15.,-9.));
#838 = PCURVE('',#772,#839);
#839 = DEFINITIONAL_REPRESENTATION('',(#840),#844);
#840 = LINE('',#841,#842);
#841 = CARTESIAN_POINT('',(11.,0.));
#842 = VECTOR('',#843,1.);
#843 = DIRECTION('',(0.,1.));
#844 = ( GEOMETRIC_REPRESENTATION_CONTEXT(2) 
PARAMETRIC_REPRESENTATION_CONTEXT() REPRESENTATION_CONTEXT('2D SPACE',''
  ) );
#845 = PCURVE('',#846,#853);
#846 = B_SPLINE_SURFACE_WITH_KNOTS('',1,2,(
    (#847,#848,#849)
    ,(#850,#851,#852
    )),.UNSPECIFIED.,.F.,.F.,.F.,(2,2),(3,3),(11.,12.),(0.,1.),
  .PIECEWISE_BEZIER_KNOTS.);
#847 = CARTESIAN_POINT('',(-6.681786379193,-15.,-10.));
#848 = CARTESIAN_POINT('',(-6.347697060233,-1.942890293094E-15,-9.5));
#849 = CARTESIAN_POINT('',(-6.013607741274,15.,-9.));
#850 = CARTESIAN_POINT('',(-10.,-15.,-10.));
#851 = CARTESIAN_POINT('',(-9.5,-1.942890293094E-15,-9.5));
#852 = CARTESIAN_POINT('',(-9.,15.,-9.));
#853 = DEFINITIONAL_REPRESENTATION('',(#854),#858);
#854 = LINE('',#855,#856);
#855 = CARTESIAN_POINT('',(11.,0.));
#856 = VECTOR('',#857,1.);
#857 = DIRECTION('',(0.,1.));
#858 = ( GEOMETRIC_REPRESENTATION_CONTEXT(2) 
PARAMETRIC_REPRESENTATION_CONTEXT() REPRESENTATION_CONTEXT('2D SPACE',''
  ) );
#859 = ORIENTED_EDGE('',*,*,#860,.F.);
#860 = EDGE_CURVE('',#757,#831,#861,.T.);
#861 = SURFACE_CURVE('',#862,(#865,#872),.PCURVE_S1.);
#862 = B_SPLINE_CURVE_WITH_KNOTS('',1,(#863,#864),.UNSPECIFIED.,.F.,.F.,
  (2,2),(10.,11.),.PIECEWISE_BEZIER_KNOTS.);
#863 = CARTESIAN_POINT('',(-3.727922061358,15.,-9.));
#864 = CARTESIAN_POINT('',(-6.013607741274,15.,-9.));
#865 = PCURVE('',#772,#866);
#866 = DEFINITIONAL_REPRESENTATION('',(#867),#871);
#867 = LINE('',#868,#869);
#868 = CARTESIAN_POINT('',(0.,1.));
#869 = VECTOR('',#870,1.);
#870 = DIRECTION('',(1.,0.));
#871 = ( GEOMETRIC_REPRESENTATION_CONTEXT(2) 
PARAMETRIC_REPRESENTATION_CONTEXT() REPRESENTATION_CONTEXT('2D SPACE',''
  ) );
#872 = PCURVE('',#101,#873);
#873 = DEFINITIONAL_REPRESENTATION('',(#874),#877);
#874 = B_SPLINE_CURVE_WITH_KNOTS('',1,(#875,#876),.UNSPECIFIED.,.F.,.F.,
  (2,2),(10.,11.),.PIECEWISE_BEZIER_KNOTS.);
#875 = CARTESIAN_POINT('',(7.359277217107,13.741944507302));
#876 = CARTESIAN_POINT('',(9.403656639302,14.7641342184));
#877 = ( GEOMETRIC_REPRESENTATION_CONTEXT(2) 
PARAMETRIC_REPRESENTATION_CONTEXT() REPRESENTATION_CONTEXT('2D SPACE',''
  ) );
#878 = ORIENTED_EDGE('',*,*,#756,.F.);
#879 = ADVANCED_FACE('',(#880),#846,.T.);
#880 = FACE_BOUND('',#881,.T.);
#881 = EDGE_LOOP('',(#882,#903,#933,#952));
#882 = ORIENTED_EDGE('',*,*,#883,.T.);
#883 = EDGE_CURVE('',#810,#884,#886,.T.);
#884 = VERTEX_POINT('',#885);
#885 = CARTESIAN_POINT('',(-10.,-15.,-10.));
#886 = SURFACE_CURVE('',#887,(#890,#897),.PCURVE_S1.);
#887 = B_SPLINE_CURVE_WITH_KNOTS('',1,(#888,#889),.UNSPECIFIED.,.F.,.F.,
  (2,2),(11.,12.),.PIECEWISE_BEZIER_KNOTS.);
#888 = CARTESIAN_POINT('',(-6.681786379193,-15.,-10.));
#889 = CARTESIAN_POINT('',(-10.,-15.,-10.));
#890 = PCURVE('',#846,#891);
#891 = DEFINITIONAL_REPRESENTATION('',(#892),#896);
#892 = LINE('',#893,#894);
#893 = CARTESIAN_POINT('',(0.,0.));
#894 = VECTOR('',#895,1.);
#895 = DIRECTION('',(1.,0.));
#896 = ( GEOMETRIC_REPRESENTATION_CONTEXT(2) 
PARAMETRIC_REPRESENTATION_CONTEXT() REPRESENTATION_CONTEXT('2D SPACE',''
  ) );
#897 = PCURVE('',#45,#898);
#898 = DEFINITIONAL_REPRESENTATION('',(#899),#902);
#899 = B_SPLINE_CURVE_WITH_KNOTS('',1,(#900,#901),.UNSPECIFIED.,.F.,.F.,
  (2,2),(11.,12.),.PIECEWISE_BEZIER_KNOTS.);
#900 = CARTESIAN_POINT('',(10.448507377003,16.404593576));
#901 = CARTESIAN_POINT('',(13.416407864999,17.888543819998));
#902 = ( GEOMETRIC_REPRESENTATION_CONTEXT(2) 
PARAMETRIC_REPRESENTATION_CONTEXT() REPRESENTATION_CONTEXT('2D SPACE',''
  ) );
#903 = ORIENTED_EDGE('',*,*,#904,.T.);
#904 = EDGE_CURVE('',#884,#905,#907,.T.);
#905 = VERTEX_POINT('',#906);
#906 = CARTESIAN_POINT('',(-9.,15.,-9.));
#907 = SURFACE_CURVE('',#908,(#912,#919),.PCURVE_S1.);
#908 = B_SPLINE_CURVE_WITH_KNOTS('',2,(#909,#910,#911),.UNSPECIFIED.,.F.
  ,.F.,(3,3),(0.,1.),.PIECEWISE_BEZIER_KNOTS.);
#909 = CARTESIAN_POINT('',(-10.,-15.,-10.));
#910 = CARTESIAN_POINT('',(-9.5,-1.942890293094E-15,-9.5));
#911 = CARTESIAN_POINT('',(-9.,15.,-9.));
#912 = PCURVE('',#846,#913);
#913 = DEFINITIONAL_REPRESENTATION('',(#914),#918);
#914 = LINE('',#915,#916);
#915 = CARTESIAN_POINT('',(12.,0.));
#916 = VECTOR('',#917,1.);
#917 = DIRECTION('',(0.,1.));
#918 = ( GEOMETRIC_REPRESENTATION_CONTEXT(2) 
PARAMETRIC_REPRESENTATION_CONTEXT() REPRESENTATION_CONTEXT('2D SPACE',''
  ) );
#919 = PCURVE('',#920,#927);
#920 = B_SPLINE_SURFACE_WITH_KNOTS('',1,2,(
    (#921,#922,#923)
    ,(#924,#925,#926
    )),.UNSPECIFIED.,.F.,.F.,.F.,(2,2),(3,3),(12.,13.),(0.,1.),
  .PIECEWISE_BEZIER_KNOTS.);
#921 = CARTESIAN_POINT('',(-10.,-15.,-10.));
#922 = CARTESIAN_POINT('',(-9.5,-1.942890293094E-15,-9.5));
#923 = CARTESIAN_POINT('',(-9.,15.,-9.));
#924 = CARTESIAN_POINT('',(-10.,-15.,-6.681786379193));
#925 = CARTESIAN_POINT('',(-9.5,-2.292866223526E-15,-6.347697060233));
#926 = CARTESIAN_POINT('',(-9.,15.,-6.013607741274));
#927 = DEFINITIONAL_REPRESENTATION('',(#928),#932);
#928 = LINE('',#929,#930);
#929 = CARTESIAN_POINT('',(12.,0.));
#930 = VECTOR('',#931,1.);
#931 = DIRECTION('',(0.,1.));
#932 = ( GEOMETRIC_REPRESENTATION_CONTEXT(2) 
PARAMETRIC_REPRESENTATION_CONTEXT() REPRESENTATION_CONTEXT('2D SPACE',''
  ) );
#933 = ORIENTED_EDGE('',*,*,#934,.F.);
#934 = EDGE_CURVE('',#831,#905,#935,.T.);
#935 = SURFACE_CURVE('',#936,(#939,#946),.PCURVE_S1.);
#936 = B_SPLINE_CURVE_WITH_KNOTS('',1,(#937,#938),.UNSPECIFIED.,.F.,.F.,
  (2,2),(11.,12.),.PIECEWISE_BEZIER_KNOTS.);
#937 = CARTESIAN_POINT('',(-6.013607741274,15.,-9.));
#938 = CARTESIAN_POINT('',(-9.,15.,-9.));
#939 = PCURVE('',#846,#940);
#940 = DEFINITIONAL_REPRESENTATION('',(#941),#945);
#941 = LINE('',#942,#943);
#942 = CARTESIAN_POINT('',(0.,1.));
#943 = VECTOR('',#944,1.);
#944 = DIRECTION('',(1.,0.));
#945 = ( GEOMETRIC_REPRESENTATION_CONTEXT(2) 
PARAMETRIC_REPRESENTATION_CONTEXT() REPRESENTATION_CONTEXT('2D SPACE',''
  ) );
#946 = PCURVE('',#101,#947);
#947 = DEFINITIONAL_REPRESENTATION('',(#948),#951);
#948 = B_SPLINE_CURVE_WITH_KNOTS('',1,(#949,#950),.UNSPECIFIED.,.F.,.F.,
  (2,2),(11.,12.),.PIECEWISE_BEZIER_KNOTS.);
#949 = CARTESIAN_POINT('',(9.403656639302,14.7641342184));
#950 = CARTESIAN_POINT('',(12.074767078499,16.099689437998));
#951 = ( GEOMETRIC_REPRESENTATION_CONTEXT(2) 
PARAMETRIC_REPRESENTATION_CONTEXT() REPRESENTATION_CONTEXT('2D SPACE',''
  ) );
#952 = ORIENTED_EDGE('',*,*,#830,.F.);
#953 = ADVANCED_FACE('',(#954),#920,.T.);
#954 = FACE_BOUND('',#955,.T.);
#955 = EDGE_LOOP('',(#956,#977,#1007,#1026));
#956 = ORIENTED_EDGE('',*,*,#957,.T.);
#957 = EDGE_CURVE('',#884,#958,#960,.T.);
#958 = VERTEX_POINT('',#959);
#959 = CARTESIAN_POINT('',(-10.,-15.,-6.681786379193));
#960 = SURFACE_CURVE('',#961,(#964,#971),.PCURVE_S1.);
#961 = B_SPLINE_CURVE_WITH_KNOTS('',1,(#962,#963),.UNSPECIFIED.,.F.,.F.,
  (2,2),(12.,13.),.PIECEWISE_BEZIER_KNOTS.);
#962 = CARTESIAN_POINT('',(-10.,-15.,-10.));
#963 = CARTESIAN_POINT('',(-10.,-15.,-6.681786379193));
#964 = PCURVE('',#920,#965);
#965 = DEFINITIONAL_REPRESENTATION('',(#966),#970);
#966 = LINE('',#967,#968);
#967 = CARTESIAN_POINT('',(0.,0.));
#968 = VECTOR('',#969,1.);
#969 = DIRECTION('',(1.,0.));
#970 = ( GEOMETRIC_REPRESENTATION_CONTEXT(2) 
PARAMETRIC_REPRESENTATION_CONTEXT() REPRESENTATION_CONTEXT('2D SPACE',''
  ) );
#971 = PCURVE('',#45,#972);
#972 = DEFINITIONAL_REPRESENTATION('',(#973),#976);
#973 = B_SPLINE_CURVE_WITH_KNOTS('',1,(#974,#975),.UNSPECIFIED.,.F.,.F.,
  (2,2),(12.,13.),.PIECEWISE_BEZIER_KNOTS.);
#974 = CARTESIAN_POINT('',(13.416407864999,17.888543819998));
#975 = CARTESIAN_POINT('',(14.900358108997,14.920643332002));
#976 = ( GEOMETRIC_REPRESENTATION_CONTEXT(2) 
PARAMETRIC_REPRESENTATION_CONTEXT() REPRESENTATION_CONTEXT('2D SPACE',''
  ) );
#977 = ORIENTED_EDGE('',*,*,#978,.T.);
#978 = EDGE_CURVE('',#958,#979,#981,.T.);
#979 = VERTEX_POINT('',#980);
#980 = CARTESIAN_POINT('',(-9.,15.,-6.013607741274));
#981 = SURFACE_CURVE('',#982,(#986,#993),.PCURVE_S1.);
#982 = B_SPLINE_CURVE_WITH_KNOTS('',2,(#983,#984,#985),.UNSPECIFIED.,.F.
  ,.F.,(3,3),(0.,1.),.PIECEWISE_BEZIER_KNOTS.);
#983 = CARTESIAN_POINT('',(-10.,-15.,-6.681786379193));
#984 = CARTESIAN_POINT('',(-9.5,-2.292866223526E-15,-6.347697060233));
#985 = CARTESIAN_POINT('',(-9.,15.,-6.013607741274));
#986 = PCURVE('',#920,#987);
#987 = DEFINITIONAL_REPRESENTATION('',(#988),#992);
#988 = LINE('',#989,#990);
#989 = CARTESIAN_POINT('',(13.,0.));
#990 = VECTOR('',#991,1.);
#991 = DIRECTION('',(0.,1.));
#992 = ( GEOMETRIC_REPRESENTATION_CONTEXT(2) 
PARAMETRIC_REPRESENTATION_CONTEXT() REPRESENTATION_CONTEXT('2D SPACE',''
  ) );
#993 = PCURVE('',#994,#1001);
#994 = B_SPLINE_SURFACE_WITH_KNOTS('',1,2,(
    (#995,#996,#997)
    ,(#998,#999,#1000
  )),.UNSPECIFIED.,.F.,.F.,.F.,(2,2),(3,3),(13.,14.),(0.,1.),
  .PIECEWISE_BEZIER_KNOTS.);
#995 = CARTESIAN_POINT('',(-10.,-15.,-6.681786379193));
#996 = CARTESIAN_POINT('',(-9.5,-2.292866223526E-15,-6.347697060233));
#997 = CARTESIAN_POINT('',(-9.,15.,-6.013607741274));
#998 = CARTESIAN_POINT('',(-10.,-15.,-4.142135623731));
#999 = CARTESIAN_POINT('',(-9.5,-2.560726204132E-15,-3.935028842544));
#1000 = CARTESIAN_POINT('',(-9.,15.,-3.727922061358));
#1001 = DEFINITIONAL_REPRESENTATION('',(#1002),#1006);
#1002 = LINE('',#1003,#1004);
#1003 = CARTESIAN_POINT('',(13.,0.));
#1004 = VECTOR('',#1005,1.);
#1005 = DIRECTION('',(0.,1.));
#1006 = ( GEOMETRIC_REPRESENTATION_CONTEXT(2) 
PARAMETRIC_REPRESENTATION_CONTEXT() REPRESENTATION_CONTEXT('2D SPACE',''
  ) );
#1007 = ORIENTED_EDGE('',*,*,#1008,.F.);
#1008 = EDGE_CURVE('',#905,#979,#1009,.T.);
#1009 = SURFACE_CURVE('',#1010,(#1013,#1020),.PCURVE_S1.);
#1010 = B_SPLINE_CURVE_WITH_KNOTS('',1,(#1011,#1012),.UNSPECIFIED.,.F.,
  .F.,(2,2),(12.,13.),.PIECEWISE_BEZIER_KNOTS.);
#1011 = CARTESIAN_POINT('',(-9.,15.,-9.));
#1012 = CARTESIAN_POINT('',(-9.,15.,-6.013607741274));
#1013 = PCURVE('',#920,#1014);
#1014 = DEFINITIONAL_REPRESENTATION('',(#1015),#1019);
#1015 = LINE('',#1016,#1017);
#1016 = CARTESIAN_POINT('',(0.,1.));
#1017 = VECTOR('',#1018,1.);
#1018 = DIRECTION('',(1.,0.));
#1019 = ( GEOMETRIC_REPRESENTATION_CONTEXT(2) 
PARAMETRIC_REPRESENTATION_CONTEXT() REPRESENTATION_CONTEXT('2D SPACE',''
  ) );
#1020 = PCURVE('',#101,#1021);
#1021 = DEFINITIONAL_REPRESENTATION('',(#1022),#1025);
#1022 = B_SPLINE_CURVE_WITH_KNOTS('',1,(#1023,#1024),.UNSPECIFIED.,.F.,
  .F.,(2,2),(12.,13.),.PIECEWISE_BEZIER_KNOTS.);
#1023 = CARTESIAN_POINT('',(12.074767078499,16.099689437998));
#1024 = CARTESIAN_POINT('',(13.410322298097,13.428578998802));
#1025 = ( GEOMETRIC_REPRESENTATION_CONTEXT(2) 
PARAMETRIC_REPRESENTATION_CONTEXT() REPRESENTATION_CONTEXT('2D SPACE',''
  ) );
#1026 = ORIENTED_EDGE('',*,*,#904,.F.);
#1027 = ADVANCED_FACE('',(#1028),#994,.T.);
#1028 = FACE_BOUND('',#1029,.T.);
#1029 = EDGE_LOOP('',(#1030,#1051,#1081,#1100));
#1030 = ORIENTED_EDGE('',*,*,#1031,.T.);
#1031 = EDGE_CURVE('',#958,#1032,#1034,.T.);
#1032 = VERTEX_POINT('',#1033);
#1033 = CARTESIAN_POINT('',(-10.,-15.,-4.142135623731));
#1034 = SURFACE_CURVE('',#1035,(#1038,#1045),.PCURVE_S1.);
#1035 = B_SPLINE_CURVE_WITH_KNOTS('',1,(#1036,#1037),.UNSPECIFIED.,.F.,
  .F.,(2,2),(13.,14.),.PIECEWISE_BEZIER_KNOTS.);
#1036 = CARTESIAN_POINT('',(-10.,-15.,-6.681786379193));
#1037 = CARTESIAN_POINT('',(-10.,-15.,-4.142135623731));
#1038 = PCURVE('',#994,#1039);
#1039 = DEFINITIONAL_REPRESENTATION('',(#1040),#1044);
#1040 = LINE('',#1041,#1042);
#1041 = CARTESIAN_POINT('',(0.,0.));
#1042 = VECTOR('',#1043,1.);
#1043 = DIRECTION('',(1.,0.));
#1044 = ( GEOMETRIC_REPRESENTATION_CONTEXT(2) 
PARAMETRIC_REPRESENTATION_CONTEXT() REPRESENTATION_CONTEXT('2D SPACE',''
  ) );
#1045 = PCURVE('',#45,#1046);
#1046 = DEFINITIONAL_REPRESENTATION('',(#1047),#1050);
#1047 = B_SPLINE_CURVE_WITH_KNOTS('',1,(#1048,#1049),.UNSPECIFIED.,.F.,
  .F.,(2,2),(13.,14.),.PIECEWISE_BEZIER_KNOTS.);
#1048 = CARTESIAN_POINT('',(14.900358108997,14.920643332002));
#1049 = CARTESIAN_POINT('',(16.036124454661,12.649110640674));
#1050 = ( GEOMETRIC_REPRESENTATION_CONTEXT(2) 
PARAMETRIC_REPRESENTATION_CONTEXT() REPRESENTATION_CONTEXT('2D SPACE',''
  ) );
#1051 = ORIENTED_EDGE('',*,*,#1052,.T.);
#1052 = EDGE_CURVE('',#1032,#1053,#1055,.T.);
#1053 = VERTEX_POINT('',#1054);
#1054 = CARTESIAN_POINT('',(-9.,15.,-3.727922061358));
#1055 = SURFACE_CURVE('',#1056,(#1060,#1067),.PCURVE_S1.);
#1056 = B_SPLINE_CURVE_WITH_KNOTS('',2,(#1057,#1058,#1059),
  .UNSPECIFIED.,.F.,.F.,(3,3),(0.,1.),.PIECEWISE_BEZIER_KNOTS.);
#1057 = CARTESIAN_POINT('',(-10.,-15.,-4.142135623731));
#1058 = CARTESIAN_POINT('',(-9.5,-2.560726204132E-15,-3.935028842544));
#1059 = CARTESIAN_POINT('',(-9.,15.,-3.727922061358));
#1060 = PCURVE('',#994,#1061);
#1061 = DEFINITIONAL_REPRESENTATION('',(#1062),#1066);
#1062 = LINE('',#1063,#1064);
#1063 = CARTESIAN_POINT('',(14.,0.));
#1064 = VECTOR('',#1065,1.);
#1065 = DIRECTION('',(0.,1.));
#1066 = ( GEOMETRIC_REPRESENTATION_CONTEXT(2) 
PARAMETRIC_REPRESENTATION_CONTEXT() REPRESENTATION_CONTEXT('2D SPACE',''
  ) );
#1067 = PCURVE('',#1068,#1075);
#1068 = B_SPLINE_SURFACE_WITH_KNOTS('',1,2,(
    (#1069,#1070,#1071)
    ,(#1072,#1073,#1074
    )),.UNSPECIFIED.,.F.,.F.,.F.,(2,2),(3,3),(14.,15.),(0.,1.),
  .PIECEWISE_BEZIER_KNOTS.);
#1069 = CARTESIAN_POINT('',(-10.,-15.,-4.142135623731));
#1070 = CARTESIAN_POINT('',(-9.5,-2.560726204132E-15,-3.935028842544));
#1071 = CARTESIAN_POINT('',(-9.,15.,-3.727922061358));
#1072 = CARTESIAN_POINT('',(-10.,-15.,-1.989123673797));
#1073 = CARTESIAN_POINT('',(-9.5,-2.787806930848E-15,-1.889667490107));
#1074 = CARTESIAN_POINT('',(-9.,15.,-1.790211306417));
#1075 = DEFINITIONAL_REPRESENTATION('',(#1076),#1080);
#1076 = LINE('',#1077,#1078);
#1077 = CARTESIAN_POINT('',(14.,0.));
#1078 = VECTOR('',#1079,1.);
#1079 = DIRECTION('',(0.,1.));
#1080 = ( GEOMETRIC_REPRESENTATION_CONTEXT(2) 
PARAMETRIC_REPRESENTATION_CONTEXT() REPRESENTATION_CONTEXT('2D SPACE',''
  ) );
#1081 = ORIENTED_EDGE('',*,*,#1082,.F.);
#1082 = EDGE_CURVE('',#979,#1053,#1083,.T.);
#1083 = SURFACE_CURVE('',#1084,(#1087,#1094),.PCURVE_S1.);
#1084 = B_SPLINE_CURVE_WITH_KNOTS('',1,(#1085,#1086),.UNSPECIFIED.,.F.,
  .F.,(2,2),(13.,14.),.PIECEWISE_BEZIER_KNOTS.);
#1085 = CARTESIAN_POINT('',(-9.,15.,-6.013607741274));
#1086 = CARTESIAN_POINT('',(-9.,15.,-3.727922061358));
#1087 = PCURVE('',#994,#1088);
#1088 = DEFINITIONAL_REPRESENTATION('',(#1089),#1093);
#1089 = LINE('',#1090,#1091);
#1090 = CARTESIAN_POINT('',(0.,1.));
#1091 = VECTOR('',#1092,1.);
#1092 = DIRECTION('',(1.,0.));
#1093 = ( GEOMETRIC_REPRESENTATION_CONTEXT(2) 
PARAMETRIC_REPRESENTATION_CONTEXT() REPRESENTATION_CONTEXT('2D SPACE',''
  ) );
#1094 = PCURVE('',#101,#1095);
#1095 = DEFINITIONAL_REPRESENTATION('',(#1096),#1099);
#1096 = B_SPLINE_CURVE_WITH_KNOTS('',1,(#1097,#1098),.UNSPECIFIED.,.F.,
  .F.,(2,2),(13.,14.),.PIECEWISE_BEZIER_KNOTS.);
#1097 = CARTESIAN_POINT('',(13.410322298097,13.428578998802));
#1098 = CARTESIAN_POINT('',(14.432512009195,11.384199576606));
#1099 = ( GEOMETRIC_REPRESENTATION_CONTEXT(2) 
PARAMETRIC_REPRESENTATION_CONTEXT() REPRESENTATION_CONTEXT('2D SPACE',''
  ) );
#1100 = ORIENTED_EDGE('',*,*,#978,.F.);
#1101 = ADVANCED_FACE('',(#1102),#1068,.T.);
#1102 = FACE_BOUND('',#1103,.T.);
#1103 = EDGE_LOOP('',(#1104,#1125,#1155,#1174));
#1104 = ORIENTED_EDGE('',*,*,#1105,.T.);
#1105 = EDGE_CURVE('',#1032,#1106,#1108,.T.);
#1106 = VERTEX_POINT('',#1107);
#1107 = CARTESIAN_POINT('',(-10.,-15.,-1.989123673797));
#1108 = SURFACE_CURVE('',#1109,(#1112,#1119),.PCURVE_S1.);
#1109 = B_SPLINE_CURVE_WITH_KNOTS('',1,(#1110,#1111),.UNSPECIFIED.,.F.,
  .F.,(2,2),(14.,15.),.PIECEWISE_BEZIER_KNOTS.);
#1110 = CARTESIAN_POINT('',(-10.,-15.,-4.142135623731));
#1111 = CARTESIAN_POINT('',(-10.,-15.,-1.989123673797));
#1112 = PCURVE('',#1068,#1113);
#1113 = DEFINITIONAL_REPRESENTATION('',(#1114),#1118);
#1114 = LINE('',#1115,#1116);
#1115 = CARTESIAN_POINT('',(0.,0.));
#1116 = VECTOR('',#1117,1.);
#1117 = DIRECTION('',(1.,0.));
#1118 = ( GEOMETRIC_REPRESENTATION_CONTEXT(2) 
PARAMETRIC_REPRESENTATION_CONTEXT() REPRESENTATION_CONTEXT('2D SPACE',''
  ) );
#1119 = PCURVE('',#45,#1120);
#1120 = DEFINITIONAL_REPRESENTATION('',(#1121),#1124);
#1121 = B_SPLINE_CURVE_WITH_KNOTS('',1,(#1122,#1123),.UNSPECIFIED.,.F.,
  .F.,(2,2),(14.,15.),.PIECEWISE_BEZIER_KNOTS.);
#1122 = CARTESIAN_POINT('',(16.036124454661,12.649110640674));
#1123 = CARTESIAN_POINT('',(16.998980669946,10.723398210104));
#1124 = ( GEOMETRIC_REPRESENTATION_CONTEXT(2) 
PARAMETRIC_REPRESENTATION_CONTEXT() REPRESENTATION_CONTEXT('2D SPACE',''
  ) );
#1125 = ORIENTED_EDGE('',*,*,#1126,.T.);
#1126 = EDGE_CURVE('',#1106,#1127,#1129,.T.);
#1127 = VERTEX_POINT('',#1128);
#1128 = CARTESIAN_POINT('',(-9.,15.,-1.790211306417));
#1129 = SURFACE_CURVE('',#1130,(#1134,#1141),.PCURVE_S1.);
#1130 = B_SPLINE_CURVE_WITH_KNOTS('',2,(#1131,#1132,#1133),
  .UNSPECIFIED.,.F.,.F.,(3,3),(0.,1.),.PIECEWISE_BEZIER_KNOTS.);
#1131 = CARTESIAN_POINT('',(-10.,-15.,-1.989123673797));
#1132 = CARTESIAN_POINT('',(-9.5,-2.787806930848E-15,-1.889667490107));
#1133 = CARTESIAN_POINT('',(-9.,15.,-1.790211306417));
#1134 = PCURVE('',#1068,#1135);
#1135 = DEFINITIONAL_REPRESENTATION('',(#1136),#1140);
#1136 = LINE('',#1137,#1138);
#1137 = CARTESIAN_POINT('',(15.,0.));
#1138 = VECTOR('',#1139,1.);
#1139 = DIRECTION('',(0.,1.));
#1140 = ( GEOMETRIC_REPRESENTATION_CONTEXT(2) 
PARAMETRIC_REPRESENTATION_CONTEXT() REPRESENTATION_CONTEXT('2D SPACE',''
  ) );
#1141 = PCURVE('',#1142,#1149);
#1142 = B_SPLINE_SURFACE_WITH_KNOTS('',1,2,(
    (#1143,#1144,#1145)
    ,(#1146,#1147,#1148
    )),.UNSPECIFIED.,.F.,.F.,.F.,(2,2),(3,3),(15.,16.),(0.,1.),
  .PIECEWISE_BEZIER_KNOTS.);
#1143 = CARTESIAN_POINT('',(-10.,-15.,-1.989123673797));
#1144 = CARTESIAN_POINT('',(-9.5,-2.787806930848E-15,-1.889667490107));
#1145 = CARTESIAN_POINT('',(-9.,15.,-1.790211306417));
#1146 = CARTESIAN_POINT('',(-10.,-15.,-2.889981336085E-15));
#1147 = CARTESIAN_POINT('',(-9.5,-2.997602166488E-15,-1.16341445919E-15)
  );
#1148 = CARTESIAN_POINT('',(-9.,15.,5.631524177051E-16));
#1149 = DEFINITIONAL_REPRESENTATION('',(#1150),#1154);
#1150 = LINE('',#1151,#1152);
#1151 = CARTESIAN_POINT('',(15.,0.));
#1152 = VECTOR('',#1153,1.);
#1153 = DIRECTION('',(0.,1.));
#1154 = ( GEOMETRIC_REPRESENTATION_CONTEXT(2) 
PARAMETRIC_REPRESENTATION_CONTEXT() REPRESENTATION_CONTEXT('2D SPACE',''
  ) );
#1155 = ORIENTED_EDGE('',*,*,#1156,.F.);
#1156 = EDGE_CURVE('',#1053,#1127,#1157,.T.);
#1157 = SURFACE_CURVE('',#1158,(#1161,#1168),.PCURVE_S1.);
#1158 = B_SPLINE_CURVE_WITH_KNOTS('',1,(#1159,#1160),.UNSPECIFIED.,.F.,
  .F.,(2,2),(14.,15.),.PIECEWISE_BEZIER_KNOTS.);
#1159 = CARTESIAN_POINT('',(-9.,15.,-3.727922061358));
#1160 = CARTESIAN_POINT('',(-9.,15.,-1.790211306417));
#1161 = PCURVE('',#1068,#1162);
#1162 = DEFINITIONAL_REPRESENTATION('',(#1163),#1167);
#1163 = LINE('',#1164,#1165);
#1164 = CARTESIAN_POINT('',(0.,1.));
#1165 = VECTOR('',#1166,1.);
#1166 = DIRECTION('',(1.,0.));
#1167 = ( GEOMETRIC_REPRESENTATION_CONTEXT(2) 
PARAMETRIC_REPRESENTATION_CONTEXT() REPRESENTATION_CONTEXT('2D SPACE',''
  ) );
#1168 = PCURVE('',#101,#1169);
#1169 = DEFINITIONAL_REPRESENTATION('',(#1170),#1173);
#1170 = B_SPLINE_CURVE_WITH_KNOTS('',1,(#1171,#1172),.UNSPECIFIED.,.F.,
  .F.,(2,2),(14.,15.),.PIECEWISE_BEZIER_KNOTS.);
#1171 = CARTESIAN_POINT('',(14.432512009195,11.384199576606));
#1172 = CARTESIAN_POINT('',(15.299082602951,9.651058389094));
#1173 = ( GEOMETRIC_REPRESENTATION_CONTEXT(2) 
PARAMETRIC_REPRESENTATION_CONTEXT() REPRESENTATION_CONTEXT('2D SPACE',''
  ) );
#1174 = ORIENTED_EDGE('',*,*,#1052,.F.);
#1175 = ADVANCED_FACE('',(#1176),#1142,.T.);
#1176 = FACE_BOUND('',#1177,.T.);
#1177 = EDGE_LOOP('',(#1178,#1199,#1229,#1248));
#1178 = ORIENTED_EDGE('',*,*,#1179,.T.);
#1179 = EDGE_CURVE('',#1106,#1180,#1182,.T.);
#1180 = VERTEX_POINT('',#1181);
#1181 = CARTESIAN_POINT('',(-10.,-15.,-2.943791751037E-15));
#1182 = SURFACE_CURVE('',#1183,(#1186,#1193),.PCURVE_S1.);
#1183 = B_SPLINE_CURVE_WITH_KNOTS('',1,(#1184,#1185),.UNSPECIFIED.,.F.,
  .F.,(2,2),(15.,16.),.PIECEWISE_BEZIER_KNOTS.);
#1184 = CARTESIAN_POINT('',(-10.,-15.,-1.989123673797));
#1185 = CARTESIAN_POINT('',(-10.,-15.,-2.889981336085E-15));
#1186 = PCURVE('',#1142,#1187);
#1187 = DEFINITIONAL_REPRESENTATION('',(#1188),#1192);
#1188 = LINE('',#1189,#1190);
#1189 = CARTESIAN_POINT('',(0.,0.));
#1190 = VECTOR('',#1191,1.);
#1191 = DIRECTION('',(1.,0.));
#1192 = ( GEOMETRIC_REPRESENTATION_CONTEXT(2) 
PARAMETRIC_REPRESENTATION_CONTEXT() REPRESENTATION_CONTEXT('2D SPACE',''
  ) );
#1193 = PCURVE('',#45,#1194);
#1194 = DEFINITIONAL_REPRESENTATION('',(#1195),#1198);
#1195 = B_SPLINE_CURVE_WITH_KNOTS('',1,(#1196,#1197),.UNSPECIFIED.,.F.,
  .F.,(2,2),(15.,16.),.PIECEWISE_BEZIER_KNOTS.);
#1196 = CARTESIAN_POINT('',(16.998980669946,10.723398210104));
#1197 = CARTESIAN_POINT('',(17.888543819998,8.944271909999));
#1198 = ( GEOMETRIC_REPRESENTATION_CONTEXT(2) 
PARAMETRIC_REPRESENTATION_CONTEXT() REPRESENTATION_CONTEXT('2D SPACE',''
  ) );
#1199 = ORIENTED_EDGE('',*,*,#1200,.T.);
#1200 = EDGE_CURVE('',#1180,#1201,#1203,.T.);
#1201 = VERTEX_POINT('',#1202);
#1202 = CARTESIAN_POINT('',(-9.,15.,5.591319625861E-16));
#1203 = SURFACE_CURVE('',#1204,(#1208,#1215),.PCURVE_S1.);
#1204 = B_SPLINE_CURVE_WITH_KNOTS('',2,(#1205,#1206,#1207),
  .UNSPECIFIED.,.F.,.F.,(3,3),(0.,1.),.PIECEWISE_BEZIER_KNOTS.);
#1205 = CARTESIAN_POINT('',(-10.,-15.,-2.889981336085E-15));
#1206 = CARTESIAN_POINT('',(-9.5,-2.997602166488E-15,-1.16341445919E-15)
  );
#1207 = CARTESIAN_POINT('',(-9.,15.,5.631524177051E-16));
#1208 = PCURVE('',#1142,#1209);
#1209 = DEFINITIONAL_REPRESENTATION('',(#1210),#1214);
#1210 = LINE('',#1211,#1212);
#1211 = CARTESIAN_POINT('',(16.,0.));
#1212 = VECTOR('',#1213,1.);
#1213 = DIRECTION('',(0.,1.));
#1214 = ( GEOMETRIC_REPRESENTATION_CONTEXT(2) 
PARAMETRIC_REPRESENTATION_CONTEXT() REPRESENTATION_CONTEXT('2D SPACE',''
  ) );
#1215 = PCURVE('',#1216,#1223);
#1216 = B_SPLINE_SURFACE_WITH_KNOTS('',1,2,(
    (#1217,#1218,#1219)
    ,(#1220,#1221,#1222
    )),.UNSPECIFIED.,.F.,.F.,.F.,(2,2),(3,3),(16.,17.),(0.,1.),
  .PIECEWISE_BEZIER_KNOTS.);
#1217 = CARTESIAN_POINT('',(-10.,-15.,-2.889981336085E-15));
#1218 = CARTESIAN_POINT('',(-9.5,-2.997602166488E-15,-1.16341445919E-15)
  );
#1219 = CARTESIAN_POINT('',(-9.,15.,5.631524177051E-16));
#1220 = CARTESIAN_POINT('',(-10.,-15.,1.989123673797));
#1221 = CARTESIAN_POINT('',(-9.5,-3.207397402128E-15,1.889667490107));
#1222 = CARTESIAN_POINT('',(-9.,15.,1.790211306417));
#1223 = DEFINITIONAL_REPRESENTATION('',(#1224),#1228);
#1224 = LINE('',#1225,#1226);
#1225 = CARTESIAN_POINT('',(16.,0.));
#1226 = VECTOR('',#1227,1.);
#1227 = DIRECTION('',(0.,1.));
#1228 = ( GEOMETRIC_REPRESENTATION_CONTEXT(2) 
PARAMETRIC_REPRESENTATION_CONTEXT() REPRESENTATION_CONTEXT('2D SPACE',''
  ) );
#1229 = ORIENTED_EDGE('',*,*,#1230,.F.);
#1230 = EDGE_CURVE('',#1127,#1201,#1231,.T.);
#1231 = SURFACE_CURVE('',#1232,(#1235,#1242),.PCURVE_S1.);
#1232 = B_SPLINE_CURVE_WITH_KNOTS('',1,(#1233,#1234),.UNSPECIFIED.,.F.,
  .F.,(2,2),(15.,16.),.PIECEWISE_BEZIER_KNOTS.);
#1233 = CARTESIAN_POINT('',(-9.,15.,-1.790211306417));
#1234 = CARTESIAN_POINT('',(-9.,15.,5.631524177051E-16));
#1235 = PCURVE('',#1142,#1236);
#1236 = DEFINITIONAL_REPRESENTATION('',(#1237),#1241);
#1237 = LINE('',#1238,#1239);
#1238 = CARTESIAN_POINT('',(0.,1.));
#1239 = VECTOR('',#1240,1.);
#1240 = DIRECTION('',(1.,0.));
#1241 = ( GEOMETRIC_REPRESENTATION_CONTEXT(2) 
PARAMETRIC_REPRESENTATION_CONTEXT() REPRESENTATION_CONTEXT('2D SPACE',''
  ) );
#1242 = PCURVE('',#101,#1243);
#1243 = DEFINITIONAL_REPRESENTATION('',(#1244),#1247);
#1244 = B_SPLINE_CURVE_WITH_KNOTS('',1,(#1245,#1246),.UNSPECIFIED.,.F.,
  .F.,(2,2),(15.,16.),.PIECEWISE_BEZIER_KNOTS.);
#1245 = CARTESIAN_POINT('',(15.299082602951,9.651058389094));
#1246 = CARTESIAN_POINT('',(16.099689437998,8.049844718999));
#1247 = ( GEOMETRIC_REPRESENTATION_CONTEXT(2) 
PARAMETRIC_REPRESENTATION_CONTEXT() REPRESENTATION_CONTEXT('2D SPACE',''
  ) );
#1248 = ORIENTED_EDGE('',*,*,#1126,.F.);
#1249 = ADVANCED_FACE('',(#1250),#1216,.T.);
#1250 = FACE_BOUND('',#1251,.T.);
#1251 = EDGE_LOOP('',(#1252,#1273,#1303,#1322));
#1252 = ORIENTED_EDGE('',*,*,#1253,.T.);
#1253 = EDGE_CURVE('',#1180,#1254,#1256,.T.);
#1254 = VERTEX_POINT('',#1255);
#1255 = CARTESIAN_POINT('',(-10.,-15.,1.989123673797));
#1256 = SURFACE_CURVE('',#1257,(#1260,#1267),.PCURVE_S1.);
#1257 = B_SPLINE_CURVE_WITH_KNOTS('',1,(#1258,#1259),.UNSPECIFIED.,.F.,
  .F.,(2,2),(16.,17.),.PIECEWISE_BEZIER_KNOTS.);
#1258 = CARTESIAN_POINT('',(-10.,-15.,-2.889981336085E-15));
#1259 = CARTESIAN_POINT('',(-10.,-15.,1.989123673797));
#1260 = PCURVE('',#1216,#1261);
#1261 = DEFINITIONAL_REPRESENTATION('',(#1262),#1266);
#1262 = LINE('',#1263,#1264);
#1263 = CARTESIAN_POINT('',(0.,0.));
#1264 = VECTOR('',#1265,1.);
#1265 = DIRECTION('',(1.,0.));
#1266 = ( GEOMETRIC_REPRESENTATION_CONTEXT(2) 
PARAMETRIC_REPRESENTATION_CONTEXT() REPRESENTATION_CONTEXT('2D SPACE',''
  ) );
#1267 = PCURVE('',#45,#1268);
#1268 = DEFINITIONAL_REPRESENTATION('',(#1269),#1272);
#1269 = B_SPLINE_CURVE_WITH_KNOTS('',1,(#1270,#1271),.UNSPECIFIED.,.F.,
  .F.,(2,2),(16.,17.),.PIECEWISE_BEZIER_KNOTS.);
#1270 = CARTESIAN_POINT('',(17.888543819998,8.944271909999));
#1271 = CARTESIAN_POINT('',(18.778106970051,7.165145609894));
#1272 = ( GEOMETRIC_REPRESENTATION_CONTEXT(2) 
PARAMETRIC_REPRESENTATION_CONTEXT() REPRESENTATION_CONTEXT('2D SPACE',''
  ) );
#1273 = ORIENTED_EDGE('',*,*,#1274,.T.);
#1274 = EDGE_CURVE('',#1254,#1275,#1277,.T.);
#1275 = VERTEX_POINT('',#1276);
#1276 = CARTESIAN_POINT('',(-9.,15.,1.790211306417));
#1277 = SURFACE_CURVE('',#1278,(#1282,#1289),.PCURVE_S1.);
#1278 = B_SPLINE_CURVE_WITH_KNOTS('',2,(#1279,#1280,#1281),
  .UNSPECIFIED.,.F.,.F.,(3,3),(0.,1.),.PIECEWISE_BEZIER_KNOTS.);
#1279 = CARTESIAN_POINT('',(-10.,-15.,1.989123673797));
#1280 = CARTESIAN_POINT('',(-9.5,-3.207397402128E-15,1.889667490107));
#1281 = CARTESIAN_POINT('',(-9.,15.,1.790211306417));
#1282 = PCURVE('',#1216,#1283);
#1283 = DEFINITIONAL_REPRESENTATION('',(#1284),#1288);
#1284 = LINE('',#1285,#1286);
#1285 = CARTESIAN_POINT('',(17.,0.));
#1286 = VECTOR('',#1287,1.);
#1287 = DIRECTION('',(0.,1.));
#1288 = ( GEOMETRIC_REPRESENTATION_CONTEXT(2) 
PARAMETRIC_REPRESENTATION_CONTEXT() REPRESENTATION_CONTEXT('2D SPACE',''
  ) );
#1289 = PCURVE('',#1290,#1297);
#1290 = B_SPLINE_SURFACE_WITH_KNOTS('',1,2,(
    (#1291,#1292,#1293)
    ,(#1294,#1295,#1296
    )),.UNSPECIFIED.,.F.,.F.,.F.,(2,2),(3,3),(17.,18.),(0.,1.),
  .PIECEWISE_BEZIER_KNOTS.);
#1291 = CARTESIAN_POINT('',(-10.,-15.,1.989123673797));
#1292 = CARTESIAN_POINT('',(-9.5,-3.207397402128E-15,1.889667490107));
#1293 = CARTESIAN_POINT('',(-9.,15.,1.790211306417));
#1294 = CARTESIAN_POINT('',(-10.,-15.,4.142135623731));
#1295 = CARTESIAN_POINT('',(-9.5,-3.434478128844E-15,3.935028842544));
#1296 = CARTESIAN_POINT('',(-9.,15.,3.727922061358));
#1297 = DEFINITIONAL_REPRESENTATION('',(#1298),#1302);
#1298 = LINE('',#1299,#1300);
#1299 = CARTESIAN_POINT('',(17.,0.));
#1300 = VECTOR('',#1301,1.);
#1301 = DIRECTION('',(0.,1.));
#1302 = ( GEOMETRIC_REPRESENTATION_CONTEXT(2) 
PARAMETRIC_REPRESENTATION_CONTEXT() REPRESENTATION_CONTEXT('2D SPACE',''
  ) );
#1303 = ORIENTED_EDGE('',*,*,#1304,.F.);
#1304 = EDGE_CURVE('',#1201,#1275,#1305,.T.);
#1305 = SURFACE_CURVE('',#1306,(#1309,#1316),.PCURVE_S1.);
#1306 = B_SPLINE_CURVE_WITH_KNOTS('',1,(#1307,#1308),.UNSPECIFIED.,.F.,
  .F.,(2,2),(16.,17.),.PIECEWISE_BEZIER_KNOTS.);
#1307 = CARTESIAN_POINT('',(-9.,15.,5.631524177051E-16));
#1308 = CARTESIAN_POINT('',(-9.,15.,1.790211306417));
#1309 = PCURVE('',#1216,#1310);
#1310 = DEFINITIONAL_REPRESENTATION('',(#1311),#1315);
#1311 = LINE('',#1312,#1313);
#1312 = CARTESIAN_POINT('',(0.,1.));
#1313 = VECTOR('',#1314,1.);
#1314 = DIRECTION('',(1.,0.));
#1315 = ( GEOMETRIC_REPRESENTATION_CONTEXT(2) 
PARAMETRIC_REPRESENTATION_CONTEXT() REPRESENTATION_CONTEXT('2D SPACE',''
  ) );
#1316 = PCURVE('',#101,#1317);
#1317 = DEFINITIONAL_REPRESENTATION('',(#1318),#1321);
#1318 = B_SPLINE_CURVE_WITH_KNOTS('',1,(#1319,#1320),.UNSPECIFIED.,.F.,
  .F.,(2,2),(16.,17.),.PIECEWISE_BEZIER_KNOTS.);
#1319 = CARTESIAN_POINT('',(16.099689437998,8.049844718999));
#1320 = CARTESIAN_POINT('',(16.900296273046,6.448631048904));
#1321 = ( GEOMETRIC_REPRESENTATION_CONTEXT(2) 
PARAMETRIC_REPRESENTATION_CONTEXT() REPRESENTATION_CONTEXT('2D SPACE',''
  ) );
#1322 = ORIENTED_EDGE('',*,*,#1200,.F.);
#1323 = ADVANCED_FACE('',(#1324),#1290,.T.);
#1324 = FACE_BOUND('',#1325,.T.);
#1325 = EDGE_LOOP('',(#1326,#1347,#1377,#1396));
#1326 = ORIENTED_EDGE('',*,*,#1327,.T.);
#1327 = EDGE_CURVE('',#1254,#1328,#1330,.T.);
#1328 = VERTEX_POINT('',#1329);
#1329 = CARTESIAN_POINT('',(-10.,-15.,4.142135623731));
#1330 = SURFACE_CURVE('',#1331,(#1334,#1341),.PCURVE_S1.);
#1331 = B_SPLINE_CURVE_WITH_KNOTS('',1,(#1332,#1333),.UNSPECIFIED.,.F.,
  .F.,(2,2),(17.,18.),.PIECEWISE_BEZIER_KNOTS.);
#1332 = CARTESIAN_POINT('',(-10.,-15.,1.989123673797));
#1333 = CARTESIAN_POINT('',(-10.,-15.,4.142135623731));
#1334 = PCURVE('',#1290,#1335);
#1335 = DEFINITIONAL_REPRESENTATION('',(#1336),#1340);
#1336 = LINE('',#1337,#1338);
#1337 = CARTESIAN_POINT('',(0.,0.));
#1338 = VECTOR('',#1339,1.);
#1339 = DIRECTION('',(1.,0.));
#1340 = ( GEOMETRIC_REPRESENTATION_CONTEXT(2) 
PARAMETRIC_REPRESENTATION_CONTEXT() REPRESENTATION_CONTEXT('2D SPACE',''
  ) );
#1341 = PCURVE('',#45,#1342);
#1342 = DEFINITIONAL_REPRESENTATION('',(#1343),#1346);
#1343 = B_SPLINE_CURVE_WITH_KNOTS('',1,(#1344,#1345),.UNSPECIFIED.,.F.,
  .F.,(2,2),(17.,18.),.PIECEWISE_BEZIER_KNOTS.);
#1344 = CARTESIAN_POINT('',(18.778106970051,7.165145609894));
#1345 = CARTESIAN_POINT('',(19.740963185335,5.239433179325));
#1346 = ( GEOMETRIC_REPRESENTATION_CONTEXT(2) 
PARAMETRIC_REPRESENTATION_CONTEXT() REPRESENTATION_CONTEXT('2D SPACE',''
  ) );
#1347 = ORIENTED_EDGE('',*,*,#1348,.T.);
#1348 = EDGE_CURVE('',#1328,#1349,#1351,.T.);
#1349 = VERTEX_POINT('',#1350);
#1350 = CARTESIAN_POINT('',(-9.,15.,3.727922061358));
#1351 = SURFACE_CURVE('',#1352,(#1356,#1363),.PCURVE_S1.);
#1352 = B_SPLINE_CURVE_WITH_KNOTS('',2,(#1353,#1354,#1355),
  .UNSPECIFIED.,.F.,.F.,(3,3),(0.,1.),.PIECEWISE_BEZIER_KNOTS.);
#1353 = CARTESIAN_POINT('',(-10.,-15.,4.142135623731));
#1354 = CARTESIAN_POINT('',(-9.5,-3.434478128844E-15,3.935028842544));
#1355 = CARTESIAN_POINT('',(-9.,15.,3.727922061358));
#1356 = PCURVE('',#1290,#1357);
#1357 = DEFINITIONAL_REPRESENTATION('',(#1358),#1362);
#1358 = LINE('',#1359,#1360);
#1359 = CARTESIAN_POINT('',(18.,0.));
#1360 = VECTOR('',#1361,1.);
#1361 = DIRECTION('',(0.,1.));
#1362 = ( GEOMETRIC_REPRESENTATION_CONTEXT(2) 
PARAMETRIC_REPRESENTATION_CONTEXT() REPRESENTATION_CONTEXT('2D SPACE',''
  ) );
#1363 = PCURVE('',#1364,#1371);
#1364 = B_SPLINE_SURFACE_WITH_KNOTS('',1,2,(
    (#1365,#1366,#1367)
    ,(#1368,#1369,#1370
    )),.UNSPECIFIED.,.F.,.F.,.F.,(2,2),(3,3),(18.,19.),(0.,1.),
  .PIECEWISE_BEZIER_KNOTS.);
#1365 = CARTESIAN_POINT('',(-10.,-15.,4.142135623731));
#1366 = CARTESIAN_POINT('',(-9.5,-3.434478128844E-15,3.935028842544));
#1367 = CARTESIAN_POINT('',(-9.,15.,3.727922061358));
#1368 = CARTESIAN_POINT('',(-10.,-15.,6.681786379193));
#1369 = CARTESIAN_POINT('',(-9.5,-3.70233810945E-15,6.347697060233));
#1370 = CARTESIAN_POINT('',(-9.,15.,6.013607741274));
#1371 = DEFINITIONAL_REPRESENTATION('',(#1372),#1376);
#1372 = LINE('',#1373,#1374);
#1373 = CARTESIAN_POINT('',(18.,0.));
#1374 = VECTOR('',#1375,1.);
#1375 = DIRECTION('',(0.,1.));
#1376 = ( GEOMETRIC_REPRESENTATION_CONTEXT(2) 
PARAMETRIC_REPRESENTATION_CONTEXT() REPRESENTATION_CONTEXT('2D SPACE',''
  ) );
#1377 = ORIENTED_EDGE('',*,*,#1378,.F.);
#1378 = EDGE_CURVE('',#1275,#1349,#1379,.T.);
#1379 = SURFACE_CURVE('',#1380,(#1383,#1390),.PCURVE_S1.);
#1380 = B_SPLINE_CURVE_WITH_KNOTS('',1,(#1381,#1382),.UNSPECIFIED.,.F.,
  .F.,(2,2),(17.,18.),.PIECEWISE_BEZIER_KNOTS.);
#1381 = CARTESIAN_POINT('',(-9.,15.,1.790211306417));
#1382 = CARTESIAN_POINT('',(-9.,15.,3.727922061358));
#1383 = PCURVE('',#1290,#1384);
#1384 = DEFINITIONAL_REPRESENTATION('',(#1385),#1389);
#1385 = LINE('',#1386,#1387);
#1386 = CARTESIAN_POINT('',(0.,1.));
#1387 = VECTOR('',#1388,1.);
#1388 = DIRECTION('',(1.,0.));
#1389 = ( GEOMETRIC_REPRESENTATION_CONTEXT(2) 
PARAMETRIC_REPRESENTATION_CONTEXT() REPRESENTATION_CONTEXT('2D SPACE',''
  ) );
#1390 = PCURVE('',#101,#1391);
#1391 = DEFINITIONAL_REPRESENTATION('',(#1392),#1395);
#1392 = B_SPLINE_CURVE_WITH_KNOTS('',1,(#1393,#1394),.UNSPECIFIED.,.F.,
  .F.,(2,2),(17.,18.),.PIECEWISE_BEZIER_KNOTS.);
#1393 = CARTESIAN_POINT('',(16.900296273046,6.448631048904));
#1394 = CARTESIAN_POINT('',(17.766866866802,4.715489861392));
#1395 = ( GEOMETRIC_REPRESENTATION_CONTEXT(2) 
PARAMETRIC_REPRESENTATION_CONTEXT() REPRESENTATION_CONTEXT('2D SPACE',''
  ) );
#1396 = ORIENTED_EDGE('',*,*,#1274,.F.);
#1397 = ADVANCED_FACE('',(#1398),#1364,.T.);
#1398 = FACE_BOUND('',#1399,.T.);
#1399 = EDGE_LOOP('',(#1400,#1421,#1451,#1470));
#1400 = ORIENTED_EDGE('',*,*,#1401,.T.);
#1401 = EDGE_CURVE('',#1328,#1402,#1404,.T.);
#1402 = VERTEX_POINT('',#1403);
#1403 = CARTESIAN_POINT('',(-10.,-15.,6.681786379193));
#1404 = SURFACE_CURVE('',#1405,(#1408,#1415),.PCURVE_S1.);
#1405 = B_SPLINE_CURVE_WITH_KNOTS('',1,(#1406,#1407),.UNSPECIFIED.,.F.,
  .F.,(2,2),(18.,19.),.PIECEWISE_BEZIER_KNOTS.);
#1406 = CARTESIAN_POINT('',(-10.,-15.,4.142135623731));
#1407 = CARTESIAN_POINT('',(-10.,-15.,6.681786379193));
#1408 = PCURVE('',#1364,#1409);
#1409 = DEFINITIONAL_REPRESENTATION('',(#1410),#1414);
#1410 = LINE('',#1411,#1412);
#1411 = CARTESIAN_POINT('',(0.,0.));
#1412 = VECTOR('',#1413,1.);
#1413 = DIRECTION('',(1.,0.));
#1414 = ( GEOMETRIC_REPRESENTATION_CONTEXT(2) 
PARAMETRIC_REPRESENTATION_CONTEXT() REPRESENTATION_CONTEXT('2D SPACE',''
  ) );
#1415 = PCURVE('',#45,#1416);
#1416 = DEFINITIONAL_REPRESENTATION('',(#1417),#1420);
#1417 = B_SPLINE_CURVE_WITH_KNOTS('',1,(#1418,#1419),.UNSPECIFIED.,.F.,
  .F.,(2,2),(18.,19.),.PIECEWISE_BEZIER_KNOTS.);
#1418 = CARTESIAN_POINT('',(19.740963185335,5.239433179325));
#1419 = CARTESIAN_POINT('',(20.876729531,2.967900487996));
#1420 = ( GEOMETRIC_REPRESENTATION_CONTEXT(2) 
PARAMETRIC_REPRESENTATION_CONTEXT() REPRESENTATION_CONTEXT('2D SPACE',''
  ) );
#1421 = ORIENTED_EDGE('',*,*,#1422,.T.);
#1422 = EDGE_CURVE('',#1402,#1423,#1425,.T.);
#1423 = VERTEX_POINT('',#1424);
#1424 = CARTESIAN_POINT('',(-9.,15.,6.013607741274));
#1425 = SURFACE_CURVE('',#1426,(#1430,#1437),.PCURVE_S1.);
#1426 = B_SPLINE_CURVE_WITH_KNOTS('',2,(#1427,#1428,#1429),
  .UNSPECIFIED.,.F.,.F.,(3,3),(0.,1.),.PIECEWISE_BEZIER_KNOTS.);
#1427 = CARTESIAN_POINT('',(-10.,-15.,6.681786379193));
#1428 = CARTESIAN_POINT('',(-9.5,-3.70233810945E-15,6.347697060233));
#1429 = CARTESIAN_POINT('',(-9.,15.,6.013607741274));
#1430 = PCURVE('',#1364,#1431);
#1431 = DEFINITIONAL_REPRESENTATION('',(#1432),#1436);
#1432 = LINE('',#1433,#1434);
#1433 = CARTESIAN_POINT('',(19.,0.));
#1434 = VECTOR('',#1435,1.);
#1435 = DIRECTION('',(0.,1.));
#1436 = ( GEOMETRIC_REPRESENTATION_CONTEXT(2) 
PARAMETRIC_REPRESENTATION_CONTEXT() REPRESENTATION_CONTEXT('2D SPACE',''
  ) );
#1437 = PCURVE('',#1438,#1445);
#1438 = B_SPLINE_SURFACE_WITH_KNOTS('',1,2,(
    (#1439,#1440,#1441)
    ,(#1442,#1443,#1444
    )),.UNSPECIFIED.,.F.,.F.,.F.,(2,2),(3,3),(19.,20.),(0.,1.),
  .PIECEWISE_BEZIER_KNOTS.);
#1439 = CARTESIAN_POINT('',(-10.,-15.,6.681786379193));
#1440 = CARTESIAN_POINT('',(-9.5,-3.70233810945E-15,6.347697060233));
#1441 = CARTESIAN_POINT('',(-9.,15.,6.013607741274));
#1442 = CARTESIAN_POINT('',(-10.,-15.,10.));
#1443 = CARTESIAN_POINT('',(-9.5,-4.052314039882E-15,9.5));
#1444 = CARTESIAN_POINT('',(-9.,15.,9.));
#1445 = DEFINITIONAL_REPRESENTATION('',(#1446),#1450);
#1446 = LINE('',#1447,#1448);
#1447 = CARTESIAN_POINT('',(19.,0.));
#1448 = VECTOR('',#1449,1.);
#1449 = DIRECTION('',(0.,1.));
#1450 = ( GEOMETRIC_REPRESENTATION_CONTEXT(2) 
PARAMETRIC_REPRESENTATION_CONTEXT() REPRESENTATION_CONTEXT('2D SPACE',''
  ) );
#1451 = ORIENTED_EDGE('',*,*,#1452,.F.);
#1452 = EDGE_CURVE('',#1349,#1423,#1453,.T.);
#1453 = SURFACE_CURVE('',#1454,(#1457,#1464),.PCURVE_S1.);
#1454 = B_SPLINE_CURVE_WITH_KNOTS('',1,(#1455,#1456),.UNSPECIFIED.,.F.,
  .F.,(2,2),(18.,19.),.PIECEWISE_BEZIER_KNOTS.);
#1455 = CARTESIAN_POINT('',(-9.,15.,3.727922061358));
#1456 = CARTESIAN_POINT('',(-9.,15.,6.013607741274));
#1457 = PCURVE('',#1364,#1458);
#1458 = DEFINITIONAL_REPRESENTATION('',(#1459),#1463);
#1459 = LINE('',#1460,#1461);
#1460 = CARTESIAN_POINT('',(0.,1.));
#1461 = VECTOR('',#1462,1.);
#1462 = DIRECTION('',(1.,0.));
#1463 = ( GEOMETRIC_REPRESENTATION_CONTEXT(2) 
PARAMETRIC_REPRESENTATION_CONTEXT() REPRESENTATION_CONTEXT('2D SPACE',''
  ) );
#1464 = PCURVE('',#101,#1465);
#1465 = DEFINITIONAL_REPRESENTATION('',(#1466),#1469);
#1466 = B_SPLINE_CURVE_WITH_KNOTS('',1,(#1467,#1468),.UNSPECIFIED.,.F.,
  .F.,(2,2),(18.,19.),.PIECEWISE_BEZIER_KNOTS.);
#1467 = CARTESIAN_POINT('',(17.766866866802,4.715489861392));
#1468 = CARTESIAN_POINT('',(18.7890565779,2.671110439196));
#1469 = ( GEOMETRIC_REPRESENTATION_CONTEXT(2) 
PARAMETRIC_REPRESENTATION_CONTEXT() REPRESENTATION_CONTEXT('2D SPACE',''
  ) );
#1470 = ORIENTED_EDGE('',*,*,#1348,.F.);
#1471 = ADVANCED_FACE('',(#1472),#1438,.T.);
#1472 = FACE_BOUND('',#1473,.T.);
#1473 = EDGE_LOOP('',(#1474,#1495,#1525,#1544));
#1474 = ORIENTED_EDGE('',*,*,#1475,.T.);
#1475 = EDGE_CURVE('',#1402,#1476,#1478,.T.);
#1476 = VERTEX_POINT('',#1477);
#1477 = CARTESIAN_POINT('',(-10.,-15.,10.));
#1478 = SURFACE_CURVE('',#1479,(#1482,#1489),.PCURVE_S1.);
#1479 = B_SPLINE_CURVE_WITH_KNOTS('',1,(#1480,#1481),.UNSPECIFIED.,.F.,
  .F.,(2,2),(19.,20.),.PIECEWISE_BEZIER_KNOTS.);
#1480 = CARTESIAN_POINT('',(-10.,-15.,6.681786379193));
#1481 = CARTESIAN_POINT('',(-10.,-15.,10.));
#1482 = PCURVE('',#1438,#1483);
#1483 = DEFINITIONAL_REPRESENTATION('',(#1484),#1488);
#1484 = LINE('',#1485,#1486);
#1485 = CARTESIAN_POINT('',(0.,0.));
#1486 = VECTOR('',#1487,1.);
#1487 = DIRECTION('',(1.,0.));
#1488 = ( GEOMETRIC_REPRESENTATION_CONTEXT(2) 
PARAMETRIC_REPRESENTATION_CONTEXT() REPRESENTATION_CONTEXT('2D SPACE',''
  ) );
#1489 = PCURVE('',#45,#1490);
#1490 = DEFINITIONAL_REPRESENTATION('',(#1491),#1494);
#1491 = B_SPLINE_CURVE_WITH_KNOTS('',1,(#1492,#1493),.UNSPECIFIED.,.F.,
  .F.,(2,2),(19.,20.),.PIECEWISE_BEZIER_KNOTS.);
#1492 = CARTESIAN_POINT('',(20.876729531,2.967900487996));
#1493 = CARTESIAN_POINT('',(22.360679774998,-1.7763568394E-15));
#1494 = ( GEOMETRIC_REPRESENTATION_CONTEXT(2) 
PARAMETRIC_REPRESENTATION_CONTEXT() REPRESENTATION_CONTEXT('2D SPACE',''
  ) );
#1495 = ORIENTED_EDGE('',*,*,#1496,.T.);
#1496 = EDGE_CURVE('',#1476,#1497,#1499,.T.);
#1497 = VERTEX_POINT('',#1498);
#1498 = CARTESIAN_POINT('',(-9.,15.,9.));
#1499 = SURFACE_CURVE('',#1500,(#1504,#1511),.PCURVE_S1.);
#1500 = B_SPLINE_CURVE_WITH_KNOTS('',2,(#1501,#1502,#1503),
  .UNSPECIFIED.,.F.,.F.,(3,3),(0.,1.),.PIECEWISE_BEZIER_KNOTS.);
#1501 = CARTESIAN_POINT('',(-10.,-15.,10.));
#1502 = CARTESIAN_POINT('',(-9.5,-4.052314039882E-15,9.5));
#1503 = CARTESIAN_POINT('',(-9.,15.,9.));
#1504 = PCURVE('',#1438,#1505);
#1505 = DEFINITIONAL_REPRESENTATION('',(#1506),#1510);
#1506 = LINE('',#1507,#1508);
#1507 = CARTESIAN_POINT('',(20.,0.));
#1508 = VECTOR('',#1509,1.);
#1509 = DIRECTION('',(0.,1.));
#1510 = ( GEOMETRIC_REPRESENTATION_CONTEXT(2) 
PARAMETRIC_REPRESENTATION_CONTEXT() REPRESENTATION_CONTEXT('2D SPACE',''
  ) );
#1511 = PCURVE('',#1512,#1519);
#1512 = B_SPLINE_SURFACE_WITH_KNOTS('',1,2,(
    (#1513,#1514,#1515)
    ,(#1516,#1517,#1518
    )),.UNSPECIFIED.,.F.,.F.,.F.,(2,2),(3,3),(20.,21.),(0.,1.),
  .PIECEWISE_BEZIER_KNOTS.);
#1513 = CARTESIAN_POINT('',(-10.,-15.,10.));
#1514 = CARTESIAN_POINT('',(-9.5,-4.052314039882E-15,9.5));
#1515 = CARTESIAN_POINT('',(-9.,15.,9.));
#1516 = CARTESIAN_POINT('',(-6.681786379193,-15.,10.));
#1517 = CARTESIAN_POINT('',(-6.347697060233,-4.052314039882E-15,9.5));
#1518 = CARTESIAN_POINT('',(-6.013607741274,15.,9.));
#1519 = DEFINITIONAL_REPRESENTATION('',(#1520),#1524);
#1520 = LINE('',#1521,#1522);
#1521 = CARTESIAN_POINT('',(20.,0.));
#1522 = VECTOR('',#1523,1.);
#1523 = DIRECTION('',(0.,1.));
#1524 = ( GEOMETRIC_REPRESENTATION_CONTEXT(2) 
PARAMETRIC_REPRESENTATION_CONTEXT() REPRESENTATION_CONTEXT('2D SPACE',''
  ) );
#1525 = ORIENTED_EDGE('',*,*,#1526,.F.);
#1526 = EDGE_CURVE('',#1423,#1497,#1527,.T.);
#1527 = SURFACE_CURVE('',#1528,(#1531,#1538),.PCURVE_S1.);
#1528 = B_SPLINE_CURVE_WITH_KNOTS('',1,(#1529,#1530),.UNSPECIFIED.,.F.,
  .F.,(2,2),(19.,20.),.PIECEWISE_BEZIER_KNOTS.);
#1529 = CARTESIAN_POINT('',(-9.,15.,6.013607741274));
#1530 = CARTESIAN_POINT('',(-9.,15.,9.));
#1531 = PCURVE('',#1438,#1532);
#1532 = DEFINITIONAL_REPRESENTATION('',(#1533),#1537);
#1533 = LINE('',#1534,#1535);
#1534 = CARTESIAN_POINT('',(0.,1.));
#1535 = VECTOR('',#1536,1.);
#1536 = DIRECTION('',(1.,0.));
#1537 = ( GEOMETRIC_REPRESENTATION_CONTEXT(2) 
PARAMETRIC_REPRESENTATION_CONTEXT() REPRESENTATION_CONTEXT('2D SPACE',''
  ) );
#1538 = PCURVE('',#101,#1539);
#1539 = DEFINITIONAL_REPRESENTATION('',(#1540),#1543);
#1540 = B_SPLINE_CURVE_WITH_KNOTS('',1,(#1541,#1542),.UNSPECIFIED.,.F.,
  .F.,(2,2),(19.,20.),.PIECEWISE_BEZIER_KNOTS.);
#1541 = CARTESIAN_POINT('',(18.7890565779,2.671110439196));
#1542 = CARTESIAN_POINT('',(20.124611797498,0.));
#1543 = ( GEOMETRIC_REPRESENTATION_CONTEXT(2) 
PARAMETRIC_REPRESENTATION_CONTEXT() REPRESENTATION_CONTEXT('2D SPACE',''
  ) );
#1544 = ORIENTED_EDGE('',*,*,#1422,.F.);
#1545 = ADVANCED_FACE('',(#1546),#1512,.T.);
#1546 = FACE_BOUND('',#1547,.T.);
#1547 = EDGE_LOOP('',(#1548,#1569,#1599,#1618));
#1548 = ORIENTED_EDGE('',*,*,#1549,.T.);
#1549 = EDGE_CURVE('',#1476,#1550,#1552,.T.);
#1550 = VERTEX_POINT('',#1551);
#1551 = CARTESIAN_POINT('',(-6.681786379193,-15.,10.));
#1552 = SURFACE_CURVE('',#1553,(#1556,#1563),.PCURVE_S1.);
#1553 = B_SPLINE_CURVE_WITH_KNOTS('',1,(#1554,#1555),.UNSPECIFIED.,.F.,
  .F.,(2,2),(20.,21.),.PIECEWISE_BEZIER_KNOTS.);
#1554 = CARTESIAN_POINT('',(-10.,-15.,10.));
#1555 = CARTESIAN_POINT('',(-6.681786379193,-15.,10.));
#1556 = PCURVE('',#1512,#1557);
#1557 = DEFINITIONAL_REPRESENTATION('',(#1558),#1562);
#1558 = LINE('',#1559,#1560);
#1559 = CARTESIAN_POINT('',(0.,0.));
#1560 = VECTOR('',#1561,1.);
#1561 = DIRECTION('',(1.,0.));
#1562 = ( GEOMETRIC_REPRESENTATION_CONTEXT(2) 
PARAMETRIC_REPRESENTATION_CONTEXT() REPRESENTATION_CONTEXT('2D SPACE',''
  ) );
#1563 = PCURVE('',#45,#1564);
#1564 = DEFINITIONAL_REPRESENTATION('',(#1565),#1568);
#1565 = B_SPLINE_CURVE_WITH_KNOTS('',1,(#1566,#1567),.UNSPECIFIED.,.F.,
  .F.,(2,2),(20.,21.),.PIECEWISE_BEZIER_KNOTS.);
#1566 = CARTESIAN_POINT('',(22.360679774998,-1.7763568394E-15));
#1567 = CARTESIAN_POINT('',(19.392779287002,-1.483950243998));
#1568 = ( GEOMETRIC_REPRESENTATION_CONTEXT(2) 
PARAMETRIC_REPRESENTATION_CONTEXT() REPRESENTATION_CONTEXT('2D SPACE',''
  ) );
#1569 = ORIENTED_EDGE('',*,*,#1570,.T.);
#1570 = EDGE_CURVE('',#1550,#1571,#1573,.T.);
#1571 = VERTEX_POINT('',#1572);
#1572 = CARTESIAN_POINT('',(-6.013607741274,15.,9.));
#1573 = SURFACE_CURVE('',#1574,(#1578,#1585),.PCURVE_S1.);
#1574 = B_SPLINE_CURVE_WITH_KNOTS('',2,(#1575,#1576,#1577),
  .UNSPECIFIED.,.F.,.F.,(3,3),(0.,1.),.PIECEWISE_BEZIER_KNOTS.);
#1575 = CARTESIAN_POINT('',(-6.681786379193,-15.,10.));
#1576 = CARTESIAN_POINT('',(-6.347697060233,-4.052314039882E-15,9.5));
#1577 = CARTESIAN_POINT('',(-6.013607741274,15.,9.));
#1578 = PCURVE('',#1512,#1579);
#1579 = DEFINITIONAL_REPRESENTATION('',(#1580),#1584);
#1580 = LINE('',#1581,#1582);
#1581 = CARTESIAN_POINT('',(21.,0.));
#1582 = VECTOR('',#1583,1.);
#1583 = DIRECTION('',(0.,1.));
#1584 = ( GEOMETRIC_REPRESENTATION_CONTEXT(2) 
PARAMETRIC_REPRESENTATION_CONTEXT() REPRESENTATION_CONTEXT('2D SPACE',''
  ) );
#1585 = PCURVE('',#1586,#1593);
#1586 = B_SPLINE_SURFACE_WITH_KNOTS('',1,2,(
    (#1587,#1588,#1589)
    ,(#1590,#1591,#1592
    )),.UNSPECIFIED.,.F.,.F.,.F.,(2,2),(3,3),(21.,22.),(0.,1.),
  .PIECEWISE_BEZIER_KNOTS.);
#1587 = CARTESIAN_POINT('',(-6.681786379193,-15.,10.));
#1588 = CARTESIAN_POINT('',(-6.347697060233,-4.052314039882E-15,9.5));
#1589 = CARTESIAN_POINT('',(-6.013607741274,15.,9.));
#1590 = CARTESIAN_POINT('',(-4.142135623731,-15.,10.));
#1591 = CARTESIAN_POINT('',(-3.935028842544,-4.052314039882E-15,9.5));
#1592 = CARTESIAN_POINT('',(-3.727922061358,15.,9.));
#1593 = DEFINITIONAL_REPRESENTATION('',(#1594),#1598);
#1594 = LINE('',#1595,#1596);
#1595 = CARTESIAN_POINT('',(21.,0.));
#1596 = VECTOR('',#1597,1.);
#1597 = DIRECTION('',(0.,1.));
#1598 = ( GEOMETRIC_REPRESENTATION_CONTEXT(2) 
PARAMETRIC_REPRESENTATION_CONTEXT() REPRESENTATION_CONTEXT('2D SPACE',''
  ) );
#1599 = ORIENTED_EDGE('',*,*,#1600,.F.);
#1600 = EDGE_CURVE('',#1497,#1571,#1601,.T.);
#1601 = SURFACE_CURVE('',#1602,(#1605,#1612),.PCURVE_S1.);
#1602 = B_SPLINE_CURVE_WITH_KNOTS('',1,(#1603,#1604),.UNSPECIFIED.,.F.,
  .F.,(2,2),(20.,21.),.PIECEWISE_BEZIER_KNOTS.);
#1603 = CARTESIAN_POINT('',(-9.,15.,9.));
#1604 = CARTESIAN_POINT('',(-6.013607741274,15.,9.));
#1605 = PCURVE('',#1512,#1606);
#1606 = DEFINITIONAL_REPRESENTATION('',(#1607),#1611);
#1607 = LINE('',#1608,#1609);
#1608 = CARTESIAN_POINT('',(0.,1.));
#1609 = VECTOR('',#1610,1.);
#1610 = DIRECTION('',(1.,0.));
#1611 = ( GEOMETRIC_REPRESENTATION_CONTEXT(2) 
PARAMETRIC_REPRESENTATION_CONTEXT() REPRESENTATION_CONTEXT('2D SPACE',''
  ) );
#1612 = PCURVE('',#101,#1613);
#1613 = DEFINITIONAL_REPRESENTATION('',(#1614),#1617);
#1614 = B_SPLINE_CURVE_WITH_KNOTS('',1,(#1615,#1616),.UNSPECIFIED.,.F.,
  .F.,(2,2),(20.,21.),.PIECEWISE_BEZIER_KNOTS.);
#1615 = CARTESIAN_POINT('',(20.124611797498,0.));
#1616 = CARTESIAN_POINT('',(17.453501358302,-1.335555219598));
#1617 = ( GEOMETRIC_REPRESENTATION_CONTEXT(2) 
PARAMETRIC_REPRESENTATION_CONTEXT() REPRESENTATION_CONTEXT('2D SPACE',''
  ) );
#1618 = ORIENTED_EDGE('',*,*,#1496,.F.);
#1619 = ADVANCED_FACE('',(#1620),#1586,.T.);
#1620 = FACE_BOUND('',#1621,.T.);
#1621 = EDGE_LOOP('',(#1622,#1643,#1673,#1692));
#1622 = ORIENTED_EDGE('',*,*,#1623,.T.);
#1623 = EDGE_CURVE('',#1550,#1624,#1626,.T.);
#1624 = VERTEX_POINT('',#1625);
#1625 = CARTESIAN_POINT('',(-4.142135623731,-15.,10.));
#1626 = SURFACE_CURVE('',#1627,(#1630,#1637),.PCURVE_S1.);
#1627 = B_SPLINE_CURVE_WITH_KNOTS('',1,(#1628,#1629),.UNSPECIFIED.,.F.,
  .F.,(2,2),(21.,22.),.PIECEWISE_BEZIER_KNOTS.);
#1628 = CARTESIAN_POINT('',(-6.681786379193,-15.,10.));
#1629 = CARTESIAN_POINT('',(-4.142135623731,-15.,10.));
#1630 = PCURVE('',#1586,#1631);
#1631 = DEFINITIONAL_REPRESENTATION('',(#1632),#1636);
#1632 = LINE('',#1633,#1634);
#1633 = CARTESIAN_POINT('',(0.,0.));
#1634 = VECTOR('',#1635,1.);
#1635 = DIRECTION('',(1.,0.));
#1636 = ( GEOMETRIC_REPRESENTATION_CONTEXT(2) 
PARAMETRIC_REPRESENTATION_CONTEXT() REPRESENTATION_CONTEXT('2D SPACE',''
  ) );
#1637 = PCURVE('',#45,#1638);
#1638 = DEFINITIONAL_REPRESENTATION('',(#1639),#1642);
#1639 = B_SPLINE_CURVE_WITH_KNOTS('',1,(#1640,#1641),.UNSPECIFIED.,.F.,
  .F.,(2,2),(21.,22.),.PIECEWISE_BEZIER_KNOTS.);
#1640 = CARTESIAN_POINT('',(19.392779287002,-1.483950243998));
#1641 = CARTESIAN_POINT('',(17.121246595673,-2.619716589662));
#1642 = ( GEOMETRIC_REPRESENTATION_CONTEXT(2) 
PARAMETRIC_REPRESENTATION_CONTEXT() REPRESENTATION_CONTEXT('2D SPACE',''
  ) );
#1643 = ORIENTED_EDGE('',*,*,#1644,.T.);
#1644 = EDGE_CURVE('',#1624,#1645,#1647,.T.);
#1645 = VERTEX_POINT('',#1646);
#1646 = CARTESIAN_POINT('',(-3.727922061358,15.,9.));
#1647 = SURFACE_CURVE('',#1648,(#1652,#1659),.PCURVE_S1.);
#1648 = B_SPLINE_CURVE_WITH_KNOTS('',2,(#1649,#1650,#1651),
  .UNSPECIFIED.,.F.,.F.,(3,3),(0.,1.),.PIECEWISE_BEZIER_KNOTS.);
#1649 = CARTESIAN_POINT('',(-4.142135623731,-15.,10.));
#1650 = CARTESIAN_POINT('',(-3.935028842544,-4.052314039882E-15,9.5));
#1651 = CARTESIAN_POINT('',(-3.727922061358,15.,9.));
#1652 = PCURVE('',#1586,#1653);
#1653 = DEFINITIONAL_REPRESENTATION('',(#1654),#1658);
#1654 = LINE('',#1655,#1656);
#1655 = CARTESIAN_POINT('',(22.,0.));
#1656 = VECTOR('',#1657,1.);
#1657 = DIRECTION('',(0.,1.));
#1658 = ( GEOMETRIC_REPRESENTATION_CONTEXT(2) 
PARAMETRIC_REPRESENTATION_CONTEXT() REPRESENTATION_CONTEXT('2D SPACE',''
  ) );
#1659 = PCURVE('',#1660,#1667);
#1660 = B_SPLINE_SURFACE_WITH_KNOTS('',1,2,(
    (#1661,#1662,#1663)
    ,(#1664,#1665,#1666
    )),.UNSPECIFIED.,.F.,.F.,.F.,(2,2),(3,3),(22.,23.),(0.,1.),
  .PIECEWISE_BEZIER_KNOTS.);
#1661 = CARTESIAN_POINT('',(-4.142135623731,-15.,10.));
#1662 = CARTESIAN_POINT('',(-3.935028842544,-4.052314039882E-15,9.5));
#1663 = CARTESIAN_POINT('',(-3.727922061358,15.,9.));
#1664 = CARTESIAN_POINT('',(-1.989123673797,-15.,10.));
#1665 = CARTESIAN_POINT('',(-1.889667490107,-4.052314039882E-15,9.5));
#1666 = CARTESIAN_POINT('',(-1.790211306417,15.,9.));
#1667 = DEFINITIONAL_REPRESENTATION('',(#1668),#1672);
#1668 = LINE('',#1669,#1670);
#1669 = CARTESIAN_POINT('',(22.,0.));
#1670 = VECTOR('',#1671,1.);
#1671 = DIRECTION('',(0.,1.));
#1672 = ( GEOMETRIC_REPRESENTATION_CONTEXT(2) 
PARAMETRIC_REPRESENTATION_CONTEXT() REPRESENTATION_CONTEXT('2D SPACE',''
  ) );
#1673 = ORIENTED_EDGE('',*,*,#1674,.F.);
#1674 = EDGE_CURVE('',#1571,#1645,#1675,.T.);
#1675 = SURFACE_CURVE('',#1676,(#1679,#1686),.PCURVE_S1.);
#1676 = B_SPLINE_CURVE_WITH_KNOTS('',1,(#1677,#1678),.UNSPECIFIED.,.F.,
  .F.,(2,2),(21.,22.),.PIECEWISE_BEZIER_KNOTS.);
#1677 = CARTESIAN_POINT('',(-6.013607741274,15.,9.));
#1678 = CARTESIAN_POINT('',(-3.727922061358,15.,9.));
#1679 = PCURVE('',#1586,#1680);
#1680 = DEFINITIONAL_REPRESENTATION('',(#1681),#1685);
#1681 = LINE('',#1682,#1683);
#1682 = CARTESIAN_POINT('',(0.,1.));
#1683 = VECTOR('',#1684,1.);
#1684 = DIRECTION('',(1.,0.));
#1685 = ( GEOMETRIC_REPRESENTATION_CONTEXT(2) 
PARAMETRIC_REPRESENTATION_CONTEXT() REPRESENTATION_CONTEXT('2D SPACE',''
  ) );
#1686 = PCURVE('',#101,#1687);
#1687 = DEFINITIONAL_REPRESENTATION('',(#1688),#1691);
#1688 = B_SPLINE_CURVE_WITH_KNOTS('',1,(#1689,#1690),.UNSPECIFIED.,.F.,
  .F.,(2,2),(21.,22.),.PIECEWISE_BEZIER_KNOTS.);
#1689 = CARTESIAN_POINT('',(17.453501358302,-1.335555219598));
#1690 = CARTESIAN_POINT('',(15.409121936106,-2.357744930696));
#1691 = ( GEOMETRIC_REPRESENTATION_CONTEXT(2) 
PARAMETRIC_REPRESENTATION_CONTEXT() REPRESENTATION_CONTEXT('2D SPACE',''
  ) );
#1692 = ORIENTED_EDGE('',*,*,#1570,.F.);
#1693 = ADVANCED_FACE('',(#1694),#1660,.T.);
#1694 = FACE_BOUND('',#1695,.T.);
#1695 = EDGE_LOOP('',(#1696,#1717,#1747,#1766));
#1696 = ORIENTED_EDGE('',*,*,#1697,.T.);
#1697 = EDGE_CURVE('',#1624,#1698,#1700,.T.);
#1698 = VERTEX_POINT('',#1699);
#1699 = CARTESIAN_POINT('',(-1.989123673797,-15.,10.));
#1700 = SURFACE_CURVE('',#1701,(#1704,#1711),.PCURVE_S1.);
#1701 = B_SPLINE_CURVE_WITH_KNOTS('',1,(#1702,#1703),.UNSPECIFIED.,.F.,
  .F.,(2,2),(22.,23.),.PIECEWISE_BEZIER_KNOTS.);
#1702 = CARTESIAN_POINT('',(-4.142135623731,-15.,10.));
#1703 = CARTESIAN_POINT('',(-1.989123673797,-15.,10.));
#1704 = PCURVE('',#1660,#1705);
#1705 = DEFINITIONAL_REPRESENTATION('',(#1706),#1710);
#1706 = LINE('',#1707,#1708);
#1707 = CARTESIAN_POINT('',(0.,0.));
#1708 = VECTOR('',#1709,1.);
#1709 = DIRECTION('',(1.,0.));
#1710 = ( GEOMETRIC_REPRESENTATION_CONTEXT(2) 
PARAMETRIC_REPRESENTATION_CONTEXT() REPRESENTATION_CONTEXT('2D SPACE',''
  ) );
#1711 = PCURVE('',#45,#1712);
#1712 = DEFINITIONAL_REPRESENTATION('',(#1713),#1716);
#1713 = B_SPLINE_CURVE_WITH_KNOTS('',1,(#1714,#1715),.UNSPECIFIED.,.F.,
  .F.,(2,2),(22.,23.),.PIECEWISE_BEZIER_KNOTS.);
#1714 = CARTESIAN_POINT('',(17.121246595673,-2.619716589662));
#1715 = CARTESIAN_POINT('',(15.195534165104,-3.582572804947));
#1716 = ( GEOMETRIC_REPRESENTATION_CONTEXT(2) 
PARAMETRIC_REPRESENTATION_CONTEXT() REPRESENTATION_CONTEXT('2D SPACE',''
  ) );
#1717 = ORIENTED_EDGE('',*,*,#1718,.T.);
#1718 = EDGE_CURVE('',#1698,#1719,#1721,.T.);
#1719 = VERTEX_POINT('',#1720);
#1720 = CARTESIAN_POINT('',(-1.790211306417,15.,9.));
#1721 = SURFACE_CURVE('',#1722,(#1726,#1733),.PCURVE_S1.);
#1722 = B_SPLINE_CURVE_WITH_KNOTS('',2,(#1723,#1724,#1725),
  .UNSPECIFIED.,.F.,.F.,(3,3),(0.,1.),.PIECEWISE_BEZIER_KNOTS.);
#1723 = CARTESIAN_POINT('',(-1.989123673797,-15.,10.));
#1724 = CARTESIAN_POINT('',(-1.889667490107,-4.052314039882E-15,9.5));
#1725 = CARTESIAN_POINT('',(-1.790211306417,15.,9.));
#1726 = PCURVE('',#1660,#1727);
#1727 = DEFINITIONAL_REPRESENTATION('',(#1728),#1732);
#1728 = LINE('',#1729,#1730);
#1729 = CARTESIAN_POINT('',(23.,0.));
#1730 = VECTOR('',#1731,1.);
#1731 = DIRECTION('',(0.,1.));
#1732 = ( GEOMETRIC_REPRESENTATION_CONTEXT(2) 
PARAMETRIC_REPRESENTATION_CONTEXT() REPRESENTATION_CONTEXT('2D SPACE',''
  ) );
#1733 = PCURVE('',#1734,#1741);
#1734 = B_SPLINE_SURFACE_WITH_KNOTS('',1,2,(
    (#1735,#1736,#1737)
    ,(#1738,#1739,#1740
    )),.UNSPECIFIED.,.F.,.F.,.F.,(2,2),(3,3),(23.,24.),(0.,1.),
  .PIECEWISE_BEZIER_KNOTS.);
#1735 = CARTESIAN_POINT('',(-1.989123673797,-15.,10.));
#1736 = CARTESIAN_POINT('',(-1.889667490107,-4.052314039882E-15,9.5));
#1737 = CARTESIAN_POINT('',(-1.790211306417,15.,9.));
#1738 = CARTESIAN_POINT('',(-1.836970198721E-15,-15.,10.));
#1739 = CARTESIAN_POINT('',(-1.745121688785E-15,-4.052314039882E-15,9.5)
  );
#1740 = CARTESIAN_POINT('',(-1.653273178849E-15,15.,9.));
#1741 = DEFINITIONAL_REPRESENTATION('',(#1742),#1746);
#1742 = LINE('',#1743,#1744);
#1743 = CARTESIAN_POINT('',(23.,0.));
#1744 = VECTOR('',#1745,1.);
#1745 = DIRECTION('',(0.,1.));
#1746 = ( GEOMETRIC_REPRESENTATION_CONTEXT(2) 
PARAMETRIC_REPRESENTATION_CONTEXT() REPRESENTATION_CONTEXT('2D SPACE',''
  ) );
#1747 = ORIENTED_EDGE('',*,*,#1748,.F.);
#1748 = EDGE_CURVE('',#1645,#1719,#1749,.T.);
#1749 = SURFACE_CURVE('',#1750,(#1753,#1760),.PCURVE_S1.);
#1750 = B_SPLINE_CURVE_WITH_KNOTS('',1,(#1751,#1752),.UNSPECIFIED.,.F.,
  .F.,(2,2),(22.,23.),.PIECEWISE_BEZIER_KNOTS.);
#1751 = CARTESIAN_POINT('',(-3.727922061358,15.,9.));
#1752 = CARTESIAN_POINT('',(-1.790211306417,15.,9.));
#1753 = PCURVE('',#1660,#1754);
#1754 = DEFINITIONAL_REPRESENTATION('',(#1755),#1759);
#1755 = LINE('',#1756,#1757);
#1756 = CARTESIAN_POINT('',(0.,1.));
#1757 = VECTOR('',#1758,1.);
#1758 = DIRECTION('',(1.,0.));
#1759 = ( GEOMETRIC_REPRESENTATION_CONTEXT(2) 
PARAMETRIC_REPRESENTATION_CONTEXT() REPRESENTATION_CONTEXT('2D SPACE',''
  ) );
#1760 = PCURVE('',#101,#1761);
#1761 = DEFINITIONAL_REPRESENTATION('',(#1762),#1765);
#1762 = B_SPLINE_CURVE_WITH_KNOTS('',1,(#1763,#1764),.UNSPECIFIED.,.F.,
  .F.,(2,2),(22.,23.),.PIECEWISE_BEZIER_KNOTS.);
#1763 = CARTESIAN_POINT('',(15.409121936106,-2.357744930696));
#1764 = CARTESIAN_POINT('',(13.675980748594,-3.224315524452));
#1765 = ( GEOMETRIC_REPRESENTATION_CONTEXT(2) 
PARAMETRIC_REPRESENTATION_CONTEXT() REPRESENTATION_CONTEXT('2D SPACE',''
  ) );
#1766 = ORIENTED_EDGE('',*,*,#1644,.F.);
#1767 = ADVANCED_FACE('',(#1768),#1734,.T.);
#1768 = FACE_BOUND('',#1769,.T.);
#1769 = EDGE_LOOP('',(#1770,#1791,#1821,#1840));
#1770 = ORIENTED_EDGE('',*,*,#1771,.T.);
#1771 = EDGE_CURVE('',#1698,#1772,#1774,.T.);
#1772 = VERTEX_POINT('',#1773);
#1773 = CARTESIAN_POINT('',(-1.806663518687E-15,-15.,10.));
#1774 = SURFACE_CURVE('',#1775,(#1778,#1785),.PCURVE_S1.);
#1775 = B_SPLINE_CURVE_WITH_KNOTS('',1,(#1776,#1777),.UNSPECIFIED.,.F.,
  .F.,(2,2),(23.,24.),.PIECEWISE_BEZIER_KNOTS.);
#1776 = CARTESIAN_POINT('',(-1.989123673797,-15.,10.));
#1777 = CARTESIAN_POINT('',(-1.836970198721E-15,-15.,10.));
#1778 = PCURVE('',#1734,#1779);
#1779 = DEFINITIONAL_REPRESENTATION('',(#1780),#1784);
#1780 = LINE('',#1781,#1782);
#1781 = CARTESIAN_POINT('',(0.,0.));
#1782 = VECTOR('',#1783,1.);
#1783 = DIRECTION('',(1.,0.));
#1784 = ( GEOMETRIC_REPRESENTATION_CONTEXT(2) 
PARAMETRIC_REPRESENTATION_CONTEXT() REPRESENTATION_CONTEXT('2D SPACE',''
  ) );
#1785 = PCURVE('',#45,#1786);
#1786 = DEFINITIONAL_REPRESENTATION('',(#1787),#1790);
#1787 = B_SPLINE_CURVE_WITH_KNOTS('',1,(#1788,#1789),.UNSPECIFIED.,.F.,
  .F.,(2,2),(23.,24.),.PIECEWISE_BEZIER_KNOTS.);
#1788 = CARTESIAN_POINT('',(15.195534165104,-3.582572804947));
#1789 = CARTESIAN_POINT('',(13.416407864999,-4.472135955));
#1790 = ( GEOMETRIC_REPRESENTATION_CONTEXT(2) 
PARAMETRIC_REPRESENTATION_CONTEXT() REPRESENTATION_CONTEXT('2D SPACE',''
  ) );
#1791 = ORIENTED_EDGE('',*,*,#1792,.T.);
#1792 = EDGE_CURVE('',#1772,#1793,#1795,.T.);
#1793 = VERTEX_POINT('',#1794);
#1794 = CARTESIAN_POINT('',(-1.603792703679E-15,15.,9.));
#1795 = SURFACE_CURVE('',#1796,(#1800,#1807),.PCURVE_S1.);
#1796 = B_SPLINE_CURVE_WITH_KNOTS('',2,(#1797,#1798,#1799),
  .UNSPECIFIED.,.F.,.F.,(3,3),(0.,1.),.PIECEWISE_BEZIER_KNOTS.);
#1797 = CARTESIAN_POINT('',(-1.836970198721E-15,-15.,10.));
#1798 = CARTESIAN_POINT('',(-1.745121688785E-15,-4.052314039882E-15,9.5)
  );
#1799 = CARTESIAN_POINT('',(-1.653273178849E-15,15.,9.));
#1800 = PCURVE('',#1734,#1801);
#1801 = DEFINITIONAL_REPRESENTATION('',(#1802),#1806);
#1802 = LINE('',#1803,#1804);
#1803 = CARTESIAN_POINT('',(24.,0.));
#1804 = VECTOR('',#1805,1.);
#1805 = DIRECTION('',(0.,1.));
#1806 = ( GEOMETRIC_REPRESENTATION_CONTEXT(2) 
PARAMETRIC_REPRESENTATION_CONTEXT() REPRESENTATION_CONTEXT('2D SPACE',''
  ) );
#1807 = PCURVE('',#1808,#1815);
#1808 = B_SPLINE_SURFACE_WITH_KNOTS('',1,2,(
    (#1809,#1810,#1811)
    ,(#1812,#1813,#1814
    )),.UNSPECIFIED.,.F.,.F.,.F.,(2,2),(3,3),(24.,25.),(0.,1.),
  .PIECEWISE_BEZIER_KNOTS.);
#1809 = CARTESIAN_POINT('',(-1.836970198721E-15,-15.,10.));
#1810 = CARTESIAN_POINT('',(-1.745121688785E-15,-4.052314039882E-15,9.5)
  );
#1811 = CARTESIAN_POINT('',(-1.653273178849E-15,15.,9.));
#1812 = CARTESIAN_POINT('',(1.989123673797,-15.,10.));
#1813 = CARTESIAN_POINT('',(1.889667490107,-4.052314039882E-15,9.5));
#1814 = CARTESIAN_POINT('',(1.790211306417,15.,9.));
#1815 = DEFINITIONAL_REPRESENTATION('',(#1816),#1820);
#1816 = LINE('',#1817,#1818);
#1817 = CARTESIAN_POINT('',(24.,0.));
#1818 = VECTOR('',#1819,1.);
#1819 = DIRECTION('',(0.,1.));
#1820 = ( GEOMETRIC_REPRESENTATION_CONTEXT(2) 
PARAMETRIC_REPRESENTATION_CONTEXT() REPRESENTATION_CONTEXT('2D SPACE',''
  ) );
#1821 = ORIENTED_EDGE('',*,*,#1822,.F.);
#1822 = EDGE_CURVE('',#1719,#1793,#1823,.T.);
#1823 = SURFACE_CURVE('',#1824,(#1827,#1834),.PCURVE_S1.);
#1824 = B_SPLINE_CURVE_WITH_KNOTS('',1,(#1825,#1826),.UNSPECIFIED.,.F.,
  .F.,(2,2),(23.,24.),.PIECEWISE_BEZIER_KNOTS.);
#1825 = CARTESIAN_POINT('',(-1.790211306417,15.,9.));
#1826 = CARTESIAN_POINT('',(-1.653273178849E-15,15.,9.));
#1827 = PCURVE('',#1734,#1828);
#1828 = DEFINITIONAL_REPRESENTATION('',(#1829),#1833);
#1829 = LINE('',#1830,#1831);
#1830 = CARTESIAN_POINT('',(0.,1.));
#1831 = VECTOR('',#1832,1.);
#1832 = DIRECTION('',(1.,0.));
#1833 = ( GEOMETRIC_REPRESENTATION_CONTEXT(2) 
PARAMETRIC_REPRESENTATION_CONTEXT() REPRESENTATION_CONTEXT('2D SPACE',''
  ) );
#1834 = PCURVE('',#101,#1835);
#1835 = DEFINITIONAL_REPRESENTATION('',(#1836),#1839);
#1836 = B_SPLINE_CURVE_WITH_KNOTS('',1,(#1837,#1838),.UNSPECIFIED.,.F.,
  .F.,(2,2),(23.,24.),.PIECEWISE_BEZIER_KNOTS.);
#1837 = CARTESIAN_POINT('',(13.675980748594,-3.224315524452));
#1838 = CARTESIAN_POINT('',(12.074767078499,-4.0249223595));
#1839 = ( GEOMETRIC_REPRESENTATION_CONTEXT(2) 
PARAMETRIC_REPRESENTATION_CONTEXT() REPRESENTATION_CONTEXT('2D SPACE',''
  ) );
#1840 = ORIENTED_EDGE('',*,*,#1718,.F.);
#1841 = ADVANCED_FACE('',(#1842),#1808,.T.);
#1842 = FACE_BOUND('',#1843,.T.);
#1843 = EDGE_LOOP('',(#1844,#1865,#1895,#1914));
#1844 = ORIENTED_EDGE('',*,*,#1845,.T.);
#1845 = EDGE_CURVE('',#1772,#1846,#1848,.T.);
#1846 = VERTEX_POINT('',#1847);
#1847 = CARTESIAN_POINT('',(1.989123673797,-15.,10.));
#1848 = SURFACE_CURVE('',#1849,(#1852,#1859),.PCURVE_S1.);
#1849 = B_SPLINE_CURVE_WITH_KNOTS('',1,(#1850,#1851),.UNSPECIFIED.,.F.,
  .F.,(2,2),(24.,25.),.PIECEWISE_BEZIER_KNOTS.);
#1850 = CARTESIAN_POINT('',(-1.836970198721E-15,-15.,10.));
#1851 = CARTESIAN_POINT('',(1.989123673797,-15.,10.));
#1852 = PCURVE('',#1808,#1853);
#1853 = DEFINITIONAL_REPRESENTATION('',(#1854),#1858);
#1854 = LINE('',#1855,#1856);
#1855 = CARTESIAN_POINT('',(0.,0.));
#1856 = VECTOR('',#1857,1.);
#1857 = DIRECTION('',(1.,0.));
#1858 = ( GEOMETRIC_REPRESENTATION_CONTEXT(2) 
PARAMETRIC_REPRESENTATION_CONTEXT() REPRESENTATION_CONTEXT('2D SPACE',''
  ) );
#1859 = PCURVE('',#45,#1860);
#1860 = DEFINITIONAL_REPRESENTATION('',(#1861),#1864);
#1861 = B_SPLINE_CURVE_WITH_KNOTS('',1,(#1862,#1863),.UNSPECIFIED.,.F.,
  .F.,(2,2),(24.,25.),.PIECEWISE_BEZIER_KNOTS.);
#1862 = CARTESIAN_POINT('',(13.416407864999,-4.472135955));
#1863 = CARTESIAN_POINT('',(11.637281564893,-5.361699105052));
#1864 = ( GEOMETRIC_REPRESENTATION_CONTEXT(2) 
PARAMETRIC_REPRESENTATION_CONTEXT() REPRESENTATION_CONTEXT('2D SPACE',''
  ) );
#1865 = ORIENTED_EDGE('',*,*,#1866,.T.);
#1866 = EDGE_CURVE('',#1846,#1867,#1869,.T.);
#1867 = VERTEX_POINT('',#1868);
#1868 = CARTESIAN_POINT('',(1.790211306417,15.,9.));
#1869 = SURFACE_CURVE('',#1870,(#1874,#1881),.PCURVE_S1.);
#1870 = B_SPLINE_CURVE_WITH_KNOTS('',2,(#1871,#1872,#1873),
  .UNSPECIFIED.,.F.,.F.,(3,3),(0.,1.),.PIECEWISE_BEZIER_KNOTS.);
#1871 = CARTESIAN_POINT('',(1.989123673797,-15.,10.));
#1872 = CARTESIAN_POINT('',(1.889667490107,-4.052314039882E-15,9.5));
#1873 = CARTESIAN_POINT('',(1.790211306417,15.,9.));
#1874 = PCURVE('',#1808,#1875);
#1875 = DEFINITIONAL_REPRESENTATION('',(#1876),#1880);
#1876 = LINE('',#1877,#1878);
#1877 = CARTESIAN_POINT('',(25.,0.));
#1878 = VECTOR('',#1879,1.);
#1879 = DIRECTION('',(0.,1.));
#1880 = ( GEOMETRIC_REPRESENTATION_CONTEXT(2) 
PARAMETRIC_REPRESENTATION_CONTEXT() REPRESENTATION_CONTEXT('2D SPACE',''
  ) );
#1881 = PCURVE('',#1882,#1889);
#1882 = B_SPLINE_SURFACE_WITH_KNOTS('',1,2,(
    (#1883,#1884,#1885)
    ,(#1886,#1887,#1888
    )),.UNSPECIFIED.,.F.,.F.,.F.,(2,2),(3,3),(25.,26.),(0.,1.),
  .PIECEWISE_BEZIER_KNOTS.);
#1883 = CARTESIAN_POINT('',(1.989123673797,-15.,10.));
#1884 = CARTESIAN_POINT('',(1.889667490107,-4.052314039882E-15,9.5));
#1885 = CARTESIAN_POINT('',(1.790211306417,15.,9.));
#1886 = CARTESIAN_POINT('',(4.142135623731,-15.,10.));
#1887 = CARTESIAN_POINT('',(3.935028842544,-4.052314039882E-15,9.5));
#1888 = CARTESIAN_POINT('',(3.727922061358,15.,9.));
#1889 = DEFINITIONAL_REPRESENTATION('',(#1890),#1894);
#1890 = LINE('',#1891,#1892);
#1891 = CARTESIAN_POINT('',(25.,0.));
#1892 = VECTOR('',#1893,1.);
#1893 = DIRECTION('',(0.,1.));
#1894 = ( GEOMETRIC_REPRESENTATION_CONTEXT(2) 
PARAMETRIC_REPRESENTATION_CONTEXT() REPRESENTATION_CONTEXT('2D SPACE',''
  ) );
#1895 = ORIENTED_EDGE('',*,*,#1896,.F.);
#1896 = EDGE_CURVE('',#1793,#1867,#1897,.T.);
#1897 = SURFACE_CURVE('',#1898,(#1901,#1908),.PCURVE_S1.);
#1898 = B_SPLINE_CURVE_WITH_KNOTS('',1,(#1899,#1900),.UNSPECIFIED.,.F.,
  .F.,(2,2),(24.,25.),.PIECEWISE_BEZIER_KNOTS.);
#1899 = CARTESIAN_POINT('',(-1.653273178849E-15,15.,9.));
#1900 = CARTESIAN_POINT('',(1.790211306417,15.,9.));
#1901 = PCURVE('',#1808,#1902);
#1902 = DEFINITIONAL_REPRESENTATION('',(#1903),#1907);
#1903 = LINE('',#1904,#1905);
#1904 = CARTESIAN_POINT('',(0.,1.));
#1905 = VECTOR('',#1906,1.);
#1906 = DIRECTION('',(1.,0.));
#1907 = ( GEOMETRIC_REPRESENTATION_CONTEXT(2) 
PARAMETRIC_REPRESENTATION_CONTEXT() REPRESENTATION_CONTEXT('2D SPACE',''
  ) );
#1908 = PCURVE('',#101,#1909);
#1909 = DEFINITIONAL_REPRESENTATION('',(#1910),#1913);
#1910 = B_SPLINE_CURVE_WITH_KNOTS('',1,(#1911,#1912),.UNSPECIFIED.,.F.,
  .F.,(2,2),(24.,25.),.PIECEWISE_BEZIER_KNOTS.);
#1911 = CARTESIAN_POINT('',(12.074767078499,-4.0249223595));
#1912 = CARTESIAN_POINT('',(10.473553408404,-4.825529194547));
#1913 = ( GEOMETRIC_REPRESENTATION_CONTEXT(2) 
PARAMETRIC_REPRESENTATION_CONTEXT() REPRESENTATION_CONTEXT('2D SPACE',''
  ) );
#1914 = ORIENTED_EDGE('',*,*,#1792,.F.);
#1915 = ADVANCED_FACE('',(#1916),#1882,.T.);
#1916 = FACE_BOUND('',#1917,.T.);
#1917 = EDGE_LOOP('',(#1918,#1939,#1969,#1988));
#1918 = ORIENTED_EDGE('',*,*,#1919,.T.);
#1919 = EDGE_CURVE('',#1846,#1920,#1922,.T.);
#1920 = VERTEX_POINT('',#1921);
#1921 = CARTESIAN_POINT('',(4.142135623731,-15.,10.));
#1922 = SURFACE_CURVE('',#1923,(#1926,#1933),.PCURVE_S1.);
#1923 = B_SPLINE_CURVE_WITH_KNOTS('',1,(#1924,#1925),.UNSPECIFIED.,.F.,
  .F.,(2,2),(25.,26.),.PIECEWISE_BEZIER_KNOTS.);
#1924 = CARTESIAN_POINT('',(1.989123673797,-15.,10.));
#1925 = CARTESIAN_POINT('',(4.142135623731,-15.,10.));
#1926 = PCURVE('',#1882,#1927);
#1927 = DEFINITIONAL_REPRESENTATION('',(#1928),#1932);
#1928 = LINE('',#1929,#1930);
#1929 = CARTESIAN_POINT('',(0.,0.));
#1930 = VECTOR('',#1931,1.);
#1931 = DIRECTION('',(1.,0.));
#1932 = ( GEOMETRIC_REPRESENTATION_CONTEXT(2) 
PARAMETRIC_REPRESENTATION_CONTEXT() REPRESENTATION_CONTEXT('2D SPACE',''
  ) );
#1933 = PCURVE('',#45,#1934);
#1934 = DEFINITIONAL_REPRESENTATION('',(#1935),#1938);
#1935 = B_SPLINE_CURVE_WITH_KNOTS('',1,(#1936,#1937),.UNSPECIFIED.,.F.,
  .F.,(2,2),(25.,26.),.PIECEWISE_BEZIER_KNOTS.);
#1936 = CARTESIAN_POINT('',(11.637281564893,-5.361699105052));
#1937 = CARTESIAN_POINT('',(9.711569134324,-6.324555320337));
#1938 = ( GEOMETRIC_REPRESENTATION_CONTEXT(2) 
PARAMETRIC_REPRESENTATION_CONTEXT() REPRESENTATION_CONTEXT('2D SPACE',''
  ) );
#1939 = ORIENTED_EDGE('',*,*,#1940,.T.);
#1940 = EDGE_CURVE('',#1920,#1941,#1943,.T.);
#1941 = VERTEX_POINT('',#1942);
#1942 = CARTESIAN_POINT('',(3.727922061358,15.,9.));
#1943 = SURFACE_CURVE('',#1944,(#1948,#1955),.PCURVE_S1.);
#1944 = B_SPLINE_CURVE_WITH_KNOTS('',2,(#1945,#1946,#1947),
  .UNSPECIFIED.,.F.,.F.,(3,3),(0.,1.),.PIECEWISE_BEZIER_KNOTS.);
#1945 = CARTESIAN_POINT('',(4.142135623731,-15.,10.));
#1946 = CARTESIAN_POINT('',(3.935028842544,-4.052314039882E-15,9.5));
#1947 = CARTESIAN_POINT('',(3.727922061358,15.,9.));
#1948 = PCURVE('',#1882,#1949);
#1949 = DEFINITIONAL_REPRESENTATION('',(#1950),#1954);
#1950 = LINE('',#1951,#1952);
#1951 = CARTESIAN_POINT('',(26.,0.));
#1952 = VECTOR('',#1953,1.);
#1953 = DIRECTION('',(0.,1.));
#1954 = ( GEOMETRIC_REPRESENTATION_CONTEXT(2) 
PARAMETRIC_REPRESENTATION_CONTEXT() REPRESENTATION_CONTEXT('2D SPACE',''
  ) );
#1955 = PCURVE('',#1956,#1963);
#1956 = B_SPLINE_SURFACE_WITH_KNOTS('',1,2,(
    (#1957,#1958,#1959)
    ,(#1960,#1961,#1962
    )),.UNSPECIFIED.,.F.,.F.,.F.,(2,2),(3,3),(26.,27.),(0.,1.),
  .PIECEWISE_BEZIER_KNOTS.);
#1957 = CARTESIAN_POINT('',(4.142135623731,-15.,10.));
#1958 = CARTESIAN_POINT('',(3.935028842544,-4.052314039882E-15,9.5));
#1959 = CARTESIAN_POINT('',(3.727922061358,15.,9.));
#1960 = CARTESIAN_POINT('',(6.681786379193,-15.,10.));
#1961 = CARTESIAN_POINT('',(6.347697060233,-4.052314039882E-15,9.5));
#1962 = CARTESIAN_POINT('',(6.013607741274,15.,9.));
#1963 = DEFINITIONAL_REPRESENTATION('',(#1964),#1968);
#1964 = LINE('',#1965,#1966);
#1965 = CARTESIAN_POINT('',(26.,0.));
#1966 = VECTOR('',#1967,1.);
#1967 = DIRECTION('',(0.,1.));
#1968 = ( GEOMETRIC_REPRESENTATION_CONTEXT(2) 
PARAMETRIC_REPRESENTATION_CONTEXT() REPRESENTATION_CONTEXT('2D SPACE',''
  ) );
#1969 = ORIENTED_EDGE('',*,*,#1970,.F.);
#1970 = EDGE_CURVE('',#1867,#1941,#1971,.T.);
#1971 = SURFACE_CURVE('',#1972,(#1975,#1982),.PCURVE_S1.);
#1972 = B_SPLINE_CURVE_WITH_KNOTS('',1,(#1973,#1974),.UNSPECIFIED.,.F.,
  .F.,(2,2),(25.,26.),.PIECEWISE_BEZIER_KNOTS.);
#1973 = CARTESIAN_POINT('',(1.790211306417,15.,9.));
#1974 = CARTESIAN_POINT('',(3.727922061358,15.,9.));
#1975 = PCURVE('',#1882,#1976);
#1976 = DEFINITIONAL_REPRESENTATION('',(#1977),#1981);
#1977 = LINE('',#1978,#1979);
#1978 = CARTESIAN_POINT('',(0.,1.));
#1979 = VECTOR('',#1980,1.);
#1980 = DIRECTION('',(1.,0.));
#1981 = ( GEOMETRIC_REPRESENTATION_CONTEXT(2) 
PARAMETRIC_REPRESENTATION_CONTEXT() REPRESENTATION_CONTEXT('2D SPACE',''
  ) );
#1982 = PCURVE('',#101,#1983);
#1983 = DEFINITIONAL_REPRESENTATION('',(#1984),#1987);
#1984 = B_SPLINE_CURVE_WITH_KNOTS('',1,(#1985,#1986),.UNSPECIFIED.,.F.,
  .F.,(2,2),(25.,26.),.PIECEWISE_BEZIER_KNOTS.);
#1985 = CARTESIAN_POINT('',(10.473553408404,-4.825529194547));
#1986 = CARTESIAN_POINT('',(8.740412220892,-5.692099788303));
#1987 = ( GEOMETRIC_REPRESENTATION_CONTEXT(2) 
PARAMETRIC_REPRESENTATION_CONTEXT() REPRESENTATION_CONTEXT('2D SPACE',''
  ) );
#1988 = ORIENTED_EDGE('',*,*,#1866,.F.);
#1989 = ADVANCED_FACE('',(#1990),#1956,.T.);
#1990 = FACE_BOUND('',#1991,.T.);
#1991 = EDGE_LOOP('',(#1992,#2013,#2043,#2062));
#1992 = ORIENTED_EDGE('',*,*,#1993,.T.);
#1993 = EDGE_CURVE('',#1920,#1994,#1996,.T.);
#1994 = VERTEX_POINT('',#1995);
#1995 = CARTESIAN_POINT('',(6.681786379193,-15.,10.));
#1996 = SURFACE_CURVE('',#1997,(#2000,#2007),.PCURVE_S1.);
#1997 = B_SPLINE_CURVE_WITH_KNOTS('',1,(#1998,#1999),.UNSPECIFIED.,.F.,
  .F.,(2,2),(26.,27.),.PIECEWISE_BEZIER_KNOTS.);
#1998 = CARTESIAN_POINT('',(4.142135623731,-15.,10.));
#1999 = CARTESIAN_POINT('',(6.681786379193,-15.,10.));
#2000 = PCURVE('',#1956,#2001);
#2001 = DEFINITIONAL_REPRESENTATION('',(#2002),#2006);
#2002 = LINE('',#2003,#2004);
#2003 = CARTESIAN_POINT('',(0.,0.));
#2004 = VECTOR('',#2005,1.);
#2005 = DIRECTION('',(1.,0.));
#2006 = ( GEOMETRIC_REPRESENTATION_CONTEXT(2) 
PARAMETRIC_REPRESENTATION_CONTEXT() REPRESENTATION_CONTEXT('2D SPACE',''
  ) );
#2007 = PCURVE('',#45,#2008);
#2008 = DEFINITIONAL_REPRESENTATION('',(#2009),#2012);
#2009 = B_SPLINE_CURVE_WITH_KNOTS('',1,(#2010,#2011),.UNSPECIFIED.,.F.,
  .F.,(2,2),(26.,27.),.PIECEWISE_BEZIER_KNOTS.);
#2010 = CARTESIAN_POINT('',(9.711569134324,-6.324555320337));
#2011 = CARTESIAN_POINT('',(7.440036442996,-7.460321666001));
#2012 = ( GEOMETRIC_REPRESENTATION_CONTEXT(2) 
PARAMETRIC_REPRESENTATION_CONTEXT() REPRESENTATION_CONTEXT('2D SPACE',''
  ) );
#2013 = ORIENTED_EDGE('',*,*,#2014,.T.);
#2014 = EDGE_CURVE('',#1994,#2015,#2017,.T.);
#2015 = VERTEX_POINT('',#2016);
#2016 = CARTESIAN_POINT('',(6.013607741274,15.,9.));
#2017 = SURFACE_CURVE('',#2018,(#2022,#2029),.PCURVE_S1.);
#2018 = B_SPLINE_CURVE_WITH_KNOTS('',2,(#2019,#2020,#2021),
  .UNSPECIFIED.,.F.,.F.,(3,3),(0.,1.),.PIECEWISE_BEZIER_KNOTS.);
#2019 = CARTESIAN_POINT('',(6.681786379193,-15.,10.));
#2020 = CARTESIAN_POINT('',(6.347697060233,-4.052314039882E-15,9.5));
#2021 = CARTESIAN_POINT('',(6.013607741274,15.,9.));
#2022 = PCURVE('',#1956,#2023);
#2023 = DEFINITIONAL_REPRESENTATION('',(#2024),#2028);
#2024 = LINE('',#2025,#2026);
#2025 = CARTESIAN_POINT('',(27.,0.));
#2026 = VECTOR('',#2027,1.);
#2027 = DIRECTION('',(0.,1.));
#2028 = ( GEOMETRIC_REPRESENTATION_CONTEXT(2) 
PARAMETRIC_REPRESENTATION_CONTEXT() REPRESENTATION_CONTEXT('2D SPACE',''
  ) );
#2029 = PCURVE('',#2030,#2037);
#2030 = B_SPLINE_SURFACE_WITH_KNOTS('',1,2,(
    (#2031,#2032,#2033)
    ,(#2034,#2035,#2036
    )),.UNSPECIFIED.,.F.,.F.,.F.,(2,2),(3,3),(27.,28.),(0.,1.),
  .PIECEWISE_BEZIER_KNOTS.);
#2031 = CARTESIAN_POINT('',(6.681786379193,-15.,10.));
#2032 = CARTESIAN_POINT('',(6.347697060233,-4.052314039882E-15,9.5));
#2033 = CARTESIAN_POINT('',(6.013607741274,15.,9.));
#2034 = CARTESIAN_POINT('',(10.,-15.,10.));
#2035 = CARTESIAN_POINT('',(9.5,-4.052314039882E-15,9.5));
#2036 = CARTESIAN_POINT('',(9.,15.,9.));
#2037 = DEFINITIONAL_REPRESENTATION('',(#2038),#2042);
#2038 = LINE('',#2039,#2040);
#2039 = CARTESIAN_POINT('',(27.,0.));
#2040 = VECTOR('',#2041,1.);
#2041 = DIRECTION('',(0.,1.));
#2042 = ( GEOMETRIC_REPRESENTATION_CONTEXT(2) 
PARAMETRIC_REPRESENTATION_CONTEXT() REPRESENTATION_CONTEXT('2D SPACE',''
  ) );
#2043 = ORIENTED_EDGE('',*,*,#2044,.F.);
#2044 = EDGE_CURVE('',#1941,#2015,#2045,.T.);
#2045 = SURFACE_CURVE('',#2046,(#2049,#2056),.PCURVE_S1.);
#2046 = B_SPLINE_CURVE_WITH_KNOTS('',1,(#2047,#2048),.UNSPECIFIED.,.F.,
  .F.,(2,2),(26.,27.),.PIECEWISE_BEZIER_KNOTS.);
#2047 = CARTESIAN_POINT('',(3.727922061358,15.,9.));
#2048 = CARTESIAN_POINT('',(6.013607741274,15.,9.));
#2049 = PCURVE('',#1956,#2050);
#2050 = DEFINITIONAL_REPRESENTATION('',(#2051),#2055);
#2051 = LINE('',#2052,#2053);
#2052 = CARTESIAN_POINT('',(0.,1.));
#2053 = VECTOR('',#2054,1.);
#2054 = DIRECTION('',(1.,0.));
#2055 = ( GEOMETRIC_REPRESENTATION_CONTEXT(2) 
PARAMETRIC_REPRESENTATION_CONTEXT() REPRESENTATION_CONTEXT('2D SPACE',''
  ) );
#2056 = PCURVE('',#101,#2057);
#2057 = DEFINITIONAL_REPRESENTATION('',(#2058),#2061);
#2058 = B_SPLINE_CURVE_WITH_KNOTS('',1,(#2059,#2060),.UNSPECIFIED.,.F.,
  .F.,(2,2),(26.,27.),.PIECEWISE_BEZIER_KNOTS.);
#2059 = CARTESIAN_POINT('',(8.740412220892,-5.692099788303));
#2060 = CARTESIAN_POINT('',(6.696032798696,-6.714289499401));
#2061 = ( GEOMETRIC_REPRESENTATION_CONTEXT(2) 
PARAMETRIC_REPRESENTATION_CONTEXT() REPRESENTATION_CONTEXT('2D SPACE',''
  ) );
#2062 = ORIENTED_EDGE('',*,*,#1940,.F.);
#2063 = ADVANCED_FACE('',(#2064),#2030,.T.);
#2064 = FACE_BOUND('',#2065,.T.);
#2065 = EDGE_LOOP('',(#2066,#2087,#2117,#2136));
#2066 = ORIENTED_EDGE('',*,*,#2067,.T.);
#2067 = EDGE_CURVE('',#1994,#2068,#2070,.T.);
#2068 = VERTEX_POINT('',#2069);
#2069 = CARTESIAN_POINT('',(10.,-15.,10.));
#2070 = SURFACE_CURVE('',#2071,(#2074,#2081),.PCURVE_S1.);
#2071 = B_SPLINE_CURVE_WITH_KNOTS('',1,(#2072,#2073),.UNSPECIFIED.,.F.,
  .F.,(2,2),(27.,28.),.PIECEWISE_BEZIER_KNOTS.);
#2072 = CARTESIAN_POINT('',(6.681786379193,-15.,10.));
#2073 = CARTESIAN_POINT('',(10.,-15.,10.));
#2074 = PCURVE('',#2030,#2075);
#2075 = DEFINITIONAL_REPRESENTATION('',(#2076),#2080);
#2076 = LINE('',#2077,#2078);
#2077 = CARTESIAN_POINT('',(0.,0.));
#2078 = VECTOR('',#2079,1.);
#2079 = DIRECTION('',(1.,0.));
#2080 = ( GEOMETRIC_REPRESENTATION_CONTEXT(2) 
PARAMETRIC_REPRESENTATION_CONTEXT() REPRESENTATION_CONTEXT('2D SPACE',''
  ) );
#2081 = PCURVE('',#45,#2082);
#2082 = DEFINITIONAL_REPRESENTATION('',(#2083),#2086);
#2083 = B_SPLINE_CURVE_WITH_KNOTS('',1,(#2084,#2085),.UNSPECIFIED.,.F.,
  .F.,(2,2),(27.,28.),.PIECEWISE_BEZIER_KNOTS.);
#2084 = CARTESIAN_POINT('',(7.440036442996,-7.460321666001));
#2085 = CARTESIAN_POINT('',(4.472135955,-8.944271909999));
#2086 = ( GEOMETRIC_REPRESENTATION_CONTEXT(2) 
PARAMETRIC_REPRESENTATION_CONTEXT() REPRESENTATION_CONTEXT('2D SPACE',''
  ) );
#2087 = ORIENTED_EDGE('',*,*,#2088,.T.);
#2088 = EDGE_CURVE('',#2068,#2089,#2091,.T.);
#2089 = VERTEX_POINT('',#2090);
#2090 = CARTESIAN_POINT('',(9.,15.,9.));
#2091 = SURFACE_CURVE('',#2092,(#2096,#2103),.PCURVE_S1.);
#2092 = B_SPLINE_CURVE_WITH_KNOTS('',2,(#2093,#2094,#2095),
  .UNSPECIFIED.,.F.,.F.,(3,3),(0.,1.),.PIECEWISE_BEZIER_KNOTS.);
#2093 = CARTESIAN_POINT('',(10.,-15.,10.));
#2094 = CARTESIAN_POINT('',(9.5,-4.052314039882E-15,9.5));
#2095 = CARTESIAN_POINT('',(9.,15.,9.));
#2096 = PCURVE('',#2030,#2097);
#2097 = DEFINITIONAL_REPRESENTATION('',(#2098),#2102);
#2098 = LINE('',#2099,#2100);
#2099 = CARTESIAN_POINT('',(28.,0.));
#2100 = VECTOR('',#2101,1.);
#2101 = DIRECTION('',(0.,1.));
#2102 = ( GEOMETRIC_REPRESENTATION_CONTEXT(2) 
PARAMETRIC_REPRESENTATION_CONTEXT() REPRESENTATION_CONTEXT('2D SPACE',''
  ) );
#2103 = PCURVE('',#2104,#2111);
#2104 = B_SPLINE_SURFACE_WITH_KNOTS('',1,2,(
    (#2105,#2106,#2107)
    ,(#2108,#2109,#2110
    )),.UNSPECIFIED.,.F.,.F.,.F.,(2,2),(3,3),(28.,29.),(0.,1.),
  .PIECEWISE_BEZIER_KNOTS.);
#2105 = CARTESIAN_POINT('',(10.,-15.,10.));
#2106 = CARTESIAN_POINT('',(9.5,-4.052314039882E-15,9.5));
#2107 = CARTESIAN_POINT('',(9.,15.,9.));
#2108 = CARTESIAN_POINT('',(10.,-15.,6.681786379193));
#2109 = CARTESIAN_POINT('',(9.5,-3.70233810945E-15,6.347697060233));
#2110 = CARTESIAN_POINT('',(9.,15.,6.013607741274));
#2111 = DEFINITIONAL_REPRESENTATION('',(#2112),#2116);
#2112 = LINE('',#2113,#2114);
#2113 = CARTESIAN_POINT('',(28.,0.));
#2114 = VECTOR('',#2115,1.);
#2115 = DIRECTION('',(0.,1.));
#2116 = ( GEOMETRIC_REPRESENTATION_CONTEXT(2) 
PARAMETRIC_REPRESENTATION_CONTEXT() REPRESENTATION_CONTEXT('2D SPACE',''
  ) );
#2117 = ORIENTED_EDGE('',*,*,#2118,.F.);
#2118 = EDGE_CURVE('',#2015,#2089,#2119,.T.);
#2119 = SURFACE_CURVE('',#2120,(#2123,#2130),.PCURVE_S1.);
#2120 = B_SPLINE_CURVE_WITH_KNOTS('',1,(#2121,#2122),.UNSPECIFIED.,.F.,
  .F.,(2,2),(27.,28.),.PIECEWISE_BEZIER_KNOTS.);
#2121 = CARTESIAN_POINT('',(6.013607741274,15.,9.));
#2122 = CARTESIAN_POINT('',(9.,15.,9.));
#2123 = PCURVE('',#2030,#2124);
#2124 = DEFINITIONAL_REPRESENTATION('',(#2125),#2129);
#2125 = LINE('',#2126,#2127);
#2126 = CARTESIAN_POINT('',(0.,1.));
#2127 = VECTOR('',#2128,1.);
#2128 = DIRECTION('',(1.,0.));
#2129 = ( GEOMETRIC_REPRESENTATION_CONTEXT(2) 
PARAMETRIC_REPRESENTATION_CONTEXT() REPRESENTATION_CONTEXT('2D SPACE',''
  ) );
#2130 = PCURVE('',#101,#2131);
#2131 = DEFINITIONAL_REPRESENTATION('',(#2132),#2135);
#2132 = B_SPLINE_CURVE_WITH_KNOTS('',1,(#2133,#2134),.UNSPECIFIED.,.F.,
  .F.,(2,2),(27.,28.),.PIECEWISE_BEZIER_KNOTS.);
#2133 = CARTESIAN_POINT('',(6.696032798696,-6.714289499401));
#2134 = CARTESIAN_POINT('',(4.0249223595,-8.049844718999));
#2135 = ( GEOMETRIC_REPRESENTATION_CONTEXT(2) 
PARAMETRIC_REPRESENTATION_CONTEXT() REPRESENTATION_CONTEXT('2D SPACE',''
  ) );
#2136 = ORIENTED_EDGE('',*,*,#2014,.F.);
#2137 = ADVANCED_FACE('',(#2138),#2104,.T.);
#2138 = FACE_BOUND('',#2139,.T.);
#2139 = EDGE_LOOP('',(#2140,#2161,#2191,#2210));
#2140 = ORIENTED_EDGE('',*,*,#2141,.T.);
#2141 = EDGE_CURVE('',#2068,#2142,#2144,.T.);
#2142 = VERTEX_POINT('',#2143);
#2143 = CARTESIAN_POINT('',(10.,-15.,6.681786379193));
#2144 = SURFACE_CURVE('',#2145,(#2148,#2155),.PCURVE_S1.);
#2145 = B_SPLINE_CURVE_WITH_KNOTS('',1,(#2146,#2147),.UNSPECIFIED.,.F.,
  .F.,(2,2),(28.,29.),.PIECEWISE_BEZIER_KNOTS.);
#2146 = CARTESIAN_POINT('',(10.,-15.,10.));
#2147 = CARTESIAN_POINT('',(10.,-15.,6.681786379193));
#2148 = PCURVE('',#2104,#2149);
#2149 = DEFINITIONAL_REPRESENTATION('',(#2150),#2154);
#2150 = LINE('',#2151,#2152);
#2151 = CARTESIAN_POINT('',(0.,0.));
#2152 = VECTOR('',#2153,1.);
#2153 = DIRECTION('',(1.,0.));
#2154 = ( GEOMETRIC_REPRESENTATION_CONTEXT(2) 
PARAMETRIC_REPRESENTATION_CONTEXT() REPRESENTATION_CONTEXT('2D SPACE',''
  ) );
#2155 = PCURVE('',#45,#2156);
#2156 = DEFINITIONAL_REPRESENTATION('',(#2157),#2160);
#2157 = B_SPLINE_CURVE_WITH_KNOTS('',1,(#2158,#2159),.UNSPECIFIED.,.F.,
  .F.,(2,2),(28.,29.),.PIECEWISE_BEZIER_KNOTS.);
#2158 = CARTESIAN_POINT('',(4.472135955,-8.944271909999));
#2159 = CARTESIAN_POINT('',(2.988185711002,-5.976371422003));
#2160 = ( GEOMETRIC_REPRESENTATION_CONTEXT(2) 
PARAMETRIC_REPRESENTATION_CONTEXT() REPRESENTATION_CONTEXT('2D SPACE',''
  ) );
#2161 = ORIENTED_EDGE('',*,*,#2162,.T.);
#2162 = EDGE_CURVE('',#2142,#2163,#2165,.T.);
#2163 = VERTEX_POINT('',#2164);
#2164 = CARTESIAN_POINT('',(9.,15.,6.013607741274));
#2165 = SURFACE_CURVE('',#2166,(#2170,#2177),.PCURVE_S1.);
#2166 = B_SPLINE_CURVE_WITH_KNOTS('',2,(#2167,#2168,#2169),
  .UNSPECIFIED.,.F.,.F.,(3,3),(0.,1.),.PIECEWISE_BEZIER_KNOTS.);
#2167 = CARTESIAN_POINT('',(10.,-15.,6.681786379193));
#2168 = CARTESIAN_POINT('',(9.5,-3.70233810945E-15,6.347697060233));
#2169 = CARTESIAN_POINT('',(9.,15.,6.013607741274));
#2170 = PCURVE('',#2104,#2171);
#2171 = DEFINITIONAL_REPRESENTATION('',(#2172),#2176);
#2172 = LINE('',#2173,#2174);
#2173 = CARTESIAN_POINT('',(29.,0.));
#2174 = VECTOR('',#2175,1.);
#2175 = DIRECTION('',(0.,1.));
#2176 = ( GEOMETRIC_REPRESENTATION_CONTEXT(2) 
PARAMETRIC_REPRESENTATION_CONTEXT() REPRESENTATION_CONTEXT('2D SPACE',''
  ) );
#2177 = PCURVE('',#2178,#2185);
#2178 = B_SPLINE_SURFACE_WITH_KNOTS('',1,2,(
    (#2179,#2180,#2181)
    ,(#2182,#2183,#2184
    )),.UNSPECIFIED.,.F.,.F.,.F.,(2,2),(3,3),(29.,30.),(0.,1.),
  .PIECEWISE_BEZIER_KNOTS.);
#2179 = CARTESIAN_POINT('',(10.,-15.,6.681786379193));
#2180 = CARTESIAN_POINT('',(9.5,-3.70233810945E-15,6.347697060233));
#2181 = CARTESIAN_POINT('',(9.,15.,6.013607741274));
#2182 = CARTESIAN_POINT('',(10.,-15.,4.142135623731));
#2183 = CARTESIAN_POINT('',(9.5,-3.434478128844E-15,3.935028842544));
#2184 = CARTESIAN_POINT('',(9.,15.,3.727922061358));
#2185 = DEFINITIONAL_REPRESENTATION('',(#2186),#2190);
#2186 = LINE('',#2187,#2188);
#2187 = CARTESIAN_POINT('',(29.,0.));
#2188 = VECTOR('',#2189,1.);
#2189 = DIRECTION('',(0.,1.));
#2190 = ( GEOMETRIC_REPRESENTATION_CONTEXT(2) 
PARAMETRIC_REPRESENTATION_CONTEXT() REPRESENTATION_CONTEXT('2D SPACE',''
  ) );
#2191 = ORIENTED_EDGE('',*,*,#2192,.F.);
#2192 = EDGE_CURVE('',#2089,#2163,#2193,.T.);
#2193 = SURFACE_CURVE('',#2194,(#2197,#2204),.PCURVE_S1.);
#2194 = B_SPLINE_CURVE_WITH_KNOTS('',1,(#2195,#2196),.UNSPECIFIED.,.F.,
  .F.,(2,2),(28.,29.),.PIECEWISE_BEZIER_KNOTS.);
#2195 = CARTESIAN_POINT('',(9.,15.,9.));
#2196 = CARTESIAN_POINT('',(9.,15.,6.013607741274));
#2197 = PCURVE('',#2104,#2198);
#2198 = DEFINITIONAL_REPRESENTATION('',(#2199),#2203);
#2199 = LINE('',#2200,#2201);
#2200 = CARTESIAN_POINT('',(0.,1.));
#2201 = VECTOR('',#2202,1.);
#2202 = DIRECTION('',(1.,0.));
#2203 = ( GEOMETRIC_REPRESENTATION_CONTEXT(2) 
PARAMETRIC_REPRESENTATION_CONTEXT() REPRESENTATION_CONTEXT('2D SPACE',''
  ) );
#2204 = PCURVE('',#101,#2205);
#2205 = DEFINITIONAL_REPRESENTATION('',(#2206),#2209);
#2206 = B_SPLINE_CURVE_WITH_KNOTS('',1,(#2207,#2208),.UNSPECIFIED.,.F.,
  .F.,(2,2),(28.,29.),.PIECEWISE_BEZIER_KNOTS.);
#2207 = CARTESIAN_POINT('',(4.0249223595,-8.049844718999));
#2208 = CARTESIAN_POINT('',(2.689367139901,-5.378734279803));
#2209 = ( GEOMETRIC_REPRESENTATION_CONTEXT(2) 
PARAMETRIC_REPRESENTATION_CONTEXT() REPRESENTATION_CONTEXT('2D SPACE',''
  ) );
#2210 = ORIENTED_EDGE('',*,*,#2088,.F.);
#2211 = ADVANCED_FACE('',(#2212),#2178,.T.);
#2212 = FACE_BOUND('',#2213,.T.);
#2213 = EDGE_LOOP('',(#2214,#2235,#2265,#2284));
#2214 = ORIENTED_EDGE('',*,*,#2215,.T.);
#2215 = EDGE_CURVE('',#2142,#2216,#2218,.T.);
#2216 = VERTEX_POINT('',#2217);
#2217 = CARTESIAN_POINT('',(10.,-15.,4.142135623731));
#2218 = SURFACE_CURVE('',#2219,(#2222,#2229),.PCURVE_S1.);
#2219 = B_SPLINE_CURVE_WITH_KNOTS('',1,(#2220,#2221),.UNSPECIFIED.,.F.,
  .F.,(2,2),(29.,30.),.PIECEWISE_BEZIER_KNOTS.);
#2220 = CARTESIAN_POINT('',(10.,-15.,6.681786379193));
#2221 = CARTESIAN_POINT('',(10.,-15.,4.142135623731));
#2222 = PCURVE('',#2178,#2223);
#2223 = DEFINITIONAL_REPRESENTATION('',(#2224),#2228);
#2224 = LINE('',#2225,#2226);
#2225 = CARTESIAN_POINT('',(0.,0.));
#2226 = VECTOR('',#2227,1.);
#2227 = DIRECTION('',(1.,0.));
#2228 = ( GEOMETRIC_REPRESENTATION_CONTEXT(2) 
PARAMETRIC_REPRESENTATION_CONTEXT() REPRESENTATION_CONTEXT('2D SPACE',''
  ) );
#2229 = PCURVE('',#45,#2230);
#2230 = DEFINITIONAL_REPRESENTATION('',(#2231),#2234);
#2231 = B_SPLINE_CURVE_WITH_KNOTS('',1,(#2232,#2233),.UNSPECIFIED.,.F.,
  .F.,(2,2),(29.,30.),.PIECEWISE_BEZIER_KNOTS.);
#2232 = CARTESIAN_POINT('',(2.988185711002,-5.976371422003));
#2233 = CARTESIAN_POINT('',(1.852419365337,-3.704838730674));
#2234 = ( GEOMETRIC_REPRESENTATION_CONTEXT(2) 
PARAMETRIC_REPRESENTATION_CONTEXT() REPRESENTATION_CONTEXT('2D SPACE',''
  ) );
#2235 = ORIENTED_EDGE('',*,*,#2236,.T.);
#2236 = EDGE_CURVE('',#2216,#2237,#2239,.T.);
#2237 = VERTEX_POINT('',#2238);
#2238 = CARTESIAN_POINT('',(9.,15.,3.727922061358));
#2239 = SURFACE_CURVE('',#2240,(#2244,#2251),.PCURVE_S1.);
#2240 = B_SPLINE_CURVE_WITH_KNOTS('',2,(#2241,#2242,#2243),
  .UNSPECIFIED.,.F.,.F.,(3,3),(0.,1.),.PIECEWISE_BEZIER_KNOTS.);
#2241 = CARTESIAN_POINT('',(10.,-15.,4.142135623731));
#2242 = CARTESIAN_POINT('',(9.5,-3.434478128844E-15,3.935028842544));
#2243 = CARTESIAN_POINT('',(9.,15.,3.727922061358));
#2244 = PCURVE('',#2178,#2245);
#2245 = DEFINITIONAL_REPRESENTATION('',(#2246),#2250);
#2246 = LINE('',#2247,#2248);
#2247 = CARTESIAN_POINT('',(30.,0.));
#2248 = VECTOR('',#2249,1.);
#2249 = DIRECTION('',(0.,1.));
#2250 = ( GEOMETRIC_REPRESENTATION_CONTEXT(2) 
PARAMETRIC_REPRESENTATION_CONTEXT() REPRESENTATION_CONTEXT('2D SPACE',''
  ) );
#2251 = PCURVE('',#2252,#2259);
#2252 = B_SPLINE_SURFACE_WITH_KNOTS('',1,2,(
    (#2253,#2254,#2255)
    ,(#2256,#2257,#2258
    )),.UNSPECIFIED.,.F.,.F.,.F.,(2,2),(3,3),(30.,31.),(0.,1.),
  .PIECEWISE_BEZIER_KNOTS.);
#2253 = CARTESIAN_POINT('',(10.,-15.,4.142135623731));
#2254 = CARTESIAN_POINT('',(9.5,-3.434478128844E-15,3.935028842544));
#2255 = CARTESIAN_POINT('',(9.,15.,3.727922061358));
#2256 = CARTESIAN_POINT('',(10.,-15.,1.989123673797));
#2257 = CARTESIAN_POINT('',(9.5,-3.207397402128E-15,1.889667490107));
#2258 = CARTESIAN_POINT('',(9.,15.,1.790211306417));
#2259 = DEFINITIONAL_REPRESENTATION('',(#2260),#2264);
#2260 = LINE('',#2261,#2262);
#2261 = CARTESIAN_POINT('',(30.,0.));
#2262 = VECTOR('',#2263,1.);
#2263 = DIRECTION('',(0.,1.));
#2264 = ( GEOMETRIC_REPRESENTATION_CONTEXT(2) 
PARAMETRIC_REPRESENTATION_CONTEXT() REPRESENTATION_CONTEXT('2D SPACE',''
  ) );
#2265 = ORIENTED_EDGE('',*,*,#2266,.F.);
#2266 = EDGE_CURVE('',#2163,#2237,#2267,.T.);
#2267 = SURFACE_CURVE('',#2268,(#2271,#2278),.PCURVE_S1.);
#2268 = B_SPLINE_CURVE_WITH_KNOTS('',1,(#2269,#2270),.UNSPECIFIED.,.F.,
  .F.,(2,2),(29.,30.),.PIECEWISE_BEZIER_KNOTS.);
#2269 = CARTESIAN_POINT('',(9.,15.,6.013607741274));
#2270 = CARTESIAN_POINT('',(9.,15.,3.727922061358));
#2271 = PCURVE('',#2178,#2272);
#2272 = DEFINITIONAL_REPRESENTATION('',(#2273),#2277);
#2273 = LINE('',#2274,#2275);
#2274 = CARTESIAN_POINT('',(0.,1.));
#2275 = VECTOR('',#2276,1.);
#2276 = DIRECTION('',(1.,0.));
#2277 = ( GEOMETRIC_REPRESENTATION_CONTEXT(2) 
PARAMETRIC_REPRESENTATION_CONTEXT() REPRESENTATION_CONTEXT('2D SPACE',''
  ) );
#2278 = PCURVE('',#101,#2279);
#2279 = DEFINITIONAL_REPRESENTATION('',(#2280),#2283);
#2280 = B_SPLINE_CURVE_WITH_KNOTS('',1,(#2281,#2282),.UNSPECIFIED.,.F.,
  .F.,(2,2),(29.,30.),.PIECEWISE_BEZIER_KNOTS.);
#2281 = CARTESIAN_POINT('',(2.689367139901,-5.378734279803));
#2282 = CARTESIAN_POINT('',(1.667177428803,-3.334354857607));
#2283 = ( GEOMETRIC_REPRESENTATION_CONTEXT(2) 
PARAMETRIC_REPRESENTATION_CONTEXT() REPRESENTATION_CONTEXT('2D SPACE',''
  ) );
#2284 = ORIENTED_EDGE('',*,*,#2162,.F.);
#2285 = ADVANCED_FACE('',(#2286),#2252,.T.);
#2286 = FACE_BOUND('',#2287,.T.);
#2287 = EDGE_LOOP('',(#2288,#2309,#2332,#2351));
#2288 = ORIENTED_EDGE('',*,*,#2289,.T.);
#2289 = EDGE_CURVE('',#2216,#2290,#2292,.T.);
#2290 = VERTEX_POINT('',#2291);
#2291 = CARTESIAN_POINT('',(10.,-15.,1.989123673797));
#2292 = SURFACE_CURVE('',#2293,(#2296,#2303),.PCURVE_S1.);
#2293 = B_SPLINE_CURVE_WITH_KNOTS('',1,(#2294,#2295),.UNSPECIFIED.,.F.,
  .F.,(2,2),(30.,31.),.PIECEWISE_BEZIER_KNOTS.);
#2294 = CARTESIAN_POINT('',(10.,-15.,4.142135623731));
#2295 = CARTESIAN_POINT('',(10.,-15.,1.989123673797));
#2296 = PCURVE('',#2252,#2297);
#2297 = DEFINITIONAL_REPRESENTATION('',(#2298),#2302);
#2298 = LINE('',#2299,#2300);
#2299 = CARTESIAN_POINT('',(0.,0.));
#2300 = VECTOR('',#2301,1.);
#2301 = DIRECTION('',(1.,0.));
#2302 = ( GEOMETRIC_REPRESENTATION_CONTEXT(2) 
PARAMETRIC_REPRESENTATION_CONTEXT() REPRESENTATION_CONTEXT('2D SPACE',''
  ) );
#2303 = PCURVE('',#45,#2304);
#2304 = DEFINITIONAL_REPRESENTATION('',(#2305),#2308);
#2305 = B_SPLINE_CURVE_WITH_KNOTS('',1,(#2306,#2307),.UNSPECIFIED.,.F.,
  .F.,(2,2),(30.,31.),.PIECEWISE_BEZIER_KNOTS.);
#2306 = CARTESIAN_POINT('',(1.852419365337,-3.704838730674));
#2307 = CARTESIAN_POINT('',(0.889563150053,-1.779126300105));
#2308 = ( GEOMETRIC_REPRESENTATION_CONTEXT(2) 
PARAMETRIC_REPRESENTATION_CONTEXT() REPRESENTATION_CONTEXT('2D SPACE',''
  ) );
#2309 = ORIENTED_EDGE('',*,*,#2310,.T.);
#2310 = EDGE_CURVE('',#2290,#2311,#2313,.T.);
#2311 = VERTEX_POINT('',#2312);
#2312 = CARTESIAN_POINT('',(9.,15.,1.790211306417));
#2313 = SURFACE_CURVE('',#2314,(#2318,#2325),.PCURVE_S1.);
#2314 = B_SPLINE_CURVE_WITH_KNOTS('',2,(#2315,#2316,#2317),
  .UNSPECIFIED.,.F.,.F.,(3,3),(0.,1.),.PIECEWISE_BEZIER_KNOTS.);
#2315 = CARTESIAN_POINT('',(10.,-15.,1.989123673797));
#2316 = CARTESIAN_POINT('',(9.5,-3.207397402128E-15,1.889667490107));
#2317 = CARTESIAN_POINT('',(9.,15.,1.790211306417));
#2318 = PCURVE('',#2252,#2319);
#2319 = DEFINITIONAL_REPRESENTATION('',(#2320),#2324);
#2320 = LINE('',#2321,#2322);
#2321 = CARTESIAN_POINT('',(31.,0.));
#2322 = VECTOR('',#2323,1.);
#2323 = DIRECTION('',(0.,1.));
#2324 = ( GEOMETRIC_REPRESENTATION_CONTEXT(2) 
PARAMETRIC_REPRESENTATION_CONTEXT() REPRESENTATION_CONTEXT('2D SPACE',''
  ) );
#2325 = PCURVE('',#126,#2326);
#2326 = DEFINITIONAL_REPRESENTATION('',(#2327),#2331);
#2327 = LINE('',#2328,#2329);
#2328 = CARTESIAN_POINT('',(31.,0.));
#2329 = VECTOR('',#2330,1.);
#2330 = DIRECTION('',(0.,1.));
#2331 = ( GEOMETRIC_REPRESENTATION_CONTEXT(2) 
PARAMETRIC_REPRESENTATION_CONTEXT() REPRESENTATION_CONTEXT('2D SPACE',''
  ) );
#2332 = ORIENTED_EDGE('',*,*,#2333,.F.);
#2333 = EDGE_CURVE('',#2237,#2311,#2334,.T.);
#2334 = SURFACE_CURVE('',#2335,(#2338,#2345),.PCURVE_S1.);
#2335 = B_SPLINE_CURVE_WITH_KNOTS('',1,(#2336,#2337),.UNSPECIFIED.,.F.,
  .F.,(2,2),(30.,31.),.PIECEWISE_BEZIER_KNOTS.);
#2336 = CARTESIAN_POINT('',(9.,15.,3.727922061358));
#2337 = CARTESIAN_POINT('',(9.,15.,1.790211306417));
#2338 = PCURVE('',#2252,#2339);
#2339 = DEFINITIONAL_REPRESENTATION('',(#2340),#2344);
#2340 = LINE('',#2341,#2342);
#2341 = CARTESIAN_POINT('',(0.,1.));
#2342 = VECTOR('',#2343,1.);
#2343 = DIRECTION('',(1.,0.));
#2344 = ( GEOMETRIC_REPRESENTATION_CONTEXT(2) 
PARAMETRIC_REPRESENTATION_CONTEXT() REPRESENTATION_CONTEXT('2D SPACE',''
  ) );
#2345 = PCURVE('',#101,#2346);
#2346 = DEFINITIONAL_REPRESENTATION('',(#2347),#2350);
#2347 = B_SPLINE_CURVE_WITH_KNOTS('',1,(#2348,#2349),.UNSPECIFIED.,.F.,
  .F.,(2,2),(30.,31.),.PIECEWISE_BEZIER_KNOTS.);
#2348 = CARTESIAN_POINT('',(1.667177428803,-3.334354857607));
#2349 = CARTESIAN_POINT('',(0.800606835047,-1.601213670095));
#2350 = ( GEOMETRIC_REPRESENTATION_CONTEXT(2) 
PARAMETRIC_REPRESENTATION_CONTEXT() REPRESENTATION_CONTEXT('2D SPACE',''
  ) );
#2351 = ORIENTED_EDGE('',*,*,#2236,.F.);
#2352 = ADVANCED_FACE('',(#2353),#126,.T.);
#2353 = FACE_BOUND('',#2354,.T.);
#2354 = EDGE_LOOP('',(#2355,#2374,#2375,#2394));
#2355 = ORIENTED_EDGE('',*,*,#2356,.T.);
#2356 = EDGE_CURVE('',#2290,#22,#2357,.T.);
#2357 = SURFACE_CURVE('',#2358,(#2361,#2368),.PCURVE_S1.);
#2358 = B_SPLINE_CURVE_WITH_KNOTS('',1,(#2359,#2360),.UNSPECIFIED.,.F.,
  .F.,(2,2),(31.,32.),.PIECEWISE_BEZIER_KNOTS.);
#2359 = CARTESIAN_POINT('',(10.,-15.,1.989123673797));
#2360 = CARTESIAN_POINT('',(10.,-15.,-1.665334536938E-15));
#2361 = PCURVE('',#126,#2362);
#2362 = DEFINITIONAL_REPRESENTATION('',(#2363),#2367);
#2363 = LINE('',#2364,#2365);
#2364 = CARTESIAN_POINT('',(0.,0.));
#2365 = VECTOR('',#2366,1.);
#2366 = DIRECTION('',(1.,0.));
#2367 = ( GEOMETRIC_REPRESENTATION_CONTEXT(2) 
PARAMETRIC_REPRESENTATION_CONTEXT() REPRESENTATION_CONTEXT('2D SPACE',''
  ) );
#2368 = PCURVE('',#45,#2369);
#2369 = DEFINITIONAL_REPRESENTATION('',(#2370),#2373);
#2370 = B_SPLINE_CURVE_WITH_KNOTS('',1,(#2371,#2372),.UNSPECIFIED.,.F.,
  .F.,(2,2),(31.,32.),.PIECEWISE_BEZIER_KNOTS.);
#2371 = CARTESIAN_POINT('',(0.889563150053,-1.779126300105));
#2372 = CARTESIAN_POINT('',(0.,0.));
#2373 = ( GEOMETRIC_REPRESENTATION_CONTEXT(2) 
PARAMETRIC_REPRESENTATION_CONTEXT() REPRESENTATION_CONTEXT('2D SPACE',''
  ) );
#2374 = ORIENTED_EDGE('',*,*,#112,.T.);
#2375 = ORIENTED_EDGE('',*,*,#2376,.F.);
#2376 = EDGE_CURVE('',#2311,#87,#2377,.T.);
#2377 = SURFACE_CURVE('',#2378,(#2381,#2388),.PCURVE_S1.);
#2378 = B_SPLINE_CURVE_WITH_KNOTS('',1,(#2379,#2380),.UNSPECIFIED.,.F.,
  .F.,(2,2),(31.,32.),.PIECEWISE_BEZIER_KNOTS.);
#2379 = CARTESIAN_POINT('',(9.,15.,1.790211306417));
#2380 = CARTESIAN_POINT('',(9.,15.,1.665334536938E-15));
#2381 = PCURVE('',#126,#2382);
#2382 = DEFINITIONAL_REPRESENTATION('',(#2383),#2387);
#2383 = LINE('',#2384,#2385);
#2384 = CARTESIAN_POINT('',(0.,1.));
#2385 = VECTOR('',#2386,1.);
#2386 = DIRECTION('',(1.,0.));
#2387 = ( GEOMETRIC_REPRESENTATION_CONTEXT(2) 
PARAMETRIC_REPRESENTATION_CONTEXT() REPRESENTATION_CONTEXT('2D SPACE',''
  ) );
#2388 = PCURVE('',#101,#2389);
#2389 = DEFINITIONAL_REPRESENTATION('',(#2390),#2393);
#2390 = B_SPLINE_CURVE_WITH_KNOTS('',1,(#2391,#2392),.UNSPECIFIED.,.F.,
  .F.,(2,2),(31.,32.),.PIECEWISE_BEZIER_KNOTS.);
#2391 = CARTESIAN_POINT('',(0.800606835047,-1.601213670095));
#2392 = CARTESIAN_POINT('',(0.,0.));
#2393 = ( GEOMETRIC_REPRESENTATION_CONTEXT(2) 
PARAMETRIC_REPRESENTATION_CONTEXT() REPRESENTATION_CONTEXT('2D SPACE',''
  ) );
#2394 = ORIENTED_EDGE('',*,*,#2310,.F.);
#2395 = ADVANCED_FACE('',(#2396),#45,.T.);
#2396 = FACE_BOUND('',#2397,.T.);
#2397 = EDGE_LOOP('',(#2398,#2399,#2400,#2401,#2402,#2403,#2404,#2405,
    #2406,#2407,#2408,#2409,#2410,#2411,#2412,#2413,#2414,#2415,#2416,
    #2417,#2418,#2419,#2420,#2421,#2422,#2423,#2424,#2425,#2426,#2427,
    #2428,#2429));
#2398 = ORIENTED_EDGE('',*,*,#21,.F.);
#2399 = ORIENTED_EDGE('',*,*,#2356,.F.);
#2400 = ORIENTED_EDGE('',*,*,#2289,.F.);
#2401 = ORIENTED_EDGE('',*,*,#2215,.F.);
#2402 = ORIENTED_EDGE('',*,*,#2141,.F.);
#2403 = ORIENTED_EDGE('',*,*,#2067,.F.);
#2404 = ORIENTED_EDGE('',*,*,#1993,.F.);
#2405 = ORIENTED_EDGE('',*,*,#1919,.F.);
#2406 = ORIENTED_EDGE('',*,*,#1845,.F.);
#2407 = ORIENTED_EDGE('',*,*,#1771,.F.);
#2408 = ORIENTED_EDGE('',*,*,#1697,.F.);
#2409 = ORIENTED_EDGE('',*,*,#1623,.F.);
#2410 = ORIENTED_EDGE('',*,*,#1549,.F.);
#2411 = ORIENTED_EDGE('',*,*,#1475,.F.);
#2412 = ORIENTED_EDGE('',*,*,#1401,.F.);
#2413 = ORIENTED_EDGE('',*,*,#1327,.F.);
#2414 = ORIENTED_EDGE('',*,*,#1253,.F.);
#2415 = ORIENTED_EDGE('',*,*,#1179,.F.);
#2416 = ORIENTED_EDGE('',*,*,#1105,.F.);
#2417 = ORIENTED_EDGE('',*,*,#1031,.F.);
#2418 = ORIENTED_EDGE('',*,*,#957,.F.);
#2419 = ORIENTED_EDGE('',*,*,#883,.F.);
#2420 = ORIENTED_EDGE('',*,*,#809,.F.);
#2421 = ORIENTED_EDGE('',*,*,#735,.F.);
#2422 = ORIENTED_EDGE('',*,*,#661,.F.);
#2423 = ORIENTED_EDGE('',*,*,#587,.F.);
#2424 = ORIENTED_EDGE('',*,*,#513,.F.);
#2425 = ORIENTED_EDGE('',*,*,#439,.F.);
#2426 = ORIENTED_EDGE('',*,*,#365,.F.);
#2427 = ORIENTED_EDGE('',*,*,#291,.F.);
#2428 = ORIENTED_EDGE('',*,*,#217,.F.);
#2429 = ORIENTED_EDGE('',*,*,#143,.F.);
#2430 = ADVANCED_FACE('',(#2431),#101,.F.);
#2431 = FACE_BOUND('',#2432,.T.);
#2432 = EDGE_LOOP('',(#2433,#2434,#2435,#2436,#2437,#2438,#2439,#2440,
    #2441,#2442,#2443,#2444,#2445,#2446,#2447,#2448,#2449,#2450,#2451,
    #2452,#2453,#2454,#2455,#2456,#2457,#2458,#2459,#2460,#2461,#2462,
    #2463,#2464));
#2433 = ORIENTED_EDGE('',*,*,#86,.T.);
#2434 = ORIENTED_EDGE('',*,*,#194,.T.);
#2435 = ORIENTED_EDGE('',*,*,#268,.T.);
#2436 = ORIENTED_EDGE('',*,*,#342,.T.);
#2437 = ORIENTED_EDGE('',*,*,#416,.T.);
#2438 = ORIENTED_EDGE('',*,*,#490,.T.);
#2439 = ORIENTED_EDGE('',*,*,#564,.T.);
#2440 = ORIENTED_EDGE('',*,*,#638,.T.);
#2441 = ORIENTED_EDGE('',*,*,#712,.T.);
#2442 = ORIENTED_EDGE('',*,*,#786,.T.);
#2443 = ORIENTED_EDGE('',*,*,#860,.T.);
#2444 = ORIENTED_EDGE('',*,*,#934,.T.);
#2445 = ORIENTED_EDGE('',*,*,#1008,.T.);
#2446 = ORIENTED_EDGE('',*,*,#1082,.T.);
#2447 = ORIENTED_EDGE('',*,*,#1156,.T.);
#2448 = ORIENTED_EDGE('',*,*,#1230,.T.);
#2449 = ORIENTED_EDGE('',*,*,#1304,.T.);
#2450 = ORIENTED_EDGE('',*,*,#1378,.T.);
#2451 = ORIENTED_EDGE('',*,*,#1452,.T.);
#2452 = ORIENTED_EDGE('',*,*,#1526,.T.);
#2453 = ORIENTED_EDGE('',*,*,#1600,.T.);
#2454 = ORIENTED_EDGE('',*,*,#1674,.T.);
#2455 = ORIENTED_EDGE('',*,*,#1748,.T.);
#2456 = ORIENTED_EDGE('',*,*,#1822,.T.);
#2457 = ORIENTED_EDGE('',*,*,#1896,.T.);
#2458 = ORIENTED_EDGE('',*,*,#1970,.T.);
#2459 = ORIENTED_EDGE('',*,*,#2044,.T.);
#2460 = ORIENTED_EDGE('',*,*,#2118,.T.);
#2461 = ORIENTED_EDGE('',*,*,#2192,.T.);
#2462 = ORIENTED_EDGE('',*,*,#2266,.T.);
#2463 = ORIENTED_EDGE('',*,*,#2333,.T.);
#2464 = ORIENTED_EDGE('',*,*,#2376,.T.);
#2465 = ( GEOMETRIC_REPRESENTATION_CONTEXT(3) 
GLOBAL_UNCERTAINTY_ASSIGNED_CONTEXT((#2469)) 
GLOBAL_UNIT_ASSIGNED_CONTEXT((#2466,#2467,#2468)) REPRESENTATION_CONTEXT
('Context #1','3D Context with UNIT and UNCERTAINTY') );
#2466 = ( LENGTH_UNIT() NAMED_UNIT(*) SI_UNIT(.MILLI.,.METRE.) );
#2467 = ( NAMED_UNIT(*) PLANE_ANGLE_UNIT() SI_UNIT($,.RADIAN.) );
#2468 = ( NAMED_UNIT(*) SI_UNIT($,.STERADIAN.) SOLID_ANGLE_UNIT() );
#2469 = UNCERTAINTY_MEASURE_WITH_UNIT(LENGTH_MEASURE(1.E-07),#2466,
  'distance_accuracy_value','confusion accuracy');
#2470 = PRODUCT_RELATED_PRODUCT_CATEGORY('part',$,(#7));
ENDSEC;
END-ISO-10303-21;
