ISO-10303-21;
HEADER;
FILE_DESCRIPTION(('Open CASCADE Model'),'2;1');
FILE_NAME('Open CASCADE Shape Model','2026-08-24T23:24:06',('Author'),(
    'Open CASCADE'),'Open CASCADE STEP processor 7.6','Open CASCADE 7.6'
  ,'Unknown');
FILE_SCHEMA((
'AP242_MANAGED_MODEL_BASED_3D_ENGINEERING_MIM_LF. {1 0 10303 442 1 1 4 
}'));
ENDSEC;
DATA;
#1 = APPLICATION_PROTOCOL_DEFINITION('international standard',
  'ap242_managed_model_based_3d_engineering',2013,#2);
#2 = APPLICATION_CONTEXT('Managed model based 3d engineering');
#3 = SHAPE_DEFINITION_REPRESENTATION(#4,#10);
#4 = PRODUCT_DEFINITION_SHAPE('','',#5);
#5 = PRODUCT_DEFINITION('design','',#6,#9);
#6 = PRODUCT_DEFINITION_FORMATION('','',#7);
#7 = PRODUCT('Open CASCADE STEP translator 7.6 14',
  'Open CASCADE STEP translator 7.6 14','',(#8));
#8 = PRODUCT_CONTEXT('',#2,'mechanical');
#9 = PRODUCT_DEFINITION_CONTEXT('part definition',#2,'design');
#10 = ADVANCED_BREP_SHAPE_REPRESENTATION('',(#11,#15),#2481);
#11 = AXIS2_PLACEMENT_3D('',#12,#13,#14);
#12 = CARTESIAN_POINT('',(0.,0.,0.));
#13 = DIRECTION('',(0.,0.,1.));
#14 = DIRECTION('',(1.,0.,-0.));
#15 = MANIFOLD_SOLID_BREP('',#16);
#16 = CLOSED_SHELL('',(#17,#209,#309,#409,#509,#609,#709,#809,#909,#1009
    ,#1109,#1209,#1309,#1409,#1509,#1609,#1709,#1809,#1909,#2009,#2109,
    #2209,#2309,#2384,#2427,#2454));
#17 = ADVANCED_FACE('',(#18),#41,.T.);
#18 = FACE_BOUND('',#19,.T.);
#19 = EDGE_LOOP('',(#20,#103,#129,#185));
#20 = ORIENTED_EDGE('',*,*,#21,.F.);
#21 = EDGE_CURVE('',#22,#24,#26,.T.);
#22 = VERTEX_POINT('',#23);
#23 = CARTESIAN_POINT('',(0.45497170647,-1.429335770638,4.999967059989)
  );
#24 = VERTEX_POINT('',#25);
#25 = CARTESIAN_POINT('',(-0.174611959078,10.548559647867,6.385132837124
    ));
#26 = SURFACE_CURVE('',#27,(#40,#72),.PCURVE_S1.);
#27 = B_SPLINE_CURVE_WITH_KNOTS('',11,(#28,#29,#30,#31,#32,#33,#34,#35,
    #36,#37,#38,#39),.UNSPECIFIED.,.F.,.F.,(12,12),(0.,11.810098120014),
  .PIECEWISE_BEZIER_KNOTS.);
#28 = CARTESIAN_POINT('',(0.45497170647,-1.429335770638,4.999967059989)
  );
#29 = CARTESIAN_POINT('',(3.310956512466,-0.520247759542,5.008100621315)
  );
#30 = CARTESIAN_POINT('',(6.324317840516,0.439006265534,3.222272016834)
  );
#31 = CARTESIAN_POINT('',(8.244634917462,1.447824866863,-0.582055397705)
  );
#32 = CARTESIAN_POINT('',(7.536316946956,2.507819875228,-5.595694574378)
  );
#33 = CARTESIAN_POINT('',(3.397813645013,3.59865234162,-9.864175400057)
  );
#34 = CARTESIAN_POINT('',(-3.375613543272,4.744465461937,-10.30297392606
    ));
#35 = CARTESIAN_POINT('',(-8.332868520576,5.889446927671,-6.078429620859
    ));
#36 = CARTESIAN_POINT('',(-9.469419684413,7.069021977986,-0.432986513873
    ));
#37 = CARTESIAN_POINT('',(-7.38022539263,8.238929503161,4.146133083865)
  );
#38 = CARTESIAN_POINT('',(-3.746559250994,9.40364357548,6.388273361287)
  );
#39 = CARTESIAN_POINT('',(-0.174611959078,10.548559647867,6.385132837124
    ));
#40 = PCURVE('',#41,#66);
#41 = B_SPLINE_SURFACE_WITH_KNOTS('',1,11,(
    (#42,#43,#44,#45,#46,#47,#48,#49,#50,#51,#52,#53)
    ,(#54,#55,#56,#57,#58,#59,#60,#61,#62,#63,#64,#65
  )),.UNSPECIFIED.,.F.,.F.,.F.,(2,2),(12,12),(0.,0.39157857666),(0.,
    11.810098120014),.PIECEWISE_BEZIER_KNOTS.);
#42 = CARTESIAN_POINT('',(0.45497170647,-1.429335770638,4.999967059989)
  );
#43 = CARTESIAN_POINT('',(3.310956512466,-0.520247759542,5.008100621315)
  );
#44 = CARTESIAN_POINT('',(6.324317840516,0.439006265534,3.222272016834)
  );
#45 = CARTESIAN_POINT('',(8.244634917462,1.447824866863,-0.582055397705)
  );
#46 = CARTESIAN_POINT('',(7.536316946956,2.507819875228,-5.595694574378)
  );
#47 = CARTESIAN_POINT('',(3.397813645013,3.59865234162,-9.864175400057)
  );
#48 = CARTESIAN_POINT('',(-3.375613543272,4.744465461937,-10.30297392606
    ));
#49 = CARTESIAN_POINT('',(-8.332868520576,5.889446927671,-6.078429620859
    ));
#50 = CARTESIAN_POINT('',(-9.469419684413,7.069021977986,-0.432986513873
    ));
#51 = CARTESIAN_POINT('',(-7.38022539263,8.238929503161,4.146133083865)
  );
#52 = CARTESIAN_POINT('',(-3.746559250994,9.40364357548,6.388273361287)
  );
#53 = CARTESIAN_POINT('',(-0.174611959078,10.548559647867,6.385132837124
    ));
#54 = CARTESIAN_POINT('',(0.439466335602,-1.380624211428,4.611739614832)
  );
#55 = CARTESIAN_POINT('',(3.094779059589,-0.537621296128,4.619595985549)
  );
#56 = CARTESIAN_POINT('',(5.901728439728,0.353684792768,2.959958627564)
  );
#57 = CARTESIAN_POINT('',(7.709266177975,1.296739548294,-0.583284348217)
  );
#58 = CARTESIAN_POINT('',(7.08021750116,2.292017590723,-5.290479585426)
  );
#59 = CARTESIAN_POINT('',(3.248047617511,3.330090079774,-9.365160341246)
  );
#60 = CARTESIAN_POINT('',(-3.218005468676,4.426945722137,-9.959147033604
    ));
#61 = CARTESIAN_POINT('',(-8.158511235905,5.538315216062,-5.943975683603
    ));
#62 = CARTESIAN_POINT('',(-9.367297321365,6.695462318117,-0.381502127161
    ));
#63 = CARTESIAN_POINT('',(-7.331167255759,7.856576360627,4.210617622483)
  );
#64 = CARTESIAN_POINT('',(-3.684487897757,9.026010708618,6.48801021265)
  );
#65 = CARTESIAN_POINT('',(-5.992433962181E-02,10.188257865127,
    6.486932429446));
#66 = DEFINITIONAL_REPRESENTATION('',(#67),#71);
#67 = LINE('',#68,#69);
#68 = CARTESIAN_POINT('',(0.,0.));
#69 = VECTOR('',#70,1.);
#70 = DIRECTION('',(0.,1.));
#71 = ( GEOMETRIC_REPRESENTATION_CONTEXT(2) 
PARAMETRIC_REPRESENTATION_CONTEXT() REPRESENTATION_CONTEXT('2D SPACE',''
  ) );
#72 = PCURVE('',#73,#98);
#73 = B_SPLINE_SURFACE_WITH_KNOTS('',1,11,(
    (#74,#75,#76,#77,#78,#79,#80,#81,#82,#83,#84,#85)
    ,(#86,#87,#88,#89,#90,#91,#92,#93,#94,#95,#96,#97
  )),.UNSPECIFIED.,.F.,.F.,.F.,(2,2),(12,12),(0.,0.39157857666),(0.,
    11.810098120014),.PIECEWISE_BEZIER_KNOTS.);
#74 = CARTESIAN_POINT('',(0.439471507419,-1.380640459169,5.388196749953)
  );
#75 = CARTESIAN_POINT('',(3.496128975738,-0.405467154783,5.396053213126)
  );
#76 = CARTESIAN_POINT('',(6.705173471337,0.618316273017,3.483470527793)
  );
#77 = CARTESIAN_POINT('',(8.716701268445,1.68610244273,-0.567464551732)
  );
#78 = CARTESIAN_POINT('',(7.915684692551,2.800530552049,-5.844914896859)
  );
#79 = CARTESIAN_POINT('',(3.496184007199,3.931737608991,-10.23927718149)
  );
#80 = CARTESIAN_POINT('',(-3.483338852799,5.110375979773,-10.49298414676
    ));
#81 = CARTESIAN_POINT('',(-8.376210431665,6.272893865704,-6.123991295979
    ));
#82 = CARTESIAN_POINT('',(-9.424772601142,7.456463817053,-0.481267803212
    ));
#83 = CARTESIAN_POINT('',(-7.315591404827,8.617390603527,4.01757406197)
  );
#84 = CARTESIAN_POINT('',(-3.747940007863,9.759964104037,6.193927974582)
  );
#85 = CARTESIAN_POINT('',(-0.277400062082,10.871477997143,6.188938730992
    ));
#86 = CARTESIAN_POINT('',(0.45497170647,-1.429335770638,4.999967059989)
  );
#87 = CARTESIAN_POINT('',(3.310956512466,-0.520247759542,5.008100621316)
  );
#88 = CARTESIAN_POINT('',(6.324317840516,0.439006265533,3.222272016834)
  );
#89 = CARTESIAN_POINT('',(8.244634917462,1.447824866864,-0.582055397705)
  );
#90 = CARTESIAN_POINT('',(7.536316946956,2.507819875227,-5.59569457438)
  );
#91 = CARTESIAN_POINT('',(3.397813645013,3.598652341622,-9.864175400055)
  );
#92 = CARTESIAN_POINT('',(-3.375613543272,4.744465461935,-10.30297392607
    ));
#93 = CARTESIAN_POINT('',(-8.332868520576,5.889446927673,-6.078429620857
    ));
#94 = CARTESIAN_POINT('',(-9.469419684413,7.069021977984,-0.432986513875
    ));
#95 = CARTESIAN_POINT('',(-7.38022539263,8.238929503162,4.146133083865)
  );
#96 = CARTESIAN_POINT('',(-3.746559250994,9.40364357548,6.388273361287)
  );
#97 = CARTESIAN_POINT('',(-0.174611959078,10.548559647867,6.385132837124
    ));
#98 = DEFINITIONAL_REPRESENTATION('',(#99),#102);
#99 = B_SPLINE_CURVE_WITH_KNOTS('',1,(#100,#101),.UNSPECIFIED.,.F.,.F.,(
    2,2),(0.,11.810098120014),.PIECEWISE_BEZIER_KNOTS.);
#100 = CARTESIAN_POINT('',(0.39157857666,0.));
#101 = CARTESIAN_POINT('',(0.39157857666,11.810098120014));
#102 = ( GEOMETRIC_REPRESENTATION_CONTEXT(2) 
PARAMETRIC_REPRESENTATION_CONTEXT() REPRESENTATION_CONTEXT('2D SPACE',''
  ) );
#103 = ORIENTED_EDGE('',*,*,#104,.T.);
#104 = EDGE_CURVE('',#22,#105,#107,.T.);
#105 = VERTEX_POINT('',#106);
#106 = CARTESIAN_POINT('',(0.439466335602,-1.380624211428,4.611739614832
    ));
#107 = SURFACE_CURVE('',#108,(#111,#118),.PCURVE_S1.);
#108 = B_SPLINE_CURVE_WITH_KNOTS('',1,(#109,#110),.UNSPECIFIED.,.F.,.F.,
  (2,2),(0.,0.39157857666),.PIECEWISE_BEZIER_KNOTS.);
#109 = CARTESIAN_POINT('',(0.45497170647,-1.429335770638,4.999967059989)
  );
#110 = CARTESIAN_POINT('',(0.439466335602,-1.380624211428,4.611739614832
    ));
#111 = PCURVE('',#41,#112);
#112 = DEFINITIONAL_REPRESENTATION('',(#113),#117);
#113 = LINE('',#114,#115);
#114 = CARTESIAN_POINT('',(0.,0.));
#115 = VECTOR('',#116,1.);
#116 = DIRECTION('',(1.,0.));
#117 = ( GEOMETRIC_REPRESENTATION_CONTEXT(2) 
PARAMETRIC_REPRESENTATION_CONTEXT() REPRESENTATION_CONTEXT('2D SPACE',''
  ) );
#118 = PCURVE('',#119,#124);
#119 = PLANE('',#120);
#120 = AXIS2_PLACEMENT_3D('',#121,#122,#123);
#121 = CARTESIAN_POINT('',(3.295977724662E-15,-7.383462644852E-16,5.));
#122 = DIRECTION('',(0.952890513989,0.303314471053,-1.068268404127E-13)
  );
#123 = DIRECTION('',(-0.303314471053,0.952890513989,6.310887241768E-30)
  );
#124 = DEFINITIONAL_REPRESENTATION('',(#125),#128);
#125 = B_SPLINE_CURVE_WITH_KNOTS('',1,(#126,#127),.UNSPECIFIED.,.F.,.F.,
  (2,2),(0.,0.39157857666),.PIECEWISE_BEZIER_KNOTS.);
#126 = CARTESIAN_POINT('',(-1.499999999638,-3.294001102283E-05));
#127 = CARTESIAN_POINT('',(-1.448880213582,-0.388260385168));
#128 = ( GEOMETRIC_REPRESENTATION_CONTEXT(2) 
PARAMETRIC_REPRESENTATION_CONTEXT() REPRESENTATION_CONTEXT('2D SPACE',''
  ) );
#129 = ORIENTED_EDGE('',*,*,#130,.T.);
#130 = EDGE_CURVE('',#105,#131,#133,.T.);
#131 = VERTEX_POINT('',#132);
#132 = CARTESIAN_POINT('',(-5.992433962181E-02,10.188257865127,
    6.486932429446));
#133 = SURFACE_CURVE('',#134,(#147,#154),.PCURVE_S1.);
#134 = B_SPLINE_CURVE_WITH_KNOTS('',11,(#135,#136,#137,#138,#139,#140,
    #141,#142,#143,#144,#145,#146),.UNSPECIFIED.,.F.,.F.,(12,12),(0.,
    11.810098120014),.PIECEWISE_BEZIER_KNOTS.);
#135 = CARTESIAN_POINT('',(0.439466335602,-1.380624211428,4.611739614832
    ));
#136 = CARTESIAN_POINT('',(3.094779059589,-0.537621296128,4.619595985549
    ));
#137 = CARTESIAN_POINT('',(5.901728439728,0.353684792768,2.959958627564)
  );
#138 = CARTESIAN_POINT('',(7.709266177975,1.296739548294,-0.583284348217
    ));
#139 = CARTESIAN_POINT('',(7.08021750116,2.292017590723,-5.290479585426)
  );
#140 = CARTESIAN_POINT('',(3.248047617511,3.330090079774,-9.365160341246
    ));
#141 = CARTESIAN_POINT('',(-3.218005468676,4.426945722137,
    -9.959147033604));
#142 = CARTESIAN_POINT('',(-8.158511235905,5.538315216062,
    -5.943975683603));
#143 = CARTESIAN_POINT('',(-9.367297321365,6.695462318117,
    -0.381502127161));
#144 = CARTESIAN_POINT('',(-7.331167255759,7.856576360627,4.210617622483
    ));
#145 = CARTESIAN_POINT('',(-3.684487897757,9.026010708618,6.48801021265)
  );
#146 = CARTESIAN_POINT('',(-5.992433962181E-02,10.188257865127,
    6.486932429446));
#147 = PCURVE('',#41,#148);
#148 = DEFINITIONAL_REPRESENTATION('',(#149),#153);
#149 = LINE('',#150,#151);
#150 = CARTESIAN_POINT('',(0.39157857666,0.));
#151 = VECTOR('',#152,1.);
#152 = DIRECTION('',(0.,1.));
#153 = ( GEOMETRIC_REPRESENTATION_CONTEXT(2) 
PARAMETRIC_REPRESENTATION_CONTEXT() REPRESENTATION_CONTEXT('2D SPACE',''
  ) );
#154 = PCURVE('',#155,#180);
#155 = B_SPLINE_SURFACE_WITH_KNOTS('',1,11,(
    (#156,#157,#158,#159,#160,#161,#162,#163,#164,#165,#166,#167)
    ,(#168,#169,#170,#171,#172,#173,#174,#175,#176,#177,#178,#179
  )),.UNSPECIFIED.,.F.,.F.,.F.,(2,2),(12,12),(0.,0.39157857666),(0.,
    11.810098120014),.PIECEWISE_BEZIER_KNOTS.);
#156 = CARTESIAN_POINT('',(0.439466335602,-1.380624211428,4.611739614832
    ));
#157 = CARTESIAN_POINT('',(3.094779059589,-0.537621296128,4.619595985549
    ));
#158 = CARTESIAN_POINT('',(5.901728439728,0.353684792768,2.959958627564)
  );
#159 = CARTESIAN_POINT('',(7.709266177975,1.296739548293,-0.583284348216
    ));
#160 = CARTESIAN_POINT('',(7.080217501159,2.292017590725,-5.290479585427
    ));
#161 = CARTESIAN_POINT('',(3.248047617512,3.330090079772,-9.365160341244
    ));
#162 = CARTESIAN_POINT('',(-3.218005468677,4.426945722139,
    -9.959147033606));
#163 = CARTESIAN_POINT('',(-8.158511235905,5.538315216061,
    -5.943975683601));
#164 = CARTESIAN_POINT('',(-9.367297321365,6.695462318118,
    -0.381502127162));
#165 = CARTESIAN_POINT('',(-7.331167255759,7.856576360626,4.210617622484
    ));
#166 = CARTESIAN_POINT('',(-3.684487897757,9.026010708618,6.488010212649
    ));
#167 = CARTESIAN_POINT('',(-5.992433962181E-02,10.188257865127,
    6.486932429446));
#168 = CARTESIAN_POINT('',(0.394012060215,-1.237825393799,4.249971473294
    ));
#169 = CARTESIAN_POINT('',(2.862328753269,-0.456403786733,4.25701525472)
  );
#170 = CARTESIAN_POINT('',(5.466204038273,0.368166372088,2.714406583968)
  );
#171 = CARTESIAN_POINT('',(7.147079544842,1.243142701806,-0.571067652321
    ));
#172 = CARTESIAN_POINT('',(6.578468778651,2.167830267591,-4.950069827103
    ));
#173 = CARTESIAN_POINT('',(3.05709223197,3.144352897781,-8.77623905666)
  );
#174 = CARTESIAN_POINT('',(-3.021255358836,4.17945520591,-9.484934703884
    ));
#175 = CARTESIAN_POINT('',(-7.865020738465,5.243427776754,
    -5.729792297843));
#176 = CARTESIAN_POINT('',(-9.125364982274,6.361242310929,
    -0.330323218943));
#177 = CARTESIAN_POINT('',(-7.171760225169,7.496387910719,4.206633163084
    ));
#178 = CARTESIAN_POINT('',(-3.565956008296,8.652800559259,6.486341627074
    ));
#179 = CARTESIAN_POINT('',(5.884702454962E-02,9.815126619989,
    6.487400033974));
#180 = DEFINITIONAL_REPRESENTATION('',(#181),#184);
#181 = B_SPLINE_CURVE_WITH_KNOTS('',1,(#182,#183),.UNSPECIFIED.,.F.,.F.,
  (2,2),(0.,11.810098120014),.PIECEWISE_BEZIER_KNOTS.);
#182 = CARTESIAN_POINT('',(0.,0.));
#183 = CARTESIAN_POINT('',(0.,11.810098120014));
#184 = ( GEOMETRIC_REPRESENTATION_CONTEXT(2) 
PARAMETRIC_REPRESENTATION_CONTEXT() REPRESENTATION_CONTEXT('2D SPACE',''
  ) );
#185 = ORIENTED_EDGE('',*,*,#186,.F.);
#186 = EDGE_CURVE('',#24,#131,#187,.T.);
#187 = SURFACE_CURVE('',#188,(#191,#198),.PCURVE_S1.);
#188 = B_SPLINE_CURVE_WITH_KNOTS('',1,(#189,#190),.UNSPECIFIED.,.F.,.F.,
  (2,2),(0.,0.39157857666),.PIECEWISE_BEZIER_KNOTS.);
#189 = CARTESIAN_POINT('',(-0.174611959078,10.548559647867,
    6.385132837124));
#190 = CARTESIAN_POINT('',(-5.992433962181E-02,10.188257865127,
    6.486932429446));
#191 = PCURVE('',#41,#192);
#192 = DEFINITIONAL_REPRESENTATION('',(#193),#197);
#193 = LINE('',#194,#195);
#194 = CARTESIAN_POINT('',(0.,11.810098120014));
#195 = VECTOR('',#196,1.);
#196 = DIRECTION('',(1.,0.));
#197 = ( GEOMETRIC_REPRESENTATION_CONTEXT(2) 
PARAMETRIC_REPRESENTATION_CONTEXT() REPRESENTATION_CONTEXT('2D SPACE',''
  ) );
#198 = PCURVE('',#199,#204);
#199 = PLANE('',#200);
#200 = AXIS2_PLACEMENT_3D('',#201,#202,#203);
#201 = CARTESIAN_POINT('',(-9.259600502909E-14,10.,5.));
#202 = DIRECTION('',(0.952890513989,0.303314471053,-6.854036695876E-14)
  );
#203 = DIRECTION('',(-0.303314471053,0.952890513989,3.155443620884E-30)
  );
#204 = DEFINITIONAL_REPRESENTATION('',(#205),#208);
#205 = B_SPLINE_CURVE_WITH_KNOTS('',1,(#206,#207),.UNSPECIFIED.,.F.,.F.,
  (2,2),(0.,0.39157857666),.PIECEWISE_BEZIER_KNOTS.);
#206 = CARTESIAN_POINT('',(0.575679618817,1.385132837124));
#207 = CARTESIAN_POINT('',(0.197565053239,1.486932429446));
#208 = ( GEOMETRIC_REPRESENTATION_CONTEXT(2) 
PARAMETRIC_REPRESENTATION_CONTEXT() REPRESENTATION_CONTEXT('2D SPACE',''
  ) );
#209 = ADVANCED_FACE('',(#210),#155,.T.);
#210 = FACE_BOUND('',#211,.T.);
#211 = EDGE_LOOP('',(#212,#213,#234,#290));
#212 = ORIENTED_EDGE('',*,*,#130,.F.);
#213 = ORIENTED_EDGE('',*,*,#214,.T.);
#214 = EDGE_CURVE('',#105,#215,#217,.T.);
#215 = VERTEX_POINT('',#216);
#216 = CARTESIAN_POINT('',(0.394012060215,-1.237825393799,4.249971473294
    ));
#217 = SURFACE_CURVE('',#218,(#221,#228),.PCURVE_S1.);
#218 = B_SPLINE_CURVE_WITH_KNOTS('',1,(#219,#220),.UNSPECIFIED.,.F.,.F.,
  (2,2),(0.,0.39157857666),.PIECEWISE_BEZIER_KNOTS.);
#219 = CARTESIAN_POINT('',(0.439466335602,-1.380624211428,4.611739614832
    ));
#220 = CARTESIAN_POINT('',(0.394012060215,-1.237825393799,4.249971473294
    ));
#221 = PCURVE('',#155,#222);
#222 = DEFINITIONAL_REPRESENTATION('',(#223),#227);
#223 = LINE('',#224,#225);
#224 = CARTESIAN_POINT('',(0.,0.));
#225 = VECTOR('',#226,1.);
#226 = DIRECTION('',(1.,0.));
#227 = ( GEOMETRIC_REPRESENTATION_CONTEXT(2) 
PARAMETRIC_REPRESENTATION_CONTEXT() REPRESENTATION_CONTEXT('2D SPACE',''
  ) );
#228 = PCURVE('',#119,#229);
#229 = DEFINITIONAL_REPRESENTATION('',(#230),#233);
#230 = B_SPLINE_CURVE_WITH_KNOTS('',1,(#231,#232),.UNSPECIFIED.,.F.,.F.,
  (2,2),(0.,0.39157857666),.PIECEWISE_BEZIER_KNOTS.);
#231 = CARTESIAN_POINT('',(-1.448880213582,-0.388260385168));
#232 = CARTESIAN_POINT('',(-1.299021635358,-0.750028526705));
#233 = ( GEOMETRIC_REPRESENTATION_CONTEXT(2) 
PARAMETRIC_REPRESENTATION_CONTEXT() REPRESENTATION_CONTEXT('2D SPACE',''
  ) );
#234 = ORIENTED_EDGE('',*,*,#235,.T.);
#235 = EDGE_CURVE('',#215,#236,#238,.T.);
#236 = VERTEX_POINT('',#237);
#237 = CARTESIAN_POINT('',(5.884702454963E-02,9.815126619989,
    6.487400033974));
#238 = SURFACE_CURVE('',#239,(#252,#259),.PCURVE_S1.);
#239 = B_SPLINE_CURVE_WITH_KNOTS('',11,(#240,#241,#242,#243,#244,#245,
    #246,#247,#248,#249,#250,#251),.UNSPECIFIED.,.F.,.F.,(12,12),(0.,
    11.810098120014),.PIECEWISE_BEZIER_KNOTS.);
#240 = CARTESIAN_POINT('',(0.394012060215,-1.237825393799,4.249971473294
    ));
#241 = CARTESIAN_POINT('',(2.862328753269,-0.456403786733,4.25701525472)
  );
#242 = CARTESIAN_POINT('',(5.466204038273,0.368166372088,2.714406583968)
  );
#243 = CARTESIAN_POINT('',(7.147079544842,1.243142701806,-0.571067652321
    ));
#244 = CARTESIAN_POINT('',(6.578468778651,2.167830267591,-4.950069827103
    ));
#245 = CARTESIAN_POINT('',(3.05709223197,3.144352897781,-8.77623905666)
  );
#246 = CARTESIAN_POINT('',(-3.021255358836,4.17945520591,-9.484934703884
    ));
#247 = CARTESIAN_POINT('',(-7.865020738465,5.243427776754,
    -5.729792297843));
#248 = CARTESIAN_POINT('',(-9.125364982274,6.361242310929,
    -0.330323218943));
#249 = CARTESIAN_POINT('',(-7.171760225169,7.496387910719,4.206633163084
    ));
#250 = CARTESIAN_POINT('',(-3.565956008296,8.652800559259,6.486341627074
    ));
#251 = CARTESIAN_POINT('',(5.884702454962E-02,9.815126619989,
    6.487400033974));
#252 = PCURVE('',#155,#253);
#253 = DEFINITIONAL_REPRESENTATION('',(#254),#258);
#254 = LINE('',#255,#256);
#255 = CARTESIAN_POINT('',(0.39157857666,0.));
#256 = VECTOR('',#257,1.);
#257 = DIRECTION('',(0.,1.));
#258 = ( GEOMETRIC_REPRESENTATION_CONTEXT(2) 
PARAMETRIC_REPRESENTATION_CONTEXT() REPRESENTATION_CONTEXT('2D SPACE',''
  ) );
#259 = PCURVE('',#260,#285);
#260 = B_SPLINE_SURFACE_WITH_KNOTS('',1,11,(
    (#261,#262,#263,#264,#265,#266,#267,#268,#269,#270,#271,#272)
    ,(#273,#274,#275,#276,#277,#278,#279,#280,#281,#282,#283,#284
  )),.UNSPECIFIED.,.F.,.F.,.F.,(2,2),(12,12),(0.,0.39157857666),(0.,
    11.810098120014),.PIECEWISE_BEZIER_KNOTS.);
#261 = CARTESIAN_POINT('',(0.394012060215,-1.237825393799,4.249971473294
    ));
#262 = CARTESIAN_POINT('',(2.862328753269,-0.456403786733,4.25701525472)
  );
#263 = CARTESIAN_POINT('',(5.466204038272,0.368166372088,2.714406583968)
  );
#264 = CARTESIAN_POINT('',(7.147079544843,1.243142701807,-0.571067652321
    ));
#265 = CARTESIAN_POINT('',(6.578468778648,2.167830267589,-4.950069827103
    ));
#266 = CARTESIAN_POINT('',(3.057092231974,3.144352897783,-8.77623905666)
  );
#267 = CARTESIAN_POINT('',(-3.02125535884,4.179455205908,-9.484934703884
    ));
#268 = CARTESIAN_POINT('',(-7.865020738462,5.243427776756,
    -5.729792297844));
#269 = CARTESIAN_POINT('',(-9.125364982276,6.361242310928,
    -0.330323218943));
#270 = CARTESIAN_POINT('',(-7.171760225168,7.49638791072,4.206633163083)
  );
#271 = CARTESIAN_POINT('',(-3.565956008296,8.652800559259,6.486341627074
    ));
#272 = CARTESIAN_POINT('',(5.884702454963E-02,9.815126619989,
    6.487400033974));
#273 = CARTESIAN_POINT('',(0.321706514061,-1.010670821185,3.939316536371
    ));
#274 = CARTESIAN_POINT('',(2.62944669774,-0.282130070404,3.945067706441)
  );
#275 = CARTESIAN_POINT('',(5.047424904372,0.481464107796,2.502349852024)
  );
#276 = CARTESIAN_POINT('',(6.596387108056,1.290686863912,-0.546237857654
    ));
#277 = CARTESIAN_POINT('',(6.065264125685,2.143721066674,-4.597663661887
    ));
#278 = CARTESIAN_POINT('',(2.837960782351,3.054098477647,-8.137545558604
    ));
#279 = CARTESIAN_POINT('',(-2.7987714086,4.018859982941,-8.912653723506)
  );
#280 = CARTESIAN_POINT('',(-7.472397920633,5.02488070141,-5.450475707366
    ));
#281 = CARTESIAN_POINT('',(-8.760109956242,6.089138497588,
    -0.282937547238));
#282 = CARTESIAN_POINT('',(-6.91286762656,7.18291040106,4.134451239989)
  );
#283 = CARTESIAN_POINT('',(-3.399041334995,8.309446782324,6.383381315908
    ));
#284 = CARTESIAN_POINT('',(0.173608061247,9.454594190182,6.386503784231)
  );
#285 = DEFINITIONAL_REPRESENTATION('',(#286),#289);
#286 = B_SPLINE_CURVE_WITH_KNOTS('',1,(#287,#288),.UNSPECIFIED.,.F.,.F.,
  (2,2),(0.,11.810098120014),.PIECEWISE_BEZIER_KNOTS.);
#287 = CARTESIAN_POINT('',(0.,0.));
#288 = CARTESIAN_POINT('',(0.,11.810098120014));
#289 = ( GEOMETRIC_REPRESENTATION_CONTEXT(2) 
PARAMETRIC_REPRESENTATION_CONTEXT() REPRESENTATION_CONTEXT('2D SPACE',''
  ) );
#290 = ORIENTED_EDGE('',*,*,#291,.F.);
#291 = EDGE_CURVE('',#131,#236,#292,.T.);
#292 = SURFACE_CURVE('',#293,(#296,#303),.PCURVE_S1.);
#293 = B_SPLINE_CURVE_WITH_KNOTS('',1,(#294,#295),.UNSPECIFIED.,.F.,.F.,
  (2,2),(0.,0.39157857666),.PIECEWISE_BEZIER_KNOTS.);
#294 = CARTESIAN_POINT('',(-5.992433962181E-02,10.188257865127,
    6.486932429446));
#295 = CARTESIAN_POINT('',(5.884702454962E-02,9.815126619989,
    6.487400033974));
#296 = PCURVE('',#155,#297);
#297 = DEFINITIONAL_REPRESENTATION('',(#298),#302);
#298 = LINE('',#299,#300);
#299 = CARTESIAN_POINT('',(0.,11.810098120014));
#300 = VECTOR('',#301,1.);
#301 = DIRECTION('',(1.,0.));
#302 = ( GEOMETRIC_REPRESENTATION_CONTEXT(2) 
PARAMETRIC_REPRESENTATION_CONTEXT() REPRESENTATION_CONTEXT('2D SPACE',''
  ) );
#303 = PCURVE('',#199,#304);
#304 = DEFINITIONAL_REPRESENTATION('',(#305),#308);
#305 = B_SPLINE_CURVE_WITH_KNOTS('',1,(#306,#307),.UNSPECIFIED.,.F.,.F.,
  (2,2),(0.,0.39157857666),.PIECEWISE_BEZIER_KNOTS.);
#306 = CARTESIAN_POINT('',(0.197565053239,1.486932429446));
#307 = CARTESIAN_POINT('',(-0.194013244226,1.487400033974));
#308 = ( GEOMETRIC_REPRESENTATION_CONTEXT(2) 
PARAMETRIC_REPRESENTATION_CONTEXT() REPRESENTATION_CONTEXT('2D SPACE',''
  ) );
#309 = ADVANCED_FACE('',(#310),#260,.T.);
#310 = FACE_BOUND('',#311,.T.);
#311 = EDGE_LOOP('',(#312,#313,#334,#390));
#312 = ORIENTED_EDGE('',*,*,#235,.F.);
#313 = ORIENTED_EDGE('',*,*,#314,.T.);
#314 = EDGE_CURVE('',#215,#315,#317,.T.);
#315 = VERTEX_POINT('',#316);
#316 = CARTESIAN_POINT('',(0.321706514061,-1.010670821185,3.939316536371
    ));
#317 = SURFACE_CURVE('',#318,(#321,#328),.PCURVE_S1.);
#318 = B_SPLINE_CURVE_WITH_KNOTS('',1,(#319,#320),.UNSPECIFIED.,.F.,.F.,
  (2,2),(0.,0.39157857666),.PIECEWISE_BEZIER_KNOTS.);
#319 = CARTESIAN_POINT('',(0.394012060215,-1.237825393799,4.249971473294
    ));
#320 = CARTESIAN_POINT('',(0.321706514061,-1.010670821185,3.939316536371
    ));
#321 = PCURVE('',#260,#322);
#322 = DEFINITIONAL_REPRESENTATION('',(#323),#327);
#323 = LINE('',#324,#325);
#324 = CARTESIAN_POINT('',(0.,0.));
#325 = VECTOR('',#326,1.);
#326 = DIRECTION('',(1.,0.));
#327 = ( GEOMETRIC_REPRESENTATION_CONTEXT(2) 
PARAMETRIC_REPRESENTATION_CONTEXT() REPRESENTATION_CONTEXT('2D SPACE',''
  ) );
#328 = PCURVE('',#119,#329);
#329 = DEFINITIONAL_REPRESENTATION('',(#330),#333);
#330 = B_SPLINE_CURVE_WITH_KNOTS('',1,(#331,#332),.UNSPECIFIED.,.F.,.F.,
  (2,2),(0.,0.39157857666),.PIECEWISE_BEZIER_KNOTS.);
#331 = CARTESIAN_POINT('',(-1.299021635358,-0.750028526706));
#332 = CARTESIAN_POINT('',(-1.060636879419,-1.060683463629));
#333 = ( GEOMETRIC_REPRESENTATION_CONTEXT(2) 
PARAMETRIC_REPRESENTATION_CONTEXT() REPRESENTATION_CONTEXT('2D SPACE',''
  ) );
#334 = ORIENTED_EDGE('',*,*,#335,.T.);
#335 = EDGE_CURVE('',#315,#336,#338,.T.);
#336 = VERTEX_POINT('',#337);
#337 = CARTESIAN_POINT('',(0.173608061247,9.454594190182,6.386503784231)
  );
#338 = SURFACE_CURVE('',#339,(#352,#359),.PCURVE_S1.);
#339 = B_SPLINE_CURVE_WITH_KNOTS('',11,(#340,#341,#342,#343,#344,#345,
    #346,#347,#348,#349,#350,#351),.UNSPECIFIED.,.F.,.F.,(12,12),(0.,
    11.810098120014),.PIECEWISE_BEZIER_KNOTS.);
#340 = CARTESIAN_POINT('',(0.321706514061,-1.010670821185,3.939316536371
    ));
#341 = CARTESIAN_POINT('',(2.62944669774,-0.282130070404,3.945067706441)
  );
#342 = CARTESIAN_POINT('',(5.047424904372,0.481464107796,2.502349852024)
  );
#343 = CARTESIAN_POINT('',(6.596387108056,1.290686863912,-0.546237857654
    ));
#344 = CARTESIAN_POINT('',(6.065264125685,2.143721066674,-4.597663661887
    ));
#345 = CARTESIAN_POINT('',(2.837960782351,3.054098477647,-8.137545558604
    ));
#346 = CARTESIAN_POINT('',(-2.7987714086,4.018859982941,-8.912653723506)
  );
#347 = CARTESIAN_POINT('',(-7.472397920633,5.02488070141,-5.450475707366
    ));
#348 = CARTESIAN_POINT('',(-8.760109956242,6.089138497588,
    -0.282937547238));
#349 = CARTESIAN_POINT('',(-6.91286762656,7.18291040106,4.134451239989)
  );
#350 = CARTESIAN_POINT('',(-3.399041334995,8.309446782324,6.383381315908
    ));
#351 = CARTESIAN_POINT('',(0.173608061247,9.454594190182,6.386503784231)
  );
#352 = PCURVE('',#260,#353);
#353 = DEFINITIONAL_REPRESENTATION('',(#354),#358);
#354 = LINE('',#355,#356);
#355 = CARTESIAN_POINT('',(0.39157857666,0.));
#356 = VECTOR('',#357,1.);
#357 = DIRECTION('',(0.,1.));
#358 = ( GEOMETRIC_REPRESENTATION_CONTEXT(2) 
PARAMETRIC_REPRESENTATION_CONTEXT() REPRESENTATION_CONTEXT('2D SPACE',''
  ) );
#359 = PCURVE('',#360,#385);
#360 = B_SPLINE_SURFACE_WITH_KNOTS('',1,11,(
    (#361,#362,#363,#364,#365,#366,#367,#368,#369,#370,#371,#372)
    ,(#373,#374,#375,#376,#377,#378,#379,#380,#381,#382,#383,#384
  )),.UNSPECIFIED.,.F.,.F.,.F.,(2,2),(12,12),(0.,0.39157857666),(0.,
    11.810098120014),.PIECEWISE_BEZIER_KNOTS.);
#361 = CARTESIAN_POINT('',(0.321706514061,-1.010670821185,3.939316536371
    ));
#362 = CARTESIAN_POINT('',(2.62944669774,-0.282130070404,3.945067706441)
  );
#363 = CARTESIAN_POINT('',(5.047424904372,0.481464107795,2.502349852024)
  );
#364 = CARTESIAN_POINT('',(6.596387108057,1.290686863913,-0.546237857654
    ));
#365 = CARTESIAN_POINT('',(6.065264125684,2.143721066672,-4.597663661886
    ));
#366 = CARTESIAN_POINT('',(2.837960782353,3.05409847765,-8.137545558605)
  );
#367 = CARTESIAN_POINT('',(-2.798771408602,4.018859982938,
    -8.912653723505));
#368 = CARTESIAN_POINT('',(-7.472397920631,5.024880701413,
    -5.450475707366));
#369 = CARTESIAN_POINT('',(-8.760109956243,6.089138497586,
    -0.282937547237));
#370 = CARTESIAN_POINT('',(-6.912867626559,7.182910401061,4.134451239988
    ));
#371 = CARTESIAN_POINT('',(-3.399041334995,8.309446782324,6.383381315908
    ));
#372 = CARTESIAN_POINT('',(0.173608061247,9.454594190182,6.386503784231)
  );
#373 = CARTESIAN_POINT('',(0.227477200618,-0.71464070232,3.700945424631)
  );
#374 = CARTESIAN_POINT('',(2.41200342023,-2.667661290831E-02,
    3.70501205061));
#375 = CARTESIAN_POINT('',(4.673930143936,0.685856946435,2.338239747573)
  );
#376 = CARTESIAN_POINT('',(6.094717647119,1.436131978539,-0.510487073691
    ));
#377 = CARTESIAN_POINT('',(5.575577591256,2.221332990169,-4.257276987556
    ));
#378 = CARTESIAN_POINT('',(2.605586714808,3.065477508957,-7.492605753482
    ));
#379 = CARTESIAN_POINT('',(-2.565715531497,3.956104352275,
    -8.281304095543));
#380 = CARTESIAN_POINT('',(-7.007399378611,4.897567612052,
    -5.125060876219));
#381 = CARTESIAN_POINT('',(-8.296423769676,5.897694303297,
    -0.242574367263));
#382 = CARTESIAN_POINT('',(-6.572132562689,6.937506805887,3.998990931971
    ));
#383 = CARTESIAN_POINT('',(-3.195118837,8.019348370291,6.18614585421));
#384 = CARTESIAN_POINT('',(0.276537995472,9.131230264987,6.191119592898)
  );
#385 = DEFINITIONAL_REPRESENTATION('',(#386),#389);
#386 = B_SPLINE_CURVE_WITH_KNOTS('',1,(#387,#388),.UNSPECIFIED.,.F.,.F.,
  (2,2),(0.,11.810098120014),.PIECEWISE_BEZIER_KNOTS.);
#387 = CARTESIAN_POINT('',(0.,0.));
#388 = CARTESIAN_POINT('',(0.,11.810098120014));
#389 = ( GEOMETRIC_REPRESENTATION_CONTEXT(2) 
PARAMETRIC_REPRESENTATION_CONTEXT() REPRESENTATION_CONTEXT('2D SPACE',''
  ) );
#390 = ORIENTED_EDGE('',*,*,#391,.F.);
#391 = EDGE_CURVE('',#236,#336,#392,.T.);
#392 = SURFACE_CURVE('',#393,(#396,#403),.PCURVE_S1.);
#393 = B_SPLINE_CURVE_WITH_KNOTS('',1,(#394,#395),.UNSPECIFIED.,.F.,.F.,
  (2,2),(0.,0.39157857666),.PIECEWISE_BEZIER_KNOTS.);
#394 = CARTESIAN_POINT('',(5.884702454963E-02,9.815126619989,
    6.487400033974));
#395 = CARTESIAN_POINT('',(0.173608061247,9.454594190182,6.386503784231)
  );
#396 = PCURVE('',#260,#397);
#397 = DEFINITIONAL_REPRESENTATION('',(#398),#402);
#398 = LINE('',#399,#400);
#399 = CARTESIAN_POINT('',(0.,11.810098120014));
#400 = VECTOR('',#401,1.);
#401 = DIRECTION('',(1.,0.));
#402 = ( GEOMETRIC_REPRESENTATION_CONTEXT(2) 
PARAMETRIC_REPRESENTATION_CONTEXT() REPRESENTATION_CONTEXT('2D SPACE',''
  ) );
#403 = PCURVE('',#199,#404);
#404 = DEFINITIONAL_REPRESENTATION('',(#405),#408);
#405 = B_SPLINE_CURVE_WITH_KNOTS('',1,(#406,#407),.UNSPECIFIED.,.F.,.F.,
  (2,2),(0.,0.39157857666),.PIECEWISE_BEZIER_KNOTS.);
#406 = CARTESIAN_POINT('',(-0.194013244226,1.487400033974));
#407 = CARTESIAN_POINT('',(-0.572369859718,1.386503784231));
#408 = ( GEOMETRIC_REPRESENTATION_CONTEXT(2) 
PARAMETRIC_REPRESENTATION_CONTEXT() REPRESENTATION_CONTEXT('2D SPACE',''
  ) );
#409 = ADVANCED_FACE('',(#410),#360,.T.);
#410 = FACE_BOUND('',#411,.T.);
#411 = EDGE_LOOP('',(#412,#413,#434,#490));
#412 = ORIENTED_EDGE('',*,*,#335,.F.);
#413 = ORIENTED_EDGE('',*,*,#414,.T.);
#414 = EDGE_CURVE('',#315,#415,#417,.T.);
#415 = VERTEX_POINT('',#416);
#416 = CARTESIAN_POINT('',(0.227477200618,-0.71464070232,3.700945424631)
  );
#417 = SURFACE_CURVE('',#418,(#421,#428),.PCURVE_S1.);
#418 = B_SPLINE_CURVE_WITH_KNOTS('',1,(#419,#420),.UNSPECIFIED.,.F.,.F.,
  (2,2),(0.,0.39157857666),.PIECEWISE_BEZIER_KNOTS.);
#419 = CARTESIAN_POINT('',(0.321706514061,-1.010670821185,3.939316536371
    ));
#420 = CARTESIAN_POINT('',(0.227477200618,-0.71464070232,3.700945424631)
  );
#421 = PCURVE('',#360,#422);
#422 = DEFINITIONAL_REPRESENTATION('',(#423),#427);
#423 = LINE('',#424,#425);
#424 = CARTESIAN_POINT('',(0.,0.));
#425 = VECTOR('',#426,1.);
#426 = DIRECTION('',(1.,0.));
#427 = ( GEOMETRIC_REPRESENTATION_CONTEXT(2) 
PARAMETRIC_REPRESENTATION_CONTEXT() REPRESENTATION_CONTEXT('2D SPACE',''
  ) );
#428 = PCURVE('',#119,#429);
#429 = DEFINITIONAL_REPRESENTATION('',(#430),#433);
#430 = B_SPLINE_CURVE_WITH_KNOTS('',1,(#431,#432),.UNSPECIFIED.,.F.,.F.,
  (2,2),(0.,0.39157857666),.PIECEWISE_BEZIER_KNOTS.);
#431 = CARTESIAN_POINT('',(-1.060636879419,-1.060683463629));
#432 = CARTESIAN_POINT('',(-0.749971472933,-1.299054575369));
#433 = ( GEOMETRIC_REPRESENTATION_CONTEXT(2) 
PARAMETRIC_REPRESENTATION_CONTEXT() REPRESENTATION_CONTEXT('2D SPACE',''
  ) );
#434 = ORIENTED_EDGE('',*,*,#435,.T.);
#435 = EDGE_CURVE('',#415,#436,#438,.T.);
#436 = VERTEX_POINT('',#437);
#437 = CARTESIAN_POINT('',(0.276537995472,9.131230264987,6.191119592898)
  );
#438 = SURFACE_CURVE('',#439,(#452,#459),.PCURVE_S1.);
#439 = B_SPLINE_CURVE_WITH_KNOTS('',11,(#440,#441,#442,#443,#444,#445,
    #446,#447,#448,#449,#450,#451),.UNSPECIFIED.,.F.,.F.,(12,12),(0.,
    11.810098120014),.PIECEWISE_BEZIER_KNOTS.);
#440 = CARTESIAN_POINT('',(0.227477200618,-0.71464070232,3.700945424631)
  );
#441 = CARTESIAN_POINT('',(2.41200342023,-2.667661290831E-02,
    3.70501205061));
#442 = CARTESIAN_POINT('',(4.673930143936,0.685856946435,2.338239747573)
  );
#443 = CARTESIAN_POINT('',(6.094717647119,1.436131978539,-0.510487073691
    ));
#444 = CARTESIAN_POINT('',(5.575577591256,2.221332990169,-4.257276987556
    ));
#445 = CARTESIAN_POINT('',(2.605586714808,3.065477508957,-7.492605753482
    ));
#446 = CARTESIAN_POINT('',(-2.565715531497,3.956104352275,
    -8.281304095543));
#447 = CARTESIAN_POINT('',(-7.007399378611,4.897567612052,
    -5.125060876219));
#448 = CARTESIAN_POINT('',(-8.296423769676,5.897694303297,
    -0.242574367263));
#449 = CARTESIAN_POINT('',(-6.572132562689,6.937506805887,3.998990931971
    ));
#450 = CARTESIAN_POINT('',(-3.195118837,8.019348370291,6.18614585421));
#451 = CARTESIAN_POINT('',(0.276537995472,9.131230264987,6.191119592898)
  );
#452 = PCURVE('',#360,#453);
#453 = DEFINITIONAL_REPRESENTATION('',(#454),#458);
#454 = LINE('',#455,#456);
#455 = CARTESIAN_POINT('',(0.39157857666,0.));
#456 = VECTOR('',#457,1.);
#457 = DIRECTION('',(0.,1.));
#458 = ( GEOMETRIC_REPRESENTATION_CONTEXT(2) 
PARAMETRIC_REPRESENTATION_CONTEXT() REPRESENTATION_CONTEXT('2D SPACE',''
  ) );
#459 = PCURVE('',#460,#485);
#460 = B_SPLINE_SURFACE_WITH_KNOTS('',1,11,(
    (#461,#462,#463,#464,#465,#466,#467,#468,#469,#470,#471,#472)
    ,(#473,#474,#475,#476,#477,#478,#479,#480,#481,#482,#483,#484
  )),.UNSPECIFIED.,.F.,.F.,.F.,(2,2),(12,12),(0.,0.39157857666),(0.,
    11.810098120014),.PIECEWISE_BEZIER_KNOTS.);
#461 = CARTESIAN_POINT('',(0.227477200618,-0.71464070232,3.700945424631)
  );
#462 = CARTESIAN_POINT('',(2.41200342023,-2.667661290836E-02,
    3.705012050611));
#463 = CARTESIAN_POINT('',(4.673930143936,0.685856946435,2.338239747573)
  );
#464 = CARTESIAN_POINT('',(6.094717647119,1.436131978538,-0.51048707369)
  );
#465 = CARTESIAN_POINT('',(5.575577591256,2.221332990169,-4.257276987557
    ));
#466 = CARTESIAN_POINT('',(2.605586714809,3.065477508956,-7.49260575348)
  );
#467 = CARTESIAN_POINT('',(-2.565715531497,3.956104352276,
    -8.281304095544));
#468 = CARTESIAN_POINT('',(-7.007399378611,4.897567612051,
    -5.125060876217));
#469 = CARTESIAN_POINT('',(-8.296423769676,5.897694303297,
    -0.242574367264));
#470 = CARTESIAN_POINT('',(-6.572132562689,6.937506805887,3.998990931972
    ));
#471 = CARTESIAN_POINT('',(-3.195118837,8.019348370291,6.18614585421));
#472 = CARTESIAN_POINT('',(0.276537995472,9.131230264987,6.191119592898)
  );
#473 = CARTESIAN_POINT('',(0.117745691876,-0.369909000591,3.551102735414
    ));
#474 = CARTESIAN_POINT('',(2.22481732076,0.292547854783,3.553207683462)
  );
#475 = CARTESIAN_POINT('',(4.37117280766,0.967415853829,2.233260103029)
  );
#476 = CARTESIAN_POINT('',(5.676259106747,1.669566201477,-0.466251657274
    ));
#477 = CARTESIAN_POINT('',(5.142780503439,2.395376913758,-3.952106593457
    ));
#478 = CARTESIAN_POINT('',(2.375805938028,3.17771452952,-6.885371223191)
  );
#479 = CARTESIAN_POINT('',(-2.337970100409,3.995465006444,
    -7.633911253793));
#480 = CARTESIAN_POINT('',(-6.501713994592,4.870164685315,
    -4.775724287365));
#481 = CARTESIAN_POINT('',(-7.765905869912,5.799956333527,
    -0.211984363035));
#482 = CARTESIAN_POINT('',(-6.172775565068,6.776900974661,3.809483635166
    ));
#483 = CARTESIAN_POINT('',(-2.968085495551,7.802275050531,5.908076512745
    ));
#484 = CARTESIAN_POINT('',(0.360622322306,8.867071561524,5.914562569728)
  );
#485 = DEFINITIONAL_REPRESENTATION('',(#486),#489);
#486 = B_SPLINE_CURVE_WITH_KNOTS('',1,(#487,#488),.UNSPECIFIED.,.F.,.F.,
  (2,2),(0.,11.810098120014),.PIECEWISE_BEZIER_KNOTS.);
#487 = CARTESIAN_POINT('',(0.,0.));
#488 = CARTESIAN_POINT('',(0.,11.810098120014));
#489 = ( GEOMETRIC_REPRESENTATION_CONTEXT(2) 
PARAMETRIC_REPRESENTATION_CONTEXT() REPRESENTATION_CONTEXT('2D SPACE',''
  ) );
#490 = ORIENTED_EDGE('',*,*,#491,.F.);
#491 = EDGE_CURVE('',#336,#436,#492,.T.);
#492 = SURFACE_CURVE('',#493,(#496,#503),.PCURVE_S1.);
#493 = B_SPLINE_CURVE_WITH_KNOTS('',1,(#494,#495),.UNSPECIFIED.,.F.,.F.,
  (2,2),(0.,0.39157857666),.PIECEWISE_BEZIER_KNOTS.);
#494 = CARTESIAN_POINT('',(0.173608061247,9.454594190182,6.386503784231)
  );
#495 = CARTESIAN_POINT('',(0.276537995472,9.131230264987,6.191119592898)
  );
#496 = PCURVE('',#360,#497);
#497 = DEFINITIONAL_REPRESENTATION('',(#498),#502);
#498 = LINE('',#499,#500);
#499 = CARTESIAN_POINT('',(0.,11.810098120014));
#500 = VECTOR('',#501,1.);
#501 = DIRECTION('',(1.,0.));
#502 = ( GEOMETRIC_REPRESENTATION_CONTEXT(2) 
PARAMETRIC_REPRESENTATION_CONTEXT() REPRESENTATION_CONTEXT('2D SPACE',''
  ) );
#503 = PCURVE('',#199,#504);
#504 = DEFINITIONAL_REPRESENTATION('',(#505),#508);
#505 = B_SPLINE_CURVE_WITH_KNOTS('',1,(#506,#507),.UNSPECIFIED.,.F.,.F.,
  (2,2),(0.,0.39157857666),.PIECEWISE_BEZIER_KNOTS.);
#506 = CARTESIAN_POINT('',(-0.572369859718,1.386503784231));
#507 = CARTESIAN_POINT('',(-0.911720415157,1.191119592898));
#508 = ( GEOMETRIC_REPRESENTATION_CONTEXT(2) 
PARAMETRIC_REPRESENTATION_CONTEXT() REPRESENTATION_CONTEXT('2D SPACE',''
  ) );
#509 = ADVANCED_FACE('',(#510),#460,.T.);
#510 = FACE_BOUND('',#511,.T.);
#511 = EDGE_LOOP('',(#512,#513,#534,#590));
#512 = ORIENTED_EDGE('',*,*,#435,.F.);
#513 = ORIENTED_EDGE('',*,*,#514,.T.);
#514 = EDGE_CURVE('',#415,#515,#517,.T.);
#515 = VERTEX_POINT('',#516);
#516 = CARTESIAN_POINT('',(0.117745691876,-0.369909000591,3.551102735414
    ));
#517 = SURFACE_CURVE('',#518,(#521,#528),.PCURVE_S1.);
#518 = B_SPLINE_CURVE_WITH_KNOTS('',1,(#519,#520),.UNSPECIFIED.,.F.,.F.,
  (2,2),(0.,0.39157857666),.PIECEWISE_BEZIER_KNOTS.);
#519 = CARTESIAN_POINT('',(0.227477200618,-0.71464070232,3.700945424631)
  );
#520 = CARTESIAN_POINT('',(0.117745691876,-0.369909000591,3.551102735414
    ));
#521 = PCURVE('',#460,#522);
#522 = DEFINITIONAL_REPRESENTATION('',(#523),#527);
#523 = LINE('',#524,#525);
#524 = CARTESIAN_POINT('',(0.,0.));
#525 = VECTOR('',#526,1.);
#526 = DIRECTION('',(1.,0.));
#527 = ( GEOMETRIC_REPRESENTATION_CONTEXT(2) 
PARAMETRIC_REPRESENTATION_CONTEXT() REPRESENTATION_CONTEXT('2D SPACE',''
  ) );
#528 = PCURVE('',#119,#529);
#529 = DEFINITIONAL_REPRESENTATION('',(#530),#533);
#530 = B_SPLINE_CURVE_WITH_KNOTS('',1,(#531,#532),.UNSPECIFIED.,.F.,.F.,
  (2,2),(0.,0.39157857666),.PIECEWISE_BEZIER_KNOTS.);
#531 = CARTESIAN_POINT('',(-0.749971472933,-1.299054575369));
#532 = CARTESIAN_POINT('',(-0.388196749953,-1.448897264586));
#533 = ( GEOMETRIC_REPRESENTATION_CONTEXT(2) 
PARAMETRIC_REPRESENTATION_CONTEXT() REPRESENTATION_CONTEXT('2D SPACE',''
  ) );
#534 = ORIENTED_EDGE('',*,*,#535,.T.);
#535 = EDGE_CURVE('',#515,#536,#538,.T.);
#536 = VERTEX_POINT('',#537);
#537 = CARTESIAN_POINT('',(0.360622322306,8.867071561524,5.914562569728)
  );
#538 = SURFACE_CURVE('',#539,(#552,#559),.PCURVE_S1.);
#539 = B_SPLINE_CURVE_WITH_KNOTS('',11,(#540,#541,#542,#543,#544,#545,
    #546,#547,#548,#549,#550,#551),.UNSPECIFIED.,.F.,.F.,(12,12),(0.,
    11.810098120014),.PIECEWISE_BEZIER_KNOTS.);
#540 = CARTESIAN_POINT('',(0.117745691876,-0.369909000591,3.551102735414
    ));
#541 = CARTESIAN_POINT('',(2.22481732076,0.292547854783,3.553207683462)
  );
#542 = CARTESIAN_POINT('',(4.37117280766,0.967415853829,2.233260103029)
  );
#543 = CARTESIAN_POINT('',(5.676259106747,1.669566201477,-0.466251657274
    ));
#544 = CARTESIAN_POINT('',(5.142780503439,2.395376913758,-3.952106593457
    ));
#545 = CARTESIAN_POINT('',(2.375805938028,3.17771452952,-6.885371223191)
  );
#546 = CARTESIAN_POINT('',(-2.337970100409,3.995465006444,
    -7.633911253793));
#547 = CARTESIAN_POINT('',(-6.501713994592,4.870164685315,
    -4.775724287365));
#548 = CARTESIAN_POINT('',(-7.765905869912,5.799956333527,
    -0.211984363035));
#549 = CARTESIAN_POINT('',(-6.172775565068,6.776900974661,3.809483635166
    ));
#550 = CARTESIAN_POINT('',(-2.968085495551,7.802275050531,5.908076512745
    ));
#551 = CARTESIAN_POINT('',(0.360622322306,8.867071561524,5.914562569728)
  );
#552 = PCURVE('',#460,#553);
#553 = DEFINITIONAL_REPRESENTATION('',(#554),#558);
#554 = LINE('',#555,#556);
#555 = CARTESIAN_POINT('',(0.39157857666,0.));
#556 = VECTOR('',#557,1.);
#557 = DIRECTION('',(0.,1.));
#558 = ( GEOMETRIC_REPRESENTATION_CONTEXT(2) 
PARAMETRIC_REPRESENTATION_CONTEXT() REPRESENTATION_CONTEXT('2D SPACE',''
  ) );
#559 = PCURVE('',#560,#585);
#560 = B_SPLINE_SURFACE_WITH_KNOTS('',1,11,(
    (#561,#562,#563,#564,#565,#566,#567,#568,#569,#570,#571,#572)
    ,(#573,#574,#575,#576,#577,#578,#579,#580,#581,#582,#583,#584
  )),.UNSPECIFIED.,.F.,.F.,.F.,(2,2),(12,12),(0.,0.39157857666),(0.,
    11.810098120014),.PIECEWISE_BEZIER_KNOTS.);
#561 = CARTESIAN_POINT('',(0.117745691876,-0.369909000591,3.551102735414
    ));
#562 = CARTESIAN_POINT('',(2.224817320761,0.292547854783,3.553207683462)
  );
#563 = CARTESIAN_POINT('',(4.371172807659,0.967415853829,2.233260103029)
  );
#564 = CARTESIAN_POINT('',(5.676259106748,1.669566201478,-0.466251657274
    ));
#565 = CARTESIAN_POINT('',(5.142780503437,2.395376913756,-3.952106593457
    ));
#566 = CARTESIAN_POINT('',(2.375805938031,3.177714529522,-6.885371223191
    ));
#567 = CARTESIAN_POINT('',(-2.337970100412,3.995465006441,
    -7.633911253793));
#568 = CARTESIAN_POINT('',(-6.501713994589,4.870164685318,
    -4.775724287365));
#569 = CARTESIAN_POINT('',(-7.765905869914,5.799956333526,
    -0.211984363035));
#570 = CARTESIAN_POINT('',(-6.172775565067,6.776900974661,3.809483635166
    ));
#571 = CARTESIAN_POINT('',(-2.968085495551,7.80227505053,5.908076512745)
  );
#572 = CARTESIAN_POINT('',(0.360622322306,8.867071561524,5.914562569728)
  );
#573 = CARTESIAN_POINT('',(-9.991182163105E-06,3.138822398041E-05,
    3.500000000362));
#574 = CARTESIAN_POINT('',(2.08064482267,0.653788712739,3.499999821748)
  );
#575 = CARTESIAN_POINT('',(4.15978530768,1.306953055736,2.19456510768));
#576 = CARTESIAN_POINT('',(5.369528744931,1.975081376208,-0.416546178933
    ));
#577 = CARTESIAN_POINT('',(4.796367268537,2.653992031663,-3.702949337624
    ));
#578 = CARTESIAN_POINT('',(2.164277632221,3.383160771875,-6.357223997475
    ));
#579 = CARTESIAN_POINT('',(-2.131055590101,4.134259581903,
    -7.014593950548));
#580 = CARTESIAN_POINT('',(-5.989803391807,4.944539385381,
    -4.426272652035));
#581 = CARTESIAN_POINT('',(-7.204710175101,5.802585269393,
    -0.193252192785));
#582 = CARTESIAN_POINT('',(-5.742012153114,6.712037929367,3.578843958672
    ));
#583 = CARTESIAN_POINT('',(-2.733413257678,7.673020011053,5.568123257605
    ));
#584 = CARTESIAN_POINT('',(0.420130833831,8.68012005889,5.575679618817)
  );
#585 = DEFINITIONAL_REPRESENTATION('',(#586),#589);
#586 = B_SPLINE_CURVE_WITH_KNOTS('',1,(#587,#588),.UNSPECIFIED.,.F.,.F.,
  (2,2),(0.,11.810098120014),.PIECEWISE_BEZIER_KNOTS.);
#587 = CARTESIAN_POINT('',(0.,0.));
#588 = CARTESIAN_POINT('',(0.,11.810098120014));
#589 = ( GEOMETRIC_REPRESENTATION_CONTEXT(2) 
PARAMETRIC_REPRESENTATION_CONTEXT() REPRESENTATION_CONTEXT('2D SPACE',''
  ) );
#590 = ORIENTED_EDGE('',*,*,#591,.F.);
#591 = EDGE_CURVE('',#436,#536,#592,.T.);
#592 = SURFACE_CURVE('',#593,(#596,#603),.PCURVE_S1.);
#593 = B_SPLINE_CURVE_WITH_KNOTS('',1,(#594,#595),.UNSPECIFIED.,.F.,.F.,
  (2,2),(0.,0.39157857666),.PIECEWISE_BEZIER_KNOTS.);
#594 = CARTESIAN_POINT('',(0.276537995472,9.131230264987,6.191119592898)
  );
#595 = CARTESIAN_POINT('',(0.360622322306,8.867071561524,5.914562569728)
  );
#596 = PCURVE('',#460,#597);
#597 = DEFINITIONAL_REPRESENTATION('',(#598),#602);
#598 = LINE('',#599,#600);
#599 = CARTESIAN_POINT('',(0.,11.810098120014));
#600 = VECTOR('',#601,1.);
#601 = DIRECTION('',(1.,0.));
#602 = ( GEOMETRIC_REPRESENTATION_CONTEXT(2) 
PARAMETRIC_REPRESENTATION_CONTEXT() REPRESENTATION_CONTEXT('2D SPACE',''
  ) );
#603 = PCURVE('',#199,#604);
#604 = DEFINITIONAL_REPRESENTATION('',(#605),#608);
#605 = B_SPLINE_CURVE_WITH_KNOTS('',1,(#606,#607),.UNSPECIFIED.,.F.,.F.,
  (2,2),(0.,0.39157857666),.PIECEWISE_BEZIER_KNOTS.);
#606 = CARTESIAN_POINT('',(-0.911720415157,1.191119592898));
#607 = CARTESIAN_POINT('',(-1.188938730992,0.914562569728));
#608 = ( GEOMETRIC_REPRESENTATION_CONTEXT(2) 
PARAMETRIC_REPRESENTATION_CONTEXT() REPRESENTATION_CONTEXT('2D SPACE',''
  ) );
#609 = ADVANCED_FACE('',(#610),#560,.T.);
#610 = FACE_BOUND('',#611,.T.);
#611 = EDGE_LOOP('',(#612,#613,#634,#690));
#612 = ORIENTED_EDGE('',*,*,#535,.F.);
#613 = ORIENTED_EDGE('',*,*,#614,.T.);
#614 = EDGE_CURVE('',#515,#615,#617,.T.);
#615 = VERTEX_POINT('',#616);
#616 = CARTESIAN_POINT('',(-9.991182163049E-06,3.138822398085E-05,
    3.500000000362));
#617 = SURFACE_CURVE('',#618,(#621,#628),.PCURVE_S1.);
#618 = B_SPLINE_CURVE_WITH_KNOTS('',1,(#619,#620),.UNSPECIFIED.,.F.,.F.,
  (2,2),(0.,0.39157857666),.PIECEWISE_BEZIER_KNOTS.);
#619 = CARTESIAN_POINT('',(0.117745691876,-0.369909000591,3.551102735414
    ));
#620 = CARTESIAN_POINT('',(-9.991182163105E-06,3.138822398041E-05,
    3.500000000362));
#621 = PCURVE('',#560,#622);
#622 = DEFINITIONAL_REPRESENTATION('',(#623),#627);
#623 = LINE('',#624,#625);
#624 = CARTESIAN_POINT('',(0.,0.));
#625 = VECTOR('',#626,1.);
#626 = DIRECTION('',(1.,0.));
#627 = ( GEOMETRIC_REPRESENTATION_CONTEXT(2) 
PARAMETRIC_REPRESENTATION_CONTEXT() REPRESENTATION_CONTEXT('2D SPACE',''
  ) );
#628 = PCURVE('',#119,#629);
#629 = DEFINITIONAL_REPRESENTATION('',(#630),#633);
#630 = B_SPLINE_CURVE_WITH_KNOTS('',1,(#631,#632),.UNSPECIFIED.,.F.,.F.,
  (2,2),(0.,0.39157857666),.PIECEWISE_BEZIER_KNOTS.);
#631 = CARTESIAN_POINT('',(-0.388196749953,-1.448897264586));
#632 = CARTESIAN_POINT('',(3.294001101659E-05,-1.499999999638));
#633 = ( GEOMETRIC_REPRESENTATION_CONTEXT(2) 
PARAMETRIC_REPRESENTATION_CONTEXT() REPRESENTATION_CONTEXT('2D SPACE',''
  ) );
#634 = ORIENTED_EDGE('',*,*,#635,.T.);
#635 = EDGE_CURVE('',#615,#636,#638,.T.);
#636 = VERTEX_POINT('',#637);
#637 = CARTESIAN_POINT('',(0.420130833831,8.68012005889,5.575679618817)
  );
#638 = SURFACE_CURVE('',#639,(#652,#659),.PCURVE_S1.);
#639 = B_SPLINE_CURVE_WITH_KNOTS('',11,(#640,#641,#642,#643,#644,#645,
    #646,#647,#648,#649,#650,#651),.UNSPECIFIED.,.F.,.F.,(12,12),(0.,
    11.810098120014),.PIECEWISE_BEZIER_KNOTS.);
#640 = CARTESIAN_POINT('',(-9.991182163105E-06,3.138822398041E-05,
    3.500000000362));
#641 = CARTESIAN_POINT('',(2.08064482267,0.653788712739,3.499999821748)
  );
#642 = CARTESIAN_POINT('',(4.15978530768,1.306953055736,2.19456510768));
#643 = CARTESIAN_POINT('',(5.369528744931,1.975081376208,-0.416546178933
    ));
#644 = CARTESIAN_POINT('',(4.796367268537,2.653992031663,-3.702949337624
    ));
#645 = CARTESIAN_POINT('',(2.164277632221,3.383160771875,-6.357223997475
    ));
#646 = CARTESIAN_POINT('',(-2.131055590101,4.134259581903,
    -7.014593950548));
#647 = CARTESIAN_POINT('',(-5.989803391807,4.944539385381,
    -4.426272652035));
#648 = CARTESIAN_POINT('',(-7.204710175101,5.802585269393,
    -0.193252192785));
#649 = CARTESIAN_POINT('',(-5.742012153114,6.712037929367,3.578843958672
    ));
#650 = CARTESIAN_POINT('',(-2.733413257678,7.673020011053,5.568123257605
    ));
#651 = CARTESIAN_POINT('',(0.420130833831,8.68012005889,5.575679618817)
  );
#652 = PCURVE('',#560,#653);
#653 = DEFINITIONAL_REPRESENTATION('',(#654),#658);
#654 = LINE('',#655,#656);
#655 = CARTESIAN_POINT('',(0.39157857666,0.));
#656 = VECTOR('',#657,1.);
#657 = DIRECTION('',(0.,1.));
#658 = ( GEOMETRIC_REPRESENTATION_CONTEXT(2) 
PARAMETRIC_REPRESENTATION_CONTEXT() REPRESENTATION_CONTEXT('2D SPACE',''
  ) );
#659 = PCURVE('',#660,#685);
#660 = B_SPLINE_SURFACE_WITH_KNOTS('',1,11,(
    (#661,#662,#663,#664,#665,#666,#667,#668,#669,#670,#671,#672)
    ,(#673,#674,#675,#676,#677,#678,#679,#680,#681,#682,#683,#684
  )),.UNSPECIFIED.,.F.,.F.,.F.,(2,2),(12,12),(0.,0.39157857666),(0.,
    11.810098120014),.PIECEWISE_BEZIER_KNOTS.);
#661 = CARTESIAN_POINT('',(-9.991182163049E-06,3.138822398085E-05,
    3.500000000362));
#662 = CARTESIAN_POINT('',(2.08064482267,0.653788712739,3.499999821748)
  );
#663 = CARTESIAN_POINT('',(4.159785307679,1.306953055737,2.194565107679)
  );
#664 = CARTESIAN_POINT('',(5.369528744931,1.975081376208,-0.416546178931
    ));
#665 = CARTESIAN_POINT('',(4.796367268536,2.653992031663,-3.702949337626
    ));
#666 = CARTESIAN_POINT('',(2.164277632222,3.383160771875,-6.357223997472
    ));
#667 = CARTESIAN_POINT('',(-2.131055590102,4.134259581903,-7.01459395055
    ));
#668 = CARTESIAN_POINT('',(-5.989803391806,4.944539385381,
    -4.426272652034));
#669 = CARTESIAN_POINT('',(-7.204710175101,5.802585269393,
    -0.193252192786));
#670 = CARTESIAN_POINT('',(-5.742012153114,6.712037929367,3.578843958673
    ));
#671 = CARTESIAN_POINT('',(-2.733413257678,7.673020011053,5.568123257605
    ));
#672 = CARTESIAN_POINT('',(0.420130833831,8.68012005889,5.575679618817)
  );
#673 = CARTESIAN_POINT('',(-0.117764993358,0.369969637984,3.551119786418
    ));
#674 = CARTESIAN_POINT('',(1.989311043447,1.03242799347,3.549014493314)
  );
#675 = CARTESIAN_POINT('',(4.054173352785,1.681329652958,2.224791761513)
  );
#676 = CARTESIAN_POINT('',(5.195429728932,2.331857148461,-0.364757984872
    ));
#677 = CARTESIAN_POINT('',(4.559945376034,2.979554150978,-3.526784875294
    ));
#678 = CARTESIAN_POINT('',(1.985417101857,3.667815414123,-5.944156436959
    ));
#679 = CARTESIAN_POINT('',(-1.959072882505,4.363029457702,
    -6.465557636555));
#680 = CARTESIAN_POINT('',(-5.506553431869,5.11562319935,-4.100520521679
    ));
#681 = CARTESIAN_POINT('',(-6.65108124442,5.905401953258,-0.187654422961
    ));
#682 = CARTESIAN_POINT('',(-5.309198141483,6.747337979353,3.322789615294
    ));
#683 = CARTESIAN_POINT('',(-2.507094648577,7.640391769196,5.189453341326
    ));
#684 = CARTESIAN_POINT('',(0.451008123329,8.583116193039,5.197565053239)
  );
#685 = DEFINITIONAL_REPRESENTATION('',(#686),#689);
#686 = B_SPLINE_CURVE_WITH_KNOTS('',1,(#687,#688),.UNSPECIFIED.,.F.,.F.,
  (2,2),(0.,11.810098120014),.PIECEWISE_BEZIER_KNOTS.);
#687 = CARTESIAN_POINT('',(0.,0.));
#688 = CARTESIAN_POINT('',(0.,11.810098120014));
#689 = ( GEOMETRIC_REPRESENTATION_CONTEXT(2) 
PARAMETRIC_REPRESENTATION_CONTEXT() REPRESENTATION_CONTEXT('2D SPACE',''
  ) );
#690 = ORIENTED_EDGE('',*,*,#691,.F.);
#691 = EDGE_CURVE('',#536,#636,#692,.T.);
#692 = SURFACE_CURVE('',#693,(#696,#703),.PCURVE_S1.);
#693 = B_SPLINE_CURVE_WITH_KNOTS('',1,(#694,#695),.UNSPECIFIED.,.F.,.F.,
  (2,2),(0.,0.39157857666),.PIECEWISE_BEZIER_KNOTS.);
#694 = CARTESIAN_POINT('',(0.360622322306,8.867071561524,5.914562569728)
  );
#695 = CARTESIAN_POINT('',(0.420130833831,8.68012005889,5.575679618817)
  );
#696 = PCURVE('',#560,#697);
#697 = DEFINITIONAL_REPRESENTATION('',(#698),#702);
#698 = LINE('',#699,#700);
#699 = CARTESIAN_POINT('',(0.,11.810098120014));
#700 = VECTOR('',#701,1.);
#701 = DIRECTION('',(1.,0.));
#702 = ( GEOMETRIC_REPRESENTATION_CONTEXT(2) 
PARAMETRIC_REPRESENTATION_CONTEXT() REPRESENTATION_CONTEXT('2D SPACE',''
  ) );
#703 = PCURVE('',#199,#704);
#704 = DEFINITIONAL_REPRESENTATION('',(#705),#708);
#705 = B_SPLINE_CURVE_WITH_KNOTS('',1,(#706,#707),.UNSPECIFIED.,.F.,.F.,
  (2,2),(0.,0.39157857666),.PIECEWISE_BEZIER_KNOTS.);
#706 = CARTESIAN_POINT('',(-1.188938730992,0.914562569728));
#707 = CARTESIAN_POINT('',(-1.385132837124,0.575679618817));
#708 = ( GEOMETRIC_REPRESENTATION_CONTEXT(2) 
PARAMETRIC_REPRESENTATION_CONTEXT() REPRESENTATION_CONTEXT('2D SPACE',''
  ) );
#709 = ADVANCED_FACE('',(#710),#660,.T.);
#710 = FACE_BOUND('',#711,.T.);
#711 = EDGE_LOOP('',(#712,#713,#734,#790));
#712 = ORIENTED_EDGE('',*,*,#635,.F.);
#713 = ORIENTED_EDGE('',*,*,#714,.T.);
#714 = EDGE_CURVE('',#615,#715,#717,.T.);
#715 = VERTEX_POINT('',#716);
#716 = CARTESIAN_POINT('',(-0.117764993358,0.369969637984,3.551119786418
    ));
#717 = SURFACE_CURVE('',#718,(#721,#728),.PCURVE_S1.);
#718 = B_SPLINE_CURVE_WITH_KNOTS('',1,(#719,#720),.UNSPECIFIED.,.F.,.F.,
  (2,2),(0.,0.39157857666),.PIECEWISE_BEZIER_KNOTS.);
#719 = CARTESIAN_POINT('',(-9.991182163049E-06,3.138822398085E-05,
    3.500000000362));
#720 = CARTESIAN_POINT('',(-0.117764993358,0.369969637984,3.551119786418
    ));
#721 = PCURVE('',#660,#722);
#722 = DEFINITIONAL_REPRESENTATION('',(#723),#727);
#723 = LINE('',#724,#725);
#724 = CARTESIAN_POINT('',(0.,0.));
#725 = VECTOR('',#726,1.);
#726 = DIRECTION('',(1.,0.));
#727 = ( GEOMETRIC_REPRESENTATION_CONTEXT(2) 
PARAMETRIC_REPRESENTATION_CONTEXT() REPRESENTATION_CONTEXT('2D SPACE',''
  ) );
#728 = PCURVE('',#119,#729);
#729 = DEFINITIONAL_REPRESENTATION('',(#730),#733);
#730 = B_SPLINE_CURVE_WITH_KNOTS('',1,(#731,#732),.UNSPECIFIED.,.F.,.F.,
  (2,2),(0.,0.39157857666),.PIECEWISE_BEZIER_KNOTS.);
#731 = CARTESIAN_POINT('',(3.2940011017E-05,-1.499999999638));
#732 = CARTESIAN_POINT('',(0.388260385168,-1.448880213582));
#733 = ( GEOMETRIC_REPRESENTATION_CONTEXT(2) 
PARAMETRIC_REPRESENTATION_CONTEXT() REPRESENTATION_CONTEXT('2D SPACE',''
  ) );
#734 = ORIENTED_EDGE('',*,*,#735,.T.);
#735 = EDGE_CURVE('',#715,#736,#738,.T.);
#736 = VERTEX_POINT('',#737);
#737 = CARTESIAN_POINT('',(0.451008123329,8.583116193039,5.197565053239)
  );
#738 = SURFACE_CURVE('',#739,(#752,#759),.PCURVE_S1.);
#739 = B_SPLINE_CURVE_WITH_KNOTS('',11,(#740,#741,#742,#743,#744,#745,
    #746,#747,#748,#749,#750,#751),.UNSPECIFIED.,.F.,.F.,(12,12),(0.,
    11.810098120014),.PIECEWISE_BEZIER_KNOTS.);
#740 = CARTESIAN_POINT('',(-0.117764993358,0.369969637984,3.551119786418
    ));
#741 = CARTESIAN_POINT('',(1.989311043447,1.03242799347,3.549014493314)
  );
#742 = CARTESIAN_POINT('',(4.054173352785,1.681329652958,2.224791761513)
  );
#743 = CARTESIAN_POINT('',(5.195429728932,2.331857148461,-0.364757984872
    ));
#744 = CARTESIAN_POINT('',(4.559945376034,2.979554150978,-3.526784875294
    ));
#745 = CARTESIAN_POINT('',(1.985417101857,3.667815414123,-5.944156436959
    ));
#746 = CARTESIAN_POINT('',(-1.959072882505,4.363029457702,
    -6.465557636555));
#747 = CARTESIAN_POINT('',(-5.506553431869,5.11562319935,-4.100520521679
    ));
#748 = CARTESIAN_POINT('',(-6.65108124442,5.905401953258,-0.187654422961
    ));
#749 = CARTESIAN_POINT('',(-5.309198141483,6.747337979353,3.322789615294
    ));
#750 = CARTESIAN_POINT('',(-2.507094648577,7.640391769196,5.189453341326
    ));
#751 = CARTESIAN_POINT('',(0.451008123329,8.583116193039,5.197565053239)
  );
#752 = PCURVE('',#660,#753);
#753 = DEFINITIONAL_REPRESENTATION('',(#754),#758);
#754 = LINE('',#755,#756);
#755 = CARTESIAN_POINT('',(0.39157857666,0.));
#756 = VECTOR('',#757,1.);
#757 = DIRECTION('',(0.,1.));
#758 = ( GEOMETRIC_REPRESENTATION_CONTEXT(2) 
PARAMETRIC_REPRESENTATION_CONTEXT() REPRESENTATION_CONTEXT('2D SPACE',''
  ) );
#759 = PCURVE('',#760,#785);
#760 = B_SPLINE_SURFACE_WITH_KNOTS('',1,11,(
    (#761,#762,#763,#764,#765,#766,#767,#768,#769,#770,#771,#772)
    ,(#773,#774,#775,#776,#777,#778,#779,#780,#781,#782,#783,#784
  )),.UNSPECIFIED.,.F.,.F.,.F.,(2,2),(12,12),(0.,0.39157857666),(0.,
    11.810098120014),.PIECEWISE_BEZIER_KNOTS.);
#761 = CARTESIAN_POINT('',(-0.117764993358,0.369969637984,3.551119786418
    ));
#762 = CARTESIAN_POINT('',(1.989311043447,1.03242799347,3.549014493314)
  );
#763 = CARTESIAN_POINT('',(4.054173352785,1.681329652958,2.224791761513)
  );
#764 = CARTESIAN_POINT('',(5.195429728931,2.331857148461,-0.364757984872
    ));
#765 = CARTESIAN_POINT('',(4.559945376035,2.979554150978,-3.526784875293
    ));
#766 = CARTESIAN_POINT('',(1.985417101856,3.667815414123,-5.94415643696)
  );
#767 = CARTESIAN_POINT('',(-1.959072882504,4.363029457702,
    -6.465557636554));
#768 = CARTESIAN_POINT('',(-5.506553431869,5.11562319935,-4.10052052168)
  );
#769 = CARTESIAN_POINT('',(-6.65108124442,5.905401953258,-0.187654422961
    ));
#770 = CARTESIAN_POINT('',(-5.309198141483,6.747337979353,3.322789615294
    ));
#771 = CARTESIAN_POINT('',(-2.507094648577,7.640391769196,5.189453341327
    ));
#772 = CARTESIAN_POINT('',(0.451008123329,8.583116193039,5.197565053239)
  );
#773 = CARTESIAN_POINT('',(-0.227494505853,0.714695068319,3.700978364642
    ));
#774 = CARTESIAN_POINT('',(1.957040229209,1.402662055725,3.696911429294)
  );
#775 = CARTESIAN_POINT('',(4.06153422317,2.065032499081,2.321880168021)
  );
#776 = CARTESIAN_POINT('',(5.165826618978,2.715579838953,-0.314416354935
    ));
#777 = CARTESIAN_POINT('',(4.449626587199,3.349876751297,-3.435618523445
    ));
#778 = CARTESIAN_POINT('',(1.8514133965,4.012279712801,-5.674318413269)
  );
#779 = CARTESIAN_POINT('',(-1.833742314929,4.666184344875,
    -6.024218229286));
#780 = CARTESIAN_POINT('',(-5.084896800936,5.371757048023,
    -3.820667365651));
#781 = CARTESIAN_POINT('',(-6.142747974583,6.101399598036,
    -0.195572532325));
#782 = CARTESIAN_POINT('',(-4.903829089809,6.880395484545,3.058770285382
    ));
#783 = CARTESIAN_POINT('',(-2.304552907451,7.70661388572,4.797872492923)
  );
#784 = CARTESIAN_POINT('',(0.451149954549,8.58267061712,4.805986755775)
  );
#785 = DEFINITIONAL_REPRESENTATION('',(#786),#789);
#786 = B_SPLINE_CURVE_WITH_KNOTS('',1,(#787,#788),.UNSPECIFIED.,.F.,.F.,
  (2,2),(0.,11.810098120014),.PIECEWISE_BEZIER_KNOTS.);
#787 = CARTESIAN_POINT('',(0.,0.));
#788 = CARTESIAN_POINT('',(0.,11.810098120014));
#789 = ( GEOMETRIC_REPRESENTATION_CONTEXT(2) 
PARAMETRIC_REPRESENTATION_CONTEXT() REPRESENTATION_CONTEXT('2D SPACE',''
  ) );
#790 = ORIENTED_EDGE('',*,*,#791,.F.);
#791 = EDGE_CURVE('',#636,#736,#792,.T.);
#792 = SURFACE_CURVE('',#793,(#796,#803),.PCURVE_S1.);
#793 = B_SPLINE_CURVE_WITH_KNOTS('',1,(#794,#795),.UNSPECIFIED.,.F.,.F.,
  (2,2),(0.,0.39157857666),.PIECEWISE_BEZIER_KNOTS.);
#794 = CARTESIAN_POINT('',(0.420130833831,8.68012005889,5.575679618817)
  );
#795 = CARTESIAN_POINT('',(0.451008123329,8.583116193039,5.197565053239)
  );
#796 = PCURVE('',#660,#797);
#797 = DEFINITIONAL_REPRESENTATION('',(#798),#802);
#798 = LINE('',#799,#800);
#799 = CARTESIAN_POINT('',(0.,11.810098120014));
#800 = VECTOR('',#801,1.);
#801 = DIRECTION('',(1.,0.));
#802 = ( GEOMETRIC_REPRESENTATION_CONTEXT(2) 
PARAMETRIC_REPRESENTATION_CONTEXT() REPRESENTATION_CONTEXT('2D SPACE',''
  ) );
#803 = PCURVE('',#199,#804);
#804 = DEFINITIONAL_REPRESENTATION('',(#805),#808);
#805 = B_SPLINE_CURVE_WITH_KNOTS('',1,(#806,#807),.UNSPECIFIED.,.F.,.F.,
  (2,2),(0.,0.39157857666),.PIECEWISE_BEZIER_KNOTS.);
#806 = CARTESIAN_POINT('',(-1.385132837124,0.575679618817));
#807 = CARTESIAN_POINT('',(-1.486932429446,0.197565053239));
#808 = ( GEOMETRIC_REPRESENTATION_CONTEXT(2) 
PARAMETRIC_REPRESENTATION_CONTEXT() REPRESENTATION_CONTEXT('2D SPACE',''
  ) );
#809 = ADVANCED_FACE('',(#810),#760,.T.);
#810 = FACE_BOUND('',#811,.T.);
#811 = EDGE_LOOP('',(#812,#813,#834,#890));
#812 = ORIENTED_EDGE('',*,*,#735,.F.);
#813 = ORIENTED_EDGE('',*,*,#814,.T.);
#814 = EDGE_CURVE('',#715,#815,#817,.T.);
#815 = VERTEX_POINT('',#816);
#816 = CARTESIAN_POINT('',(-0.227494505853,0.714695068319,3.700978364642
    ));
#817 = SURFACE_CURVE('',#818,(#821,#828),.PCURVE_S1.);
#818 = B_SPLINE_CURVE_WITH_KNOTS('',1,(#819,#820),.UNSPECIFIED.,.F.,.F.,
  (2,2),(0.,0.39157857666),.PIECEWISE_BEZIER_KNOTS.);
#819 = CARTESIAN_POINT('',(-0.117764993358,0.369969637984,3.551119786418
    ));
#820 = CARTESIAN_POINT('',(-0.227494505853,0.714695068319,3.700978364642
    ));
#821 = PCURVE('',#760,#822);
#822 = DEFINITIONAL_REPRESENTATION('',(#823),#827);
#823 = LINE('',#824,#825);
#824 = CARTESIAN_POINT('',(0.,0.));
#825 = VECTOR('',#826,1.);
#826 = DIRECTION('',(1.,0.));
#827 = ( GEOMETRIC_REPRESENTATION_CONTEXT(2) 
PARAMETRIC_REPRESENTATION_CONTEXT() REPRESENTATION_CONTEXT('2D SPACE',''
  ) );
#828 = PCURVE('',#119,#829);
#829 = DEFINITIONAL_REPRESENTATION('',(#830),#833);
#830 = B_SPLINE_CURVE_WITH_KNOTS('',1,(#831,#832),.UNSPECIFIED.,.F.,.F.,
  (2,2),(0.,0.39157857666),.PIECEWISE_BEZIER_KNOTS.);
#831 = CARTESIAN_POINT('',(0.388260385168,-1.448880213582));
#832 = CARTESIAN_POINT('',(0.750028526706,-1.299021635358));
#833 = ( GEOMETRIC_REPRESENTATION_CONTEXT(2) 
PARAMETRIC_REPRESENTATION_CONTEXT() REPRESENTATION_CONTEXT('2D SPACE',''
  ) );
#834 = ORIENTED_EDGE('',*,*,#835,.T.);
#835 = EDGE_CURVE('',#815,#836,#838,.T.);
#836 = VERTEX_POINT('',#837);
#837 = CARTESIAN_POINT('',(0.451149954549,8.58267061712,4.805986755775)
  );
#838 = SURFACE_CURVE('',#839,(#852,#859),.PCURVE_S1.);
#839 = B_SPLINE_CURVE_WITH_KNOTS('',11,(#840,#841,#842,#843,#844,#845,
    #846,#847,#848,#849,#850,#851),.UNSPECIFIED.,.F.,.F.,(12,12),(0.,
    11.810098120014),.PIECEWISE_BEZIER_KNOTS.);
#840 = CARTESIAN_POINT('',(-0.227494505853,0.714695068319,3.700978364642
    ));
#841 = CARTESIAN_POINT('',(1.957040229209,1.402662055725,3.696911429294)
  );
#842 = CARTESIAN_POINT('',(4.06153422317,2.065032499081,2.321880168021)
  );
#843 = CARTESIAN_POINT('',(5.165826618978,2.715579838953,-0.314416354935
    ));
#844 = CARTESIAN_POINT('',(4.449626587199,3.349876751297,-3.435618523445
    ));
#845 = CARTESIAN_POINT('',(1.8514133965,4.012279712801,-5.674318413269)
  );
#846 = CARTESIAN_POINT('',(-1.833742314929,4.666184344875,
    -6.024218229286));
#847 = CARTESIAN_POINT('',(-5.084896800936,5.371757048023,
    -3.820667365651));
#848 = CARTESIAN_POINT('',(-6.142747974583,6.101399598036,
    -0.195572532325));
#849 = CARTESIAN_POINT('',(-4.903829089809,6.880395484545,3.058770285382
    ));
#850 = CARTESIAN_POINT('',(-2.304552907451,7.70661388572,4.797872492923)
  );
#851 = CARTESIAN_POINT('',(0.451149954549,8.58267061712,4.805986755775)
  );
#852 = PCURVE('',#760,#853);
#853 = DEFINITIONAL_REPRESENTATION('',(#854),#858);
#854 = LINE('',#855,#856);
#855 = CARTESIAN_POINT('',(0.39157857666,0.));
#856 = VECTOR('',#857,1.);
#857 = DIRECTION('',(0.,1.));
#858 = ( GEOMETRIC_REPRESENTATION_CONTEXT(2) 
PARAMETRIC_REPRESENTATION_CONTEXT() REPRESENTATION_CONTEXT('2D SPACE',''
  ) );
#859 = PCURVE('',#860,#885);
#860 = B_SPLINE_SURFACE_WITH_KNOTS('',1,11,(
    (#861,#862,#863,#864,#865,#866,#867,#868,#869,#870,#871,#872)
    ,(#873,#874,#875,#876,#877,#878,#879,#880,#881,#882,#883,#884
  )),.UNSPECIFIED.,.F.,.F.,.F.,(2,2),(12,12),(0.,0.39157857666),(0.,
    11.810098120014),.PIECEWISE_BEZIER_KNOTS.);
#861 = CARTESIAN_POINT('',(-0.227494505853,0.714695068319,3.700978364642
    ));
#862 = CARTESIAN_POINT('',(1.957040229209,1.402662055725,3.696911429294)
  );
#863 = CARTESIAN_POINT('',(4.06153422317,2.065032499081,2.321880168021)
  );
#864 = CARTESIAN_POINT('',(5.165826618978,2.715579838953,-0.314416354935
    ));
#865 = CARTESIAN_POINT('',(4.449626587199,3.349876751297,-3.435618523444
    ));
#866 = CARTESIAN_POINT('',(1.8514133965,4.012279712801,-5.67431841327));
#867 = CARTESIAN_POINT('',(-1.833742314929,4.666184344875,
    -6.024218229285));
#868 = CARTESIAN_POINT('',(-5.084896800936,5.371757048023,
    -3.820667365652));
#869 = CARTESIAN_POINT('',(-6.142747974583,6.101399598036,
    -0.195572532325));
#870 = CARTESIAN_POINT('',(-4.903829089809,6.880395484545,3.058770285382
    ));
#871 = CARTESIAN_POINT('',(-2.304552907451,7.70661388572,4.797872492923)
  );
#872 = CARTESIAN_POINT('',(0.451149954549,8.58267061712,4.805986755775)
  );
#873 = CARTESIAN_POINT('',(-0.321720643726,1.010715210837,3.939363120581
    ));
#874 = CARTESIAN_POINT('',(1.986031582617,1.739260060002,3.933611697912)
  );
#875 = CARTESIAN_POINT('',(4.181366287682,2.431912879241,2.479213912746)
  );
#876 = CARTESIAN_POINT('',(5.282736818093,3.100099380462,-0.268951988006
    ));
#877 = CARTESIAN_POINT('',(4.472928945179,3.739722959387,-3.435663118299
    ));
#878 = CARTESIAN_POINT('',(1.771398647222,4.393078995215,-5.566098941788
    ));
#879 = CARTESIAN_POINT('',(-1.763604958437,5.023064738839,
    -5.720652280002));
#880 = CARTESIAN_POINT('',(-4.753568701586,5.695485832899,
    -3.605784714053));
#881 = CARTESIAN_POINT('',(-5.714352437868,6.377221288132,-0.21646691481
    ));
#882 = CARTESIAN_POINT('',(-4.553530229058,7.102142795854,2.804778449959
    ));
#883 = CARTESIAN_POINT('',(-2.139590919239,7.867173432821,4.420066300096
    ));
#884 = CARTESIAN_POINT('',(0.420546661927,8.678813696397,4.427630140282)
  );
#885 = DEFINITIONAL_REPRESENTATION('',(#886),#889);
#886 = B_SPLINE_CURVE_WITH_KNOTS('',1,(#887,#888),.UNSPECIFIED.,.F.,.F.,
  (2,2),(0.,11.810098120014),.PIECEWISE_BEZIER_KNOTS.);
#887 = CARTESIAN_POINT('',(0.,0.));
#888 = CARTESIAN_POINT('',(0.,11.810098120014));
#889 = ( GEOMETRIC_REPRESENTATION_CONTEXT(2) 
PARAMETRIC_REPRESENTATION_CONTEXT() REPRESENTATION_CONTEXT('2D SPACE',''
  ) );
#890 = ORIENTED_EDGE('',*,*,#891,.F.);
#891 = EDGE_CURVE('',#736,#836,#892,.T.);
#892 = SURFACE_CURVE('',#893,(#896,#903),.PCURVE_S1.);
#893 = B_SPLINE_CURVE_WITH_KNOTS('',1,(#894,#895),.UNSPECIFIED.,.F.,.F.,
  (2,2),(0.,0.39157857666),.PIECEWISE_BEZIER_KNOTS.);
#894 = CARTESIAN_POINT('',(0.451008123329,8.583116193039,5.197565053239)
  );
#895 = CARTESIAN_POINT('',(0.451149954549,8.58267061712,4.805986755775)
  );
#896 = PCURVE('',#760,#897);
#897 = DEFINITIONAL_REPRESENTATION('',(#898),#902);
#898 = LINE('',#899,#900);
#899 = CARTESIAN_POINT('',(0.,11.810098120014));
#900 = VECTOR('',#901,1.);
#901 = DIRECTION('',(1.,0.));
#902 = ( GEOMETRIC_REPRESENTATION_CONTEXT(2) 
PARAMETRIC_REPRESENTATION_CONTEXT() REPRESENTATION_CONTEXT('2D SPACE',''
  ) );
#903 = PCURVE('',#199,#904);
#904 = DEFINITIONAL_REPRESENTATION('',(#905),#908);
#905 = B_SPLINE_CURVE_WITH_KNOTS('',1,(#906,#907),.UNSPECIFIED.,.F.,.F.,
  (2,2),(0.,0.39157857666),.PIECEWISE_BEZIER_KNOTS.);
#906 = CARTESIAN_POINT('',(-1.486932429446,0.197565053239));
#907 = CARTESIAN_POINT('',(-1.487400033974,-0.194013244226));
#908 = ( GEOMETRIC_REPRESENTATION_CONTEXT(2) 
PARAMETRIC_REPRESENTATION_CONTEXT() REPRESENTATION_CONTEXT('2D SPACE',''
  ) );
#909 = ADVANCED_FACE('',(#910),#860,.T.);
#910 = FACE_BOUND('',#911,.T.);
#911 = EDGE_LOOP('',(#912,#913,#934,#990));
#912 = ORIENTED_EDGE('',*,*,#835,.F.);
#913 = ORIENTED_EDGE('',*,*,#914,.T.);
#914 = EDGE_CURVE('',#815,#915,#917,.T.);
#915 = VERTEX_POINT('',#916);
#916 = CARTESIAN_POINT('',(-0.321720643726,1.010715210837,3.939363120581
    ));
#917 = SURFACE_CURVE('',#918,(#921,#928),.PCURVE_S1.);
#918 = B_SPLINE_CURVE_WITH_KNOTS('',1,(#919,#920),.UNSPECIFIED.,.F.,.F.,
  (2,2),(0.,0.39157857666),.PIECEWISE_BEZIER_KNOTS.);
#919 = CARTESIAN_POINT('',(-0.227494505853,0.714695068319,3.700978364642
    ));
#920 = CARTESIAN_POINT('',(-0.321720643726,1.010715210837,3.939363120581
    ));
#921 = PCURVE('',#860,#922);
#922 = DEFINITIONAL_REPRESENTATION('',(#923),#927);
#923 = LINE('',#924,#925);
#924 = CARTESIAN_POINT('',(0.,0.));
#925 = VECTOR('',#926,1.);
#926 = DIRECTION('',(1.,0.));
#927 = ( GEOMETRIC_REPRESENTATION_CONTEXT(2) 
PARAMETRIC_REPRESENTATION_CONTEXT() REPRESENTATION_CONTEXT('2D SPACE',''
  ) );
#928 = PCURVE('',#119,#929);
#929 = DEFINITIONAL_REPRESENTATION('',(#930),#933);
#930 = B_SPLINE_CURVE_WITH_KNOTS('',1,(#931,#932),.UNSPECIFIED.,.F.,.F.,
  (2,2),(0.,0.39157857666),.PIECEWISE_BEZIER_KNOTS.);
#931 = CARTESIAN_POINT('',(0.750028526706,-1.299021635358));
#932 = CARTESIAN_POINT('',(1.060683463629,-1.060636879419));
#933 = ( GEOMETRIC_REPRESENTATION_CONTEXT(2) 
PARAMETRIC_REPRESENTATION_CONTEXT() REPRESENTATION_CONTEXT('2D SPACE',''
  ) );
#934 = ORIENTED_EDGE('',*,*,#935,.T.);
#935 = EDGE_CURVE('',#915,#936,#938,.T.);
#936 = VERTEX_POINT('',#937);
#937 = CARTESIAN_POINT('',(0.420546661927,8.678813696397,4.427630140282)
  );
#938 = SURFACE_CURVE('',#939,(#952,#959),.PCURVE_S1.);
#939 = B_SPLINE_CURVE_WITH_KNOTS('',11,(#940,#941,#942,#943,#944,#945,
    #946,#947,#948,#949,#950,#951),.UNSPECIFIED.,.F.,.F.,(12,12),(0.,
    11.810098120014),.PIECEWISE_BEZIER_KNOTS.);
#940 = CARTESIAN_POINT('',(-0.321720643726,1.010715210837,3.939363120581
    ));
#941 = CARTESIAN_POINT('',(1.986031582617,1.739260060002,3.933611697912)
  );
#942 = CARTESIAN_POINT('',(4.181366287682,2.431912879241,2.479213912746)
  );
#943 = CARTESIAN_POINT('',(5.282736818093,3.100099380462,-0.268951988006
    ));
#944 = CARTESIAN_POINT('',(4.472928945179,3.739722959387,-3.435663118299
    ));
#945 = CARTESIAN_POINT('',(1.771398647222,4.393078995215,-5.566098941788
    ));
#946 = CARTESIAN_POINT('',(-1.763604958437,5.023064738839,
    -5.720652280002));
#947 = CARTESIAN_POINT('',(-4.753568701586,5.695485832899,
    -3.605784714053));
#948 = CARTESIAN_POINT('',(-5.714352437868,6.377221288132,-0.21646691481
    ));
#949 = CARTESIAN_POINT('',(-4.553530229058,7.102142795854,2.804778449959
    ));
#950 = CARTESIAN_POINT('',(-2.139590919239,7.867173432821,4.420066300096
    ));
#951 = CARTESIAN_POINT('',(0.420546661927,8.678813696397,4.427630140282)
  );
#952 = PCURVE('',#860,#953);
#953 = DEFINITIONAL_REPRESENTATION('',(#954),#958);
#954 = LINE('',#955,#956);
#955 = CARTESIAN_POINT('',(0.39157857666,0.));
#956 = VECTOR('',#957,1.);
#957 = DIRECTION('',(0.,1.));
#958 = ( GEOMETRIC_REPRESENTATION_CONTEXT(2) 
PARAMETRIC_REPRESENTATION_CONTEXT() REPRESENTATION_CONTEXT('2D SPACE',''
  ) );
#959 = PCURVE('',#960,#985);
#960 = B_SPLINE_SURFACE_WITH_KNOTS('',1,11,(
    (#961,#962,#963,#964,#965,#966,#967,#968,#969,#970,#971,#972)
    ,(#973,#974,#975,#976,#977,#978,#979,#980,#981,#982,#983,#984
  )),.UNSPECIFIED.,.F.,.F.,.F.,(2,2),(12,12),(0.,0.39157857666),(0.,
    11.810098120014),.PIECEWISE_BEZIER_KNOTS.);
#961 = CARTESIAN_POINT('',(-0.321720643726,1.010715210837,3.939363120581
    ));
#962 = CARTESIAN_POINT('',(1.986031582617,1.739260060002,3.933611697912)
  );
#963 = CARTESIAN_POINT('',(4.181366287682,2.431912879241,2.479213912746)
  );
#964 = CARTESIAN_POINT('',(5.282736818092,3.100099380462,-0.268951988006
    ));
#965 = CARTESIAN_POINT('',(4.472928945179,3.739722959388,-3.435663118299
    ));
#966 = CARTESIAN_POINT('',(1.771398647221,4.393078995214,-5.566098941788
    ));
#967 = CARTESIAN_POINT('',(-1.763604958437,5.023064738839,
    -5.720652280001));
#968 = CARTESIAN_POINT('',(-4.753568701586,5.695485832899,
    -3.605784714054));
#969 = CARTESIAN_POINT('',(-5.714352437868,6.377221288132,-0.21646691481
    ));
#970 = CARTESIAN_POINT('',(-4.553530229058,7.102142795854,2.804778449959
    ));
#971 = CARTESIAN_POINT('',(-2.139590919239,7.867173432821,4.420066300096
    ));
#972 = CARTESIAN_POINT('',(0.420546661927,8.678813696397,4.427630140282)
  );
#973 = CARTESIAN_POINT('',(-0.394022051398,1.237856782023,4.250028527067
    ));
#974 = CARTESIAN_POINT('',(2.074309390847,2.019283408564,4.242984567027)
  );
#975 = CARTESIAN_POINT('',(4.405503189158,2.756968501827,2.686070960993)
  );
#976 = CARTESIAN_POINT('',(5.538193089408,3.459211401682,-0.231463205561
    ));
#977 = CARTESIAN_POINT('',(4.628264432788,4.122525400423,-3.526915620789
    ));
#978 = CARTESIAN_POINT('',(1.750825726952,4.784262419565,-5.626873000658
    ));
#979 = CARTESIAN_POINT('',(-1.753440557965,5.409349830523,
    -5.575547306476));
#980 = CARTESIAN_POINT('',(-4.535148596245,6.064747972274,
    -3.470516464483));
#981 = CARTESIAN_POINT('',(-5.395089082145,6.714070231185,
    -0.248913652778));
#982 = CARTESIAN_POINT('',(-4.282173847696,7.397468200468,2.578123232865
    ));
#983 = CARTESIAN_POINT('',(-2.023450570828,8.111128542703,4.081781630532
    ));
#984 = CARTESIAN_POINT('',(0.361283809281,8.864993438901,4.088279584843)
  );
#985 = DEFINITIONAL_REPRESENTATION('',(#986),#989);
#986 = B_SPLINE_CURVE_WITH_KNOTS('',1,(#987,#988),.UNSPECIFIED.,.F.,.F.,
  (2,2),(0.,11.810098120014),.PIECEWISE_BEZIER_KNOTS.);
#987 = CARTESIAN_POINT('',(0.,0.));
#988 = CARTESIAN_POINT('',(0.,11.810098120014));
#989 = ( GEOMETRIC_REPRESENTATION_CONTEXT(2) 
PARAMETRIC_REPRESENTATION_CONTEXT() REPRESENTATION_CONTEXT('2D SPACE',''
  ) );
#990 = ORIENTED_EDGE('',*,*,#991,.F.);
#991 = EDGE_CURVE('',#836,#936,#992,.T.);
#992 = SURFACE_CURVE('',#993,(#996,#1003),.PCURVE_S1.);
#993 = B_SPLINE_CURVE_WITH_KNOTS('',1,(#994,#995),.UNSPECIFIED.,.F.,.F.,
  (2,2),(0.,0.39157857666),.PIECEWISE_BEZIER_KNOTS.);
#994 = CARTESIAN_POINT('',(0.451149954549,8.58267061712,4.805986755775)
  );
#995 = CARTESIAN_POINT('',(0.420546661927,8.678813696397,4.427630140282)
  );
#996 = PCURVE('',#860,#997);
#997 = DEFINITIONAL_REPRESENTATION('',(#998),#1002);
#998 = LINE('',#999,#1000);
#999 = CARTESIAN_POINT('',(0.,11.810098120014));
#1000 = VECTOR('',#1001,1.);
#1001 = DIRECTION('',(1.,0.));
#1002 = ( GEOMETRIC_REPRESENTATION_CONTEXT(2) 
PARAMETRIC_REPRESENTATION_CONTEXT() REPRESENTATION_CONTEXT('2D SPACE',''
  ) );
#1003 = PCURVE('',#199,#1004);
#1004 = DEFINITIONAL_REPRESENTATION('',(#1005),#1008);
#1005 = B_SPLINE_CURVE_WITH_KNOTS('',1,(#1006,#1007),.UNSPECIFIED.,.F.,
  .F.,(2,2),(0.,0.39157857666),.PIECEWISE_BEZIER_KNOTS.);
#1006 = CARTESIAN_POINT('',(-1.487400033974,-0.194013244226));
#1007 = CARTESIAN_POINT('',(-1.386503784231,-0.572369859718));
#1008 = ( GEOMETRIC_REPRESENTATION_CONTEXT(2) 
PARAMETRIC_REPRESENTATION_CONTEXT() REPRESENTATION_CONTEXT('2D SPACE',''
  ) );
#1009 = ADVANCED_FACE('',(#1010),#960,.T.);
#1010 = FACE_BOUND('',#1011,.T.);
#1011 = EDGE_LOOP('',(#1012,#1013,#1034,#1090));
#1012 = ORIENTED_EDGE('',*,*,#935,.F.);
#1013 = ORIENTED_EDGE('',*,*,#1014,.T.);
#1014 = EDGE_CURVE('',#915,#1015,#1017,.T.);
#1015 = VERTEX_POINT('',#1016);
#1016 = CARTESIAN_POINT('',(-0.394022051398,1.237856782023,
    4.250028527067));
#1017 = SURFACE_CURVE('',#1018,(#1021,#1028),.PCURVE_S1.);
#1018 = B_SPLINE_CURVE_WITH_KNOTS('',1,(#1019,#1020),.UNSPECIFIED.,.F.,
  .F.,(2,2),(0.,0.39157857666),.PIECEWISE_BEZIER_KNOTS.);
#1019 = CARTESIAN_POINT('',(-0.321720643726,1.010715210837,
    3.939363120581));
#1020 = CARTESIAN_POINT('',(-0.394022051398,1.237856782023,
    4.250028527067));
#1021 = PCURVE('',#960,#1022);
#1022 = DEFINITIONAL_REPRESENTATION('',(#1023),#1027);
#1023 = LINE('',#1024,#1025);
#1024 = CARTESIAN_POINT('',(0.,0.));
#1025 = VECTOR('',#1026,1.);
#1026 = DIRECTION('',(1.,0.));
#1027 = ( GEOMETRIC_REPRESENTATION_CONTEXT(2) 
PARAMETRIC_REPRESENTATION_CONTEXT() REPRESENTATION_CONTEXT('2D SPACE',''
  ) );
#1028 = PCURVE('',#119,#1029);
#1029 = DEFINITIONAL_REPRESENTATION('',(#1030),#1033);
#1030 = B_SPLINE_CURVE_WITH_KNOTS('',1,(#1031,#1032),.UNSPECIFIED.,.F.,
  .F.,(2,2),(0.,0.39157857666),.PIECEWISE_BEZIER_KNOTS.);
#1031 = CARTESIAN_POINT('',(1.060683463629,-1.060636879419));
#1032 = CARTESIAN_POINT('',(1.299054575369,-0.749971472933));
#1033 = ( GEOMETRIC_REPRESENTATION_CONTEXT(2) 
PARAMETRIC_REPRESENTATION_CONTEXT() REPRESENTATION_CONTEXT('2D SPACE',''
  ) );
#1034 = ORIENTED_EDGE('',*,*,#1035,.T.);
#1035 = EDGE_CURVE('',#1015,#1036,#1038,.T.);
#1036 = VERTEX_POINT('',#1037);
#1037 = CARTESIAN_POINT('',(0.361283809281,8.864993438901,4.088279584843
    ));
#1038 = SURFACE_CURVE('',#1039,(#1052,#1059),.PCURVE_S1.);
#1039 = B_SPLINE_CURVE_WITH_KNOTS('',11,(#1040,#1041,#1042,#1043,#1044,
    #1045,#1046,#1047,#1048,#1049,#1050,#1051),.UNSPECIFIED.,.F.,.F.,(12
    ,12),(0.,11.810098120014),.PIECEWISE_BEZIER_KNOTS.);
#1040 = CARTESIAN_POINT('',(-0.394022051398,1.237856782023,
    4.250028527067));
#1041 = CARTESIAN_POINT('',(2.074309390847,2.019283408564,4.242984567027
    ));
#1042 = CARTESIAN_POINT('',(4.405503189158,2.756968501827,2.686070960993
    ));
#1043 = CARTESIAN_POINT('',(5.538193089408,3.459211401682,
    -0.231463205561));
#1044 = CARTESIAN_POINT('',(4.628264432788,4.122525400423,
    -3.526915620789));
#1045 = CARTESIAN_POINT('',(1.750825726952,4.784262419565,
    -5.626873000658));
#1046 = CARTESIAN_POINT('',(-1.753440557965,5.409349830523,
    -5.575547306476));
#1047 = CARTESIAN_POINT('',(-4.535148596245,6.064747972274,
    -3.470516464483));
#1048 = CARTESIAN_POINT('',(-5.395089082145,6.714070231185,
    -0.248913652778));
#1049 = CARTESIAN_POINT('',(-4.282173847696,7.397468200468,
    2.578123232865));
#1050 = CARTESIAN_POINT('',(-2.023450570828,8.111128542703,
    4.081781630532));
#1051 = CARTESIAN_POINT('',(0.361283809281,8.864993438901,4.088279584843
    ));
#1052 = PCURVE('',#960,#1053);
#1053 = DEFINITIONAL_REPRESENTATION('',(#1054),#1058);
#1054 = LINE('',#1055,#1056);
#1055 = CARTESIAN_POINT('',(0.39157857666,0.));
#1056 = VECTOR('',#1057,1.);
#1057 = DIRECTION('',(0.,1.));
#1058 = ( GEOMETRIC_REPRESENTATION_CONTEXT(2) 
PARAMETRIC_REPRESENTATION_CONTEXT() REPRESENTATION_CONTEXT('2D SPACE',''
  ) );
#1059 = PCURVE('',#1060,#1085);
#1060 = B_SPLINE_SURFACE_WITH_KNOTS('',1,11,(
    (#1061,#1062,#1063,#1064,#1065,#1066,#1067,#1068,#1069,#1070,#1071
      ,#1072)
    ,(#1073,#1074,#1075,#1076,#1077,#1078,#1079,#1080,#1081,#1082,#1083
      ,#1084
    )),.UNSPECIFIED.,.F.,.F.,.F.,(2,2),(12,12),(0.,0.39157857666),(0.,
    11.810098120014),.PIECEWISE_BEZIER_KNOTS.);
#1061 = CARTESIAN_POINT('',(-0.394022051398,1.237856782023,
    4.250028527067));
#1062 = CARTESIAN_POINT('',(2.074309390847,2.019283408563,4.242984567027
    ));
#1063 = CARTESIAN_POINT('',(4.405503189157,2.756968501828,2.686070960993
    ));
#1064 = CARTESIAN_POINT('',(5.538193089408,3.45921140168,-0.231463205561
    ));
#1065 = CARTESIAN_POINT('',(4.628264432788,4.122525400426,
    -3.526915620789));
#1066 = CARTESIAN_POINT('',(1.750825726952,4.784262419561,
    -5.626873000658));
#1067 = CARTESIAN_POINT('',(-1.753440557965,5.409349830527,
    -5.575547306475));
#1068 = CARTESIAN_POINT('',(-4.535148596246,6.064747972271,
    -3.470516464484));
#1069 = CARTESIAN_POINT('',(-5.395089082145,6.714070231187,
    -0.248913652778));
#1070 = CARTESIAN_POINT('',(-4.282173847696,7.397468200467,
    2.578123232865));
#1071 = CARTESIAN_POINT('',(-2.023450570828,8.111128542703,
    4.081781630532));
#1072 = CARTESIAN_POINT('',(0.361283809281,8.864993438901,4.088279584843
    ));
#1073 = CARTESIAN_POINT('',(-0.439471507419,1.380640459169,
    4.611803250047));
#1074 = CARTESIAN_POINT('',(2.215857667153,2.223648972966,4.603946786872
    ));
#1075 = CARTESIAN_POINT('',(4.718670368164,3.018047363342,2.92835434677)
  );
#1076 = CARTESIAN_POINT('',(5.914786510195,3.768443011826,
    -0.204504806167));
#1077 = CARTESIAN_POINT('',(4.90504719325,4.47219672066,-3.703157323675)
  );
#1078 = CARTESIAN_POINT('',(1.791096646207,5.159171481941,
    -5.852498938199));
#1079 = CARTESIAN_POINT('',(-1.803941800606,5.798714929297,
    -5.59879197286));
#1080 = CARTESIAN_POINT('',(-4.444521454138,6.454378861583,
    -3.424080924606));
#1081 = CARTESIAN_POINT('',(-5.206715177498,7.088990728395,
    -0.290701554659));
#1082 = CARTESIAN_POINT('',(-4.108252434673,7.746245760112,
    2.394250812582));
#1083 = CARTESIAN_POINT('',(-1.964046635028,8.421854077781,
    3.806072025419));
#1084 = CARTESIAN_POINT('',(0.277400062082,9.128522002857,3.811061269008
    ));
#1085 = DEFINITIONAL_REPRESENTATION('',(#1086),#1089);
#1086 = B_SPLINE_CURVE_WITH_KNOTS('',1,(#1087,#1088),.UNSPECIFIED.,.F.,
  .F.,(2,2),(0.,11.810098120014),.PIECEWISE_BEZIER_KNOTS.);
#1087 = CARTESIAN_POINT('',(0.,0.));
#1088 = CARTESIAN_POINT('',(0.,11.810098120014));
#1089 = ( GEOMETRIC_REPRESENTATION_CONTEXT(2) 
PARAMETRIC_REPRESENTATION_CONTEXT() REPRESENTATION_CONTEXT('2D SPACE',''
  ) );
#1090 = ORIENTED_EDGE('',*,*,#1091,.F.);
#1091 = EDGE_CURVE('',#936,#1036,#1092,.T.);
#1092 = SURFACE_CURVE('',#1093,(#1096,#1103),.PCURVE_S1.);
#1093 = B_SPLINE_CURVE_WITH_KNOTS('',1,(#1094,#1095),.UNSPECIFIED.,.F.,
  .F.,(2,2),(0.,0.39157857666),.PIECEWISE_BEZIER_KNOTS.);
#1094 = CARTESIAN_POINT('',(0.420546661927,8.678813696397,4.427630140282
    ));
#1095 = CARTESIAN_POINT('',(0.361283809281,8.864993438901,4.088279584843
    ));
#1096 = PCURVE('',#960,#1097);
#1097 = DEFINITIONAL_REPRESENTATION('',(#1098),#1102);
#1098 = LINE('',#1099,#1100);
#1099 = CARTESIAN_POINT('',(0.,11.810098120014));
#1100 = VECTOR('',#1101,1.);
#1101 = DIRECTION('',(1.,0.));
#1102 = ( GEOMETRIC_REPRESENTATION_CONTEXT(2) 
PARAMETRIC_REPRESENTATION_CONTEXT() REPRESENTATION_CONTEXT('2D SPACE',''
  ) );
#1103 = PCURVE('',#199,#1104);
#1104 = DEFINITIONAL_REPRESENTATION('',(#1105),#1108);
#1105 = B_SPLINE_CURVE_WITH_KNOTS('',1,(#1106,#1107),.UNSPECIFIED.,.F.,
  .F.,(2,2),(0.,0.39157857666),.PIECEWISE_BEZIER_KNOTS.);
#1106 = CARTESIAN_POINT('',(-1.386503784231,-0.572369859718));
#1107 = CARTESIAN_POINT('',(-1.191119592898,-0.911720415157));
#1108 = ( GEOMETRIC_REPRESENTATION_CONTEXT(2) 
PARAMETRIC_REPRESENTATION_CONTEXT() REPRESENTATION_CONTEXT('2D SPACE',''
  ) );
#1109 = ADVANCED_FACE('',(#1110),#1060,.T.);
#1110 = FACE_BOUND('',#1111,.T.);
#1111 = EDGE_LOOP('',(#1112,#1113,#1134,#1190));
#1112 = ORIENTED_EDGE('',*,*,#1035,.F.);
#1113 = ORIENTED_EDGE('',*,*,#1114,.T.);
#1114 = EDGE_CURVE('',#1015,#1115,#1117,.T.);
#1115 = VERTEX_POINT('',#1116);
#1116 = CARTESIAN_POINT('',(-0.439471507419,1.380640459169,
    4.611803250047));
#1117 = SURFACE_CURVE('',#1118,(#1121,#1128),.PCURVE_S1.);
#1118 = B_SPLINE_CURVE_WITH_KNOTS('',1,(#1119,#1120),.UNSPECIFIED.,.F.,
  .F.,(2,2),(0.,0.39157857666),.PIECEWISE_BEZIER_KNOTS.);
#1119 = CARTESIAN_POINT('',(-0.394022051398,1.237856782023,
    4.250028527067));
#1120 = CARTESIAN_POINT('',(-0.439471507419,1.380640459169,
    4.611803250047));
#1121 = PCURVE('',#1060,#1122);
#1122 = DEFINITIONAL_REPRESENTATION('',(#1123),#1127);
#1123 = LINE('',#1124,#1125);
#1124 = CARTESIAN_POINT('',(0.,0.));
#1125 = VECTOR('',#1126,1.);
#1126 = DIRECTION('',(1.,0.));
#1127 = ( GEOMETRIC_REPRESENTATION_CONTEXT(2) 
PARAMETRIC_REPRESENTATION_CONTEXT() REPRESENTATION_CONTEXT('2D SPACE',''
  ) );
#1128 = PCURVE('',#119,#1129);
#1129 = DEFINITIONAL_REPRESENTATION('',(#1130),#1133);
#1130 = B_SPLINE_CURVE_WITH_KNOTS('',1,(#1131,#1132),.UNSPECIFIED.,.F.,
  .F.,(2,2),(0.,0.39157857666),.PIECEWISE_BEZIER_KNOTS.);
#1131 = CARTESIAN_POINT('',(1.299054575369,-0.749971472933));
#1132 = CARTESIAN_POINT('',(1.448897264586,-0.388196749953));
#1133 = ( GEOMETRIC_REPRESENTATION_CONTEXT(2) 
PARAMETRIC_REPRESENTATION_CONTEXT() REPRESENTATION_CONTEXT('2D SPACE',''
  ) );
#1134 = ORIENTED_EDGE('',*,*,#1135,.T.);
#1135 = EDGE_CURVE('',#1115,#1136,#1138,.T.);
#1136 = VERTEX_POINT('',#1137);
#1137 = CARTESIAN_POINT('',(0.277400062082,9.128522002857,3.811061269008
    ));
#1138 = SURFACE_CURVE('',#1139,(#1152,#1159),.PCURVE_S1.);
#1139 = B_SPLINE_CURVE_WITH_KNOTS('',11,(#1140,#1141,#1142,#1143,#1144,
    #1145,#1146,#1147,#1148,#1149,#1150,#1151),.UNSPECIFIED.,.F.,.F.,(12
    ,12),(0.,11.810098120014),.PIECEWISE_BEZIER_KNOTS.);
#1140 = CARTESIAN_POINT('',(-0.439471507419,1.380640459169,
    4.611803250047));
#1141 = CARTESIAN_POINT('',(2.215857667153,2.223648972966,4.603946786872
    ));
#1142 = CARTESIAN_POINT('',(4.718670368164,3.018047363342,2.92835434677)
  );
#1143 = CARTESIAN_POINT('',(5.914786510195,3.768443011826,
    -0.204504806167));
#1144 = CARTESIAN_POINT('',(4.90504719325,4.47219672066,-3.703157323675)
  );
#1145 = CARTESIAN_POINT('',(1.791096646207,5.159171481941,
    -5.852498938199));
#1146 = CARTESIAN_POINT('',(-1.803941800606,5.798714929297,
    -5.59879197286));
#1147 = CARTESIAN_POINT('',(-4.444521454138,6.454378861583,
    -3.424080924606));
#1148 = CARTESIAN_POINT('',(-5.206715177498,7.088990728395,
    -0.290701554659));
#1149 = CARTESIAN_POINT('',(-4.108252434673,7.746245760112,
    2.394250812582));
#1150 = CARTESIAN_POINT('',(-1.964046635028,8.421854077781,
    3.806072025419));
#1151 = CARTESIAN_POINT('',(0.277400062082,9.128522002857,3.811061269008
    ));
#1152 = PCURVE('',#1060,#1153);
#1153 = DEFINITIONAL_REPRESENTATION('',(#1154),#1158);
#1154 = LINE('',#1155,#1156);
#1155 = CARTESIAN_POINT('',(0.39157857666,0.));
#1156 = VECTOR('',#1157,1.);
#1157 = DIRECTION('',(0.,1.));
#1158 = ( GEOMETRIC_REPRESENTATION_CONTEXT(2) 
PARAMETRIC_REPRESENTATION_CONTEXT() REPRESENTATION_CONTEXT('2D SPACE',''
  ) );
#1159 = PCURVE('',#1160,#1185);
#1160 = B_SPLINE_SURFACE_WITH_KNOTS('',1,11,(
    (#1161,#1162,#1163,#1164,#1165,#1166,#1167,#1168,#1169,#1170,#1171
      ,#1172)
    ,(#1173,#1174,#1175,#1176,#1177,#1178,#1179,#1180,#1181,#1182,#1183
      ,#1184
    )),.UNSPECIFIED.,.F.,.F.,.F.,(2,2),(12,12),(0.,0.39157857666),(0.,
    11.810098120014),.PIECEWISE_BEZIER_KNOTS.);
#1161 = CARTESIAN_POINT('',(-0.439471507419,1.380640459169,
    4.611803250047));
#1162 = CARTESIAN_POINT('',(2.215857667153,2.223648972966,4.603946786872
    ));
#1163 = CARTESIAN_POINT('',(4.718670368164,3.018047363342,2.92835434677)
  );
#1164 = CARTESIAN_POINT('',(5.914786510195,3.768443011826,
    -0.204504806168));
#1165 = CARTESIAN_POINT('',(4.905047193249,4.47219672066,-3.703157323674
    ));
#1166 = CARTESIAN_POINT('',(1.791096646208,5.159171481941,-5.8524989382)
  );
#1167 = CARTESIAN_POINT('',(-1.803941800607,5.798714929297,
    -5.598791972859));
#1168 = CARTESIAN_POINT('',(-4.444521454136,6.454378861583,
    -3.424080924607));
#1169 = CARTESIAN_POINT('',(-5.206715177499,7.088990728395,
    -0.290701554659));
#1170 = CARTESIAN_POINT('',(-4.108252434673,7.746245760112,
    2.394250812581));
#1171 = CARTESIAN_POINT('',(-1.964046635028,8.421854077781,
    3.806072025419));
#1172 = CARTESIAN_POINT('',(0.277400062082,9.128522002857,3.811061269008
    ));
#1173 = CARTESIAN_POINT('',(-0.45497170647,1.429335770638,5.000032940011
    ));
#1174 = CARTESIAN_POINT('',(2.401030130424,2.338429577725,4.991899378683
    ));
#1175 = CARTESIAN_POINT('',(5.099525998984,3.197357370826,3.189552857729
    ));
#1176 = CARTESIAN_POINT('',(6.386852861179,4.006720587693,
    -0.189913960194));
#1177 = CARTESIAN_POINT('',(5.284414938843,4.76490739748,-3.952377646154
    ));
#1178 = CARTESIAN_POINT('',(1.889467008396,5.492256749313,
    -6.227600719634));
#1179 = CARTESIAN_POINT('',(-1.911667110135,6.164625447132,
    -5.788802193552));
#1180 = CARTESIAN_POINT('',(-4.487863365225,6.837825799617,
    -3.469642599727));
#1181 = CARTESIAN_POINT('',(-5.162068094228,7.476432567462,
    -0.338982843996));
#1182 = CARTESIAN_POINT('',(-4.04361844687,8.124706860477,2.265691790687
    ));
#1183 = CARTESIAN_POINT('',(-1.965427391897,8.778174606338,
    3.611726638715));
#1184 = CARTESIAN_POINT('',(0.174611959077,9.451440352133,3.614867162876
    ));
#1185 = DEFINITIONAL_REPRESENTATION('',(#1186),#1189);
#1186 = B_SPLINE_CURVE_WITH_KNOTS('',1,(#1187,#1188),.UNSPECIFIED.,.F.,
  .F.,(2,2),(0.,11.810098120014),.PIECEWISE_BEZIER_KNOTS.);
#1187 = CARTESIAN_POINT('',(0.,0.));
#1188 = CARTESIAN_POINT('',(0.,11.810098120014));
#1189 = ( GEOMETRIC_REPRESENTATION_CONTEXT(2) 
PARAMETRIC_REPRESENTATION_CONTEXT() REPRESENTATION_CONTEXT('2D SPACE',''
  ) );
#1190 = ORIENTED_EDGE('',*,*,#1191,.F.);
#1191 = EDGE_CURVE('',#1036,#1136,#1192,.T.);
#1192 = SURFACE_CURVE('',#1193,(#1196,#1203),.PCURVE_S1.);
#1193 = B_SPLINE_CURVE_WITH_KNOTS('',1,(#1194,#1195),.UNSPECIFIED.,.F.,
  .F.,(2,2),(0.,0.39157857666),.PIECEWISE_BEZIER_KNOTS.);
#1194 = CARTESIAN_POINT('',(0.361283809281,8.864993438901,4.088279584843
    ));
#1195 = CARTESIAN_POINT('',(0.277400062082,9.128522002857,3.811061269008
    ));
#1196 = PCURVE('',#1060,#1197);
#1197 = DEFINITIONAL_REPRESENTATION('',(#1198),#1202);
#1198 = LINE('',#1199,#1200);
#1199 = CARTESIAN_POINT('',(0.,11.810098120014));
#1200 = VECTOR('',#1201,1.);
#1201 = DIRECTION('',(1.,0.));
#1202 = ( GEOMETRIC_REPRESENTATION_CONTEXT(2) 
PARAMETRIC_REPRESENTATION_CONTEXT() REPRESENTATION_CONTEXT('2D SPACE',''
  ) );
#1203 = PCURVE('',#199,#1204);
#1204 = DEFINITIONAL_REPRESENTATION('',(#1205),#1208);
#1205 = B_SPLINE_CURVE_WITH_KNOTS('',1,(#1206,#1207),.UNSPECIFIED.,.F.,
  .F.,(2,2),(0.,0.39157857666),.PIECEWISE_BEZIER_KNOTS.);
#1206 = CARTESIAN_POINT('',(-1.191119592898,-0.911720415157));
#1207 = CARTESIAN_POINT('',(-0.914562569728,-1.188938730992));
#1208 = ( GEOMETRIC_REPRESENTATION_CONTEXT(2) 
PARAMETRIC_REPRESENTATION_CONTEXT() REPRESENTATION_CONTEXT('2D SPACE',''
  ) );
#1209 = ADVANCED_FACE('',(#1210),#1160,.T.);
#1210 = FACE_BOUND('',#1211,.T.);
#1211 = EDGE_LOOP('',(#1212,#1213,#1234,#1290));
#1212 = ORIENTED_EDGE('',*,*,#1135,.F.);
#1213 = ORIENTED_EDGE('',*,*,#1214,.T.);
#1214 = EDGE_CURVE('',#1115,#1215,#1217,.T.);
#1215 = VERTEX_POINT('',#1216);
#1216 = CARTESIAN_POINT('',(-0.45497170647,1.429335770638,5.000032940011
    ));
#1217 = SURFACE_CURVE('',#1218,(#1221,#1228),.PCURVE_S1.);
#1218 = B_SPLINE_CURVE_WITH_KNOTS('',1,(#1219,#1220),.UNSPECIFIED.,.F.,
  .F.,(2,2),(0.,0.39157857666),.PIECEWISE_BEZIER_KNOTS.);
#1219 = CARTESIAN_POINT('',(-0.439471507419,1.380640459169,
    4.611803250047));
#1220 = CARTESIAN_POINT('',(-0.45497170647,1.429335770638,5.000032940011
    ));
#1221 = PCURVE('',#1160,#1222);
#1222 = DEFINITIONAL_REPRESENTATION('',(#1223),#1227);
#1223 = LINE('',#1224,#1225);
#1224 = CARTESIAN_POINT('',(0.,0.));
#1225 = VECTOR('',#1226,1.);
#1226 = DIRECTION('',(1.,0.));
#1227 = ( GEOMETRIC_REPRESENTATION_CONTEXT(2) 
PARAMETRIC_REPRESENTATION_CONTEXT() REPRESENTATION_CONTEXT('2D SPACE',''
  ) );
#1228 = PCURVE('',#119,#1229);
#1229 = DEFINITIONAL_REPRESENTATION('',(#1230),#1233);
#1230 = B_SPLINE_CURVE_WITH_KNOTS('',1,(#1231,#1232),.UNSPECIFIED.,.F.,
  .F.,(2,2),(0.,0.39157857666),.PIECEWISE_BEZIER_KNOTS.);
#1231 = CARTESIAN_POINT('',(1.448897264586,-0.388196749953));
#1232 = CARTESIAN_POINT('',(1.499999999638,3.294001102194E-05));
#1233 = ( GEOMETRIC_REPRESENTATION_CONTEXT(2) 
PARAMETRIC_REPRESENTATION_CONTEXT() REPRESENTATION_CONTEXT('2D SPACE',''
  ) );
#1234 = ORIENTED_EDGE('',*,*,#1235,.T.);
#1235 = EDGE_CURVE('',#1215,#1236,#1238,.T.);
#1236 = VERTEX_POINT('',#1237);
#1237 = CARTESIAN_POINT('',(0.174611959077,9.451440352133,3.614867162876
    ));
#1238 = SURFACE_CURVE('',#1239,(#1252,#1259),.PCURVE_S1.);
#1239 = B_SPLINE_CURVE_WITH_KNOTS('',11,(#1240,#1241,#1242,#1243,#1244,
    #1245,#1246,#1247,#1248,#1249,#1250,#1251),.UNSPECIFIED.,.F.,.F.,(12
    ,12),(0.,11.810098120014),.PIECEWISE_BEZIER_KNOTS.);
#1240 = CARTESIAN_POINT('',(-0.45497170647,1.429335770638,5.000032940011
    ));
#1241 = CARTESIAN_POINT('',(2.401030130424,2.338429577725,4.991899378683
    ));
#1242 = CARTESIAN_POINT('',(5.099525998984,3.197357370826,3.189552857729
    ));
#1243 = CARTESIAN_POINT('',(6.386852861179,4.006720587693,
    -0.189913960194));
#1244 = CARTESIAN_POINT('',(5.284414938843,4.76490739748,-3.952377646154
    ));
#1245 = CARTESIAN_POINT('',(1.889467008396,5.492256749313,
    -6.227600719634));
#1246 = CARTESIAN_POINT('',(-1.911667110135,6.164625447132,
    -5.788802193552));
#1247 = CARTESIAN_POINT('',(-4.487863365225,6.837825799617,
    -3.469642599727));
#1248 = CARTESIAN_POINT('',(-5.162068094228,7.476432567462,
    -0.338982843996));
#1249 = CARTESIAN_POINT('',(-4.04361844687,8.124706860477,2.265691790687
    ));
#1250 = CARTESIAN_POINT('',(-1.965427391897,8.778174606338,
    3.611726638715));
#1251 = CARTESIAN_POINT('',(0.174611959077,9.451440352133,3.614867162876
    ));
#1252 = PCURVE('',#1160,#1253);
#1253 = DEFINITIONAL_REPRESENTATION('',(#1254),#1258);
#1254 = LINE('',#1255,#1256);
#1255 = CARTESIAN_POINT('',(0.39157857666,0.));
#1256 = VECTOR('',#1257,1.);
#1257 = DIRECTION('',(0.,1.));
#1258 = ( GEOMETRIC_REPRESENTATION_CONTEXT(2) 
PARAMETRIC_REPRESENTATION_CONTEXT() REPRESENTATION_CONTEXT('2D SPACE',''
  ) );
#1259 = PCURVE('',#1260,#1285);
#1260 = B_SPLINE_SURFACE_WITH_KNOTS('',1,11,(
    (#1261,#1262,#1263,#1264,#1265,#1266,#1267,#1268,#1269,#1270,#1271
      ,#1272)
    ,(#1273,#1274,#1275,#1276,#1277,#1278,#1279,#1280,#1281,#1282,#1283
      ,#1284
    )),.UNSPECIFIED.,.F.,.F.,.F.,(2,2),(12,12),(0.,0.39157857666),(0.,
    11.810098120014),.PIECEWISE_BEZIER_KNOTS.);
#1261 = CARTESIAN_POINT('',(-0.45497170647,1.429335770638,5.000032940011
    ));
#1262 = CARTESIAN_POINT('',(2.401030130424,2.338429577725,4.991899378683
    ));
#1263 = CARTESIAN_POINT('',(5.099525998984,3.197357370826,3.18955285773)
  );
#1264 = CARTESIAN_POINT('',(6.386852861179,4.006720587692,
    -0.189913960195));
#1265 = CARTESIAN_POINT('',(5.284414938843,4.764907397483,
    -3.952377646153));
#1266 = CARTESIAN_POINT('',(1.889467008396,5.49225674931,-6.227600719636
    ));
#1267 = CARTESIAN_POINT('',(-1.911667110135,6.164625447135,
    -5.78880219355));
#1268 = CARTESIAN_POINT('',(-4.487863365225,6.837825799615,
    -3.469642599729));
#1269 = CARTESIAN_POINT('',(-5.162068094228,7.476432567463,
    -0.338982843995));
#1270 = CARTESIAN_POINT('',(-4.04361844687,8.124706860477,2.265691790686
    ));
#1271 = CARTESIAN_POINT('',(-1.965427391897,8.778174606338,
    3.611726638715));
#1272 = CARTESIAN_POINT('',(0.174611959077,9.451440352133,3.614867162876
    ));
#1273 = CARTESIAN_POINT('',(-0.439466335602,1.380624211428,
    5.388260385168));
#1274 = CARTESIAN_POINT('',(2.617207583302,2.355803114311,5.38040401445)
  );
#1275 = CARTESIAN_POINT('',(5.522115399773,3.282678843591,3.451866246999
    ));
#1276 = CARTESIAN_POINT('',(6.922221600666,4.157805906263,
    -0.188685009683));
#1277 = CARTESIAN_POINT('',(5.74051438464,4.980709681983,-4.257592635108
    ));
#1278 = CARTESIAN_POINT('',(2.039233035896,5.760819011162,
    -6.726615778443));
#1279 = CARTESIAN_POINT('',(-2.06927518473,6.482145186928,
    -6.132629086018));
#1280 = CARTESIAN_POINT('',(-4.662220649896,7.188957511229,
    -3.604096536982));
#1281 = CARTESIAN_POINT('',(-5.264190457276,7.849992227328,
    -0.39046723071));
#1282 = CARTESIAN_POINT('',(-4.092676583741,8.507060003013,
    2.201207252068));
#1283 = CARTESIAN_POINT('',(-2.027498745134,9.1558074732,3.511989787352)
  );
#1284 = CARTESIAN_POINT('',(5.992433962161E-02,9.811742134873,
    3.513067570554));
#1285 = DEFINITIONAL_REPRESENTATION('',(#1286),#1289);
#1286 = B_SPLINE_CURVE_WITH_KNOTS('',1,(#1287,#1288),.UNSPECIFIED.,.F.,
  .F.,(2,2),(0.,11.810098120014),.PIECEWISE_BEZIER_KNOTS.);
#1287 = CARTESIAN_POINT('',(0.,0.));
#1288 = CARTESIAN_POINT('',(0.,11.810098120014));
#1289 = ( GEOMETRIC_REPRESENTATION_CONTEXT(2) 
PARAMETRIC_REPRESENTATION_CONTEXT() REPRESENTATION_CONTEXT('2D SPACE',''
  ) );
#1290 = ORIENTED_EDGE('',*,*,#1291,.F.);
#1291 = EDGE_CURVE('',#1136,#1236,#1292,.T.);
#1292 = SURFACE_CURVE('',#1293,(#1296,#1303),.PCURVE_S1.);
#1293 = B_SPLINE_CURVE_WITH_KNOTS('',1,(#1294,#1295),.UNSPECIFIED.,.F.,
  .F.,(2,2),(0.,0.39157857666),.PIECEWISE_BEZIER_KNOTS.);
#1294 = CARTESIAN_POINT('',(0.277400062082,9.128522002857,3.811061269008
    ));
#1295 = CARTESIAN_POINT('',(0.174611959077,9.451440352133,3.614867162876
    ));
#1296 = PCURVE('',#1160,#1297);
#1297 = DEFINITIONAL_REPRESENTATION('',(#1298),#1302);
#1298 = LINE('',#1299,#1300);
#1299 = CARTESIAN_POINT('',(0.,11.810098120014));
#1300 = VECTOR('',#1301,1.);
#1301 = DIRECTION('',(1.,0.));
#1302 = ( GEOMETRIC_REPRESENTATION_CONTEXT(2) 
PARAMETRIC_REPRESENTATION_CONTEXT() REPRESENTATION_CONTEXT('2D SPACE',''
  ) );
#1303 = PCURVE('',#199,#1304);
#1304 = DEFINITIONAL_REPRESENTATION('',(#1305),#1308);
#1305 = B_SPLINE_CURVE_WITH_KNOTS('',1,(#1306,#1307),.UNSPECIFIED.,.F.,
  .F.,(2,2),(0.,0.39157857666),.PIECEWISE_BEZIER_KNOTS.);
#1306 = CARTESIAN_POINT('',(-0.914562569728,-1.188938730992));
#1307 = CARTESIAN_POINT('',(-0.575679618817,-1.385132837124));
#1308 = ( GEOMETRIC_REPRESENTATION_CONTEXT(2) 
PARAMETRIC_REPRESENTATION_CONTEXT() REPRESENTATION_CONTEXT('2D SPACE',''
  ) );
#1309 = ADVANCED_FACE('',(#1310),#1260,.T.);
#1310 = FACE_BOUND('',#1311,.T.);
#1311 = EDGE_LOOP('',(#1312,#1313,#1334,#1390));
#1312 = ORIENTED_EDGE('',*,*,#1235,.F.);
#1313 = ORIENTED_EDGE('',*,*,#1314,.T.);
#1314 = EDGE_CURVE('',#1215,#1315,#1317,.T.);
#1315 = VERTEX_POINT('',#1316);
#1316 = CARTESIAN_POINT('',(-0.439466335602,1.380624211428,
    5.388260385168));
#1317 = SURFACE_CURVE('',#1318,(#1321,#1328),.PCURVE_S1.);
#1318 = B_SPLINE_CURVE_WITH_KNOTS('',1,(#1319,#1320),.UNSPECIFIED.,.F.,
  .F.,(2,2),(0.,0.39157857666),.PIECEWISE_BEZIER_KNOTS.);
#1319 = CARTESIAN_POINT('',(-0.45497170647,1.429335770638,5.000032940011
    ));
#1320 = CARTESIAN_POINT('',(-0.439466335602,1.380624211428,
    5.388260385168));
#1321 = PCURVE('',#1260,#1322);
#1322 = DEFINITIONAL_REPRESENTATION('',(#1323),#1327);
#1323 = LINE('',#1324,#1325);
#1324 = CARTESIAN_POINT('',(0.,0.));
#1325 = VECTOR('',#1326,1.);
#1326 = DIRECTION('',(1.,0.));
#1327 = ( GEOMETRIC_REPRESENTATION_CONTEXT(2) 
PARAMETRIC_REPRESENTATION_CONTEXT() REPRESENTATION_CONTEXT('2D SPACE',''
  ) );
#1328 = PCURVE('',#119,#1329);
#1329 = DEFINITIONAL_REPRESENTATION('',(#1330),#1333);
#1330 = B_SPLINE_CURVE_WITH_KNOTS('',1,(#1331,#1332),.UNSPECIFIED.,.F.,
  .F.,(2,2),(0.,0.39157857666),.PIECEWISE_BEZIER_KNOTS.);
#1331 = CARTESIAN_POINT('',(1.499999999638,3.294001101839E-05));
#1332 = CARTESIAN_POINT('',(1.448880213582,0.388260385168));
#1333 = ( GEOMETRIC_REPRESENTATION_CONTEXT(2) 
PARAMETRIC_REPRESENTATION_CONTEXT() REPRESENTATION_CONTEXT('2D SPACE',''
  ) );
#1334 = ORIENTED_EDGE('',*,*,#1335,.T.);
#1335 = EDGE_CURVE('',#1315,#1336,#1338,.T.);
#1336 = VERTEX_POINT('',#1337);
#1337 = CARTESIAN_POINT('',(5.992433962161E-02,9.811742134873,
    3.513067570554));
#1338 = SURFACE_CURVE('',#1339,(#1352,#1359),.PCURVE_S1.);
#1339 = B_SPLINE_CURVE_WITH_KNOTS('',11,(#1340,#1341,#1342,#1343,#1344,
    #1345,#1346,#1347,#1348,#1349,#1350,#1351),.UNSPECIFIED.,.F.,.F.,(12
    ,12),(0.,11.810098120014),.PIECEWISE_BEZIER_KNOTS.);
#1340 = CARTESIAN_POINT('',(-0.439466335602,1.380624211428,
    5.388260385168));
#1341 = CARTESIAN_POINT('',(2.617207583302,2.355803114311,5.38040401445)
  );
#1342 = CARTESIAN_POINT('',(5.522115399773,3.282678843591,3.451866246999
    ));
#1343 = CARTESIAN_POINT('',(6.922221600666,4.157805906263,
    -0.188685009683));
#1344 = CARTESIAN_POINT('',(5.74051438464,4.980709681983,-4.257592635108
    ));
#1345 = CARTESIAN_POINT('',(2.039233035896,5.760819011162,
    -6.726615778443));
#1346 = CARTESIAN_POINT('',(-2.06927518473,6.482145186928,
    -6.132629086018));
#1347 = CARTESIAN_POINT('',(-4.662220649896,7.188957511229,
    -3.604096536982));
#1348 = CARTESIAN_POINT('',(-5.264190457276,7.849992227328,
    -0.39046723071));
#1349 = CARTESIAN_POINT('',(-4.092676583741,8.507060003013,
    2.201207252068));
#1350 = CARTESIAN_POINT('',(-2.027498745134,9.1558074732,3.511989787352)
  );
#1351 = CARTESIAN_POINT('',(5.992433962161E-02,9.811742134873,
    3.513067570554));
#1352 = PCURVE('',#1260,#1353);
#1353 = DEFINITIONAL_REPRESENTATION('',(#1354),#1358);
#1354 = LINE('',#1355,#1356);
#1355 = CARTESIAN_POINT('',(0.39157857666,0.));
#1356 = VECTOR('',#1357,1.);
#1357 = DIRECTION('',(0.,1.));
#1358 = ( GEOMETRIC_REPRESENTATION_CONTEXT(2) 
PARAMETRIC_REPRESENTATION_CONTEXT() REPRESENTATION_CONTEXT('2D SPACE',''
  ) );
#1359 = PCURVE('',#1360,#1385);
#1360 = B_SPLINE_SURFACE_WITH_KNOTS('',1,11,(
    (#1361,#1362,#1363,#1364,#1365,#1366,#1367,#1368,#1369,#1370,#1371
      ,#1372)
    ,(#1373,#1374,#1375,#1376,#1377,#1378,#1379,#1380,#1381,#1382,#1383
      ,#1384
    )),.UNSPECIFIED.,.F.,.F.,.F.,(2,2),(12,12),(0.,0.39157857666),(0.,
    11.810098120014),.PIECEWISE_BEZIER_KNOTS.);
#1361 = CARTESIAN_POINT('',(-0.439466335602,1.380624211428,
    5.388260385168));
#1362 = CARTESIAN_POINT('',(2.617207583302,2.355803114311,5.38040401445)
  );
#1363 = CARTESIAN_POINT('',(5.522115399773,3.282678843591,3.451866246999
    ));
#1364 = CARTESIAN_POINT('',(6.922221600666,4.157805906263,
    -0.188685009683));
#1365 = CARTESIAN_POINT('',(5.74051438464,4.980709681984,-4.257592635108
    ));
#1366 = CARTESIAN_POINT('',(2.039233035896,5.76081901116,-6.726615778443
    ));
#1367 = CARTESIAN_POINT('',(-2.06927518473,6.482145186931,
    -6.132629086018));
#1368 = CARTESIAN_POINT('',(-4.662220649896,7.188957511226,
    -3.604096536982));
#1369 = CARTESIAN_POINT('',(-5.264190457276,7.84999222733,-0.39046723071
    ));
#1370 = CARTESIAN_POINT('',(-4.092676583741,8.507060003012,
    2.201207252068));
#1371 = CARTESIAN_POINT('',(-2.027498745134,9.1558074732,3.511989787352)
  );
#1372 = CARTESIAN_POINT('',(5.992433962161E-02,9.811742134873,
    3.513067570554));
#1373 = CARTESIAN_POINT('',(-0.394012060215,1.237825393799,
    5.750028526705));
#1374 = CARTESIAN_POINT('',(2.849657889622,2.274585604916,5.742984745279
    ));
#1375 = CARTESIAN_POINT('',(5.957639801228,3.268197264271,3.697418290595
    ));
#1376 = CARTESIAN_POINT('',(7.484408233798,4.21140275275,-0.200901705578
    ));
#1377 = CARTESIAN_POINT('',(6.242263107151,5.104897005119,
    -4.598002393432));
#1378 = CARTESIAN_POINT('',(2.230188421435,5.94655619315,-7.315537063028
    ));
#1379 = CARTESIAN_POINT('',(-2.266025294568,6.729635703161,
    -6.606841415739));
#1380 = CARTESIAN_POINT('',(-4.955711147339,7.483844950532,
    -3.81827992274));
#1381 = CARTESIAN_POINT('',(-5.506122796365,8.184212234519,
    -0.441646138929));
#1382 = CARTESIAN_POINT('',(-4.252083614331,8.867248452919,
    2.205191711469));
#1383 = CARTESIAN_POINT('',(-2.146030634595,9.529017622559,
    3.513658372928));
#1384 = CARTESIAN_POINT('',(-5.884702454981E-02,10.184873380011,
    3.512599966026));
#1385 = DEFINITIONAL_REPRESENTATION('',(#1386),#1389);
#1386 = B_SPLINE_CURVE_WITH_KNOTS('',1,(#1387,#1388),.UNSPECIFIED.,.F.,
  .F.,(2,2),(0.,11.810098120014),.PIECEWISE_BEZIER_KNOTS.);
#1387 = CARTESIAN_POINT('',(0.,0.));
#1388 = CARTESIAN_POINT('',(0.,11.810098120014));
#1389 = ( GEOMETRIC_REPRESENTATION_CONTEXT(2) 
PARAMETRIC_REPRESENTATION_CONTEXT() REPRESENTATION_CONTEXT('2D SPACE',''
  ) );
#1390 = ORIENTED_EDGE('',*,*,#1391,.F.);
#1391 = EDGE_CURVE('',#1236,#1336,#1392,.T.);
#1392 = SURFACE_CURVE('',#1393,(#1396,#1403),.PCURVE_S1.);
#1393 = B_SPLINE_CURVE_WITH_KNOTS('',1,(#1394,#1395),.UNSPECIFIED.,.F.,
  .F.,(2,2),(0.,0.39157857666),.PIECEWISE_BEZIER_KNOTS.);
#1394 = CARTESIAN_POINT('',(0.174611959077,9.451440352133,3.614867162876
    ));
#1395 = CARTESIAN_POINT('',(5.992433962161E-02,9.811742134873,
    3.513067570554));
#1396 = PCURVE('',#1260,#1397);
#1397 = DEFINITIONAL_REPRESENTATION('',(#1398),#1402);
#1398 = LINE('',#1399,#1400);
#1399 = CARTESIAN_POINT('',(0.,11.810098120014));
#1400 = VECTOR('',#1401,1.);
#1401 = DIRECTION('',(1.,0.));
#1402 = ( GEOMETRIC_REPRESENTATION_CONTEXT(2) 
PARAMETRIC_REPRESENTATION_CONTEXT() REPRESENTATION_CONTEXT('2D SPACE',''
  ) );
#1403 = PCURVE('',#199,#1404);
#1404 = DEFINITIONAL_REPRESENTATION('',(#1405),#1408);
#1405 = B_SPLINE_CURVE_WITH_KNOTS('',1,(#1406,#1407),.UNSPECIFIED.,.F.,
  .F.,(2,2),(0.,0.39157857666),.PIECEWISE_BEZIER_KNOTS.);
#1406 = CARTESIAN_POINT('',(-0.575679618817,-1.385132837124));
#1407 = CARTESIAN_POINT('',(-0.197565053239,-1.486932429446));
#1408 = ( GEOMETRIC_REPRESENTATION_CONTEXT(2) 
PARAMETRIC_REPRESENTATION_CONTEXT() REPRESENTATION_CONTEXT('2D SPACE',''
  ) );
#1409 = ADVANCED_FACE('',(#1410),#1360,.T.);
#1410 = FACE_BOUND('',#1411,.T.);
#1411 = EDGE_LOOP('',(#1412,#1413,#1434,#1490));
#1412 = ORIENTED_EDGE('',*,*,#1335,.F.);
#1413 = ORIENTED_EDGE('',*,*,#1414,.T.);
#1414 = EDGE_CURVE('',#1315,#1415,#1417,.T.);
#1415 = VERTEX_POINT('',#1416);
#1416 = CARTESIAN_POINT('',(-0.394012060215,1.237825393799,
    5.750028526705));
#1417 = SURFACE_CURVE('',#1418,(#1421,#1428),.PCURVE_S1.);
#1418 = B_SPLINE_CURVE_WITH_KNOTS('',1,(#1419,#1420),.UNSPECIFIED.,.F.,
  .F.,(2,2),(0.,0.39157857666),.PIECEWISE_BEZIER_KNOTS.);
#1419 = CARTESIAN_POINT('',(-0.439466335602,1.380624211428,
    5.388260385168));
#1420 = CARTESIAN_POINT('',(-0.394012060215,1.237825393799,
    5.750028526705));
#1421 = PCURVE('',#1360,#1422);
#1422 = DEFINITIONAL_REPRESENTATION('',(#1423),#1427);
#1423 = LINE('',#1424,#1425);
#1424 = CARTESIAN_POINT('',(0.,0.));
#1425 = VECTOR('',#1426,1.);
#1426 = DIRECTION('',(1.,0.));
#1427 = ( GEOMETRIC_REPRESENTATION_CONTEXT(2) 
PARAMETRIC_REPRESENTATION_CONTEXT() REPRESENTATION_CONTEXT('2D SPACE',''
  ) );
#1428 = PCURVE('',#119,#1429);
#1429 = DEFINITIONAL_REPRESENTATION('',(#1430),#1433);
#1430 = B_SPLINE_CURVE_WITH_KNOTS('',1,(#1431,#1432),.UNSPECIFIED.,.F.,
  .F.,(2,2),(0.,0.39157857666),.PIECEWISE_BEZIER_KNOTS.);
#1431 = CARTESIAN_POINT('',(1.448880213582,0.388260385168));
#1432 = CARTESIAN_POINT('',(1.299021635358,0.750028526706));
#1433 = ( GEOMETRIC_REPRESENTATION_CONTEXT(2) 
PARAMETRIC_REPRESENTATION_CONTEXT() REPRESENTATION_CONTEXT('2D SPACE',''
  ) );
#1434 = ORIENTED_EDGE('',*,*,#1435,.T.);
#1435 = EDGE_CURVE('',#1415,#1436,#1438,.T.);
#1436 = VERTEX_POINT('',#1437);
#1437 = CARTESIAN_POINT('',(-5.884702454981E-02,10.184873380011,
    3.512599966026));
#1438 = SURFACE_CURVE('',#1439,(#1452,#1459),.PCURVE_S1.);
#1439 = B_SPLINE_CURVE_WITH_KNOTS('',11,(#1440,#1441,#1442,#1443,#1444,
    #1445,#1446,#1447,#1448,#1449,#1450,#1451),.UNSPECIFIED.,.F.,.F.,(12
    ,12),(0.,11.810098120014),.PIECEWISE_BEZIER_KNOTS.);
#1440 = CARTESIAN_POINT('',(-0.394012060215,1.237825393799,
    5.750028526705));
#1441 = CARTESIAN_POINT('',(2.849657889622,2.274585604916,5.742984745279
    ));
#1442 = CARTESIAN_POINT('',(5.957639801228,3.268197264271,3.697418290595
    ));
#1443 = CARTESIAN_POINT('',(7.484408233798,4.21140275275,-0.200901705578
    ));
#1444 = CARTESIAN_POINT('',(6.242263107151,5.104897005119,
    -4.598002393432));
#1445 = CARTESIAN_POINT('',(2.230188421435,5.94655619315,-7.315537063028
    ));
#1446 = CARTESIAN_POINT('',(-2.266025294568,6.729635703161,
    -6.606841415739));
#1447 = CARTESIAN_POINT('',(-4.955711147339,7.483844950532,
    -3.81827992274));
#1448 = CARTESIAN_POINT('',(-5.506122796365,8.184212234519,
    -0.441646138929));
#1449 = CARTESIAN_POINT('',(-4.252083614331,8.867248452919,
    2.205191711469));
#1450 = CARTESIAN_POINT('',(-2.146030634595,9.529017622559,
    3.513658372928));
#1451 = CARTESIAN_POINT('',(-5.884702454981E-02,10.184873380011,
    3.512599966026));
#1452 = PCURVE('',#1360,#1453);
#1453 = DEFINITIONAL_REPRESENTATION('',(#1454),#1458);
#1454 = LINE('',#1455,#1456);
#1455 = CARTESIAN_POINT('',(0.39157857666,0.));
#1456 = VECTOR('',#1457,1.);
#1457 = DIRECTION('',(0.,1.));
#1458 = ( GEOMETRIC_REPRESENTATION_CONTEXT(2) 
PARAMETRIC_REPRESENTATION_CONTEXT() REPRESENTATION_CONTEXT('2D SPACE',''
  ) );
#1459 = PCURVE('',#1460,#1485);
#1460 = B_SPLINE_SURFACE_WITH_KNOTS('',1,11,(
    (#1461,#1462,#1463,#1464,#1465,#1466,#1467,#1468,#1469,#1470,#1471
      ,#1472)
    ,(#1473,#1474,#1475,#1476,#1477,#1478,#1479,#1480,#1481,#1482,#1483
      ,#1484
    )),.UNSPECIFIED.,.F.,.F.,.F.,(2,2),(12,12),(0.,0.39157857666),(0.,
    11.810098120014),.PIECEWISE_BEZIER_KNOTS.);
#1461 = CARTESIAN_POINT('',(-0.394012060215,1.237825393799,
    5.750028526705));
#1462 = CARTESIAN_POINT('',(2.849657889622,2.274585604916,5.742984745279
    ));
#1463 = CARTESIAN_POINT('',(5.957639801228,3.268197264272,3.697418290595
    ));
#1464 = CARTESIAN_POINT('',(7.484408233798,4.211402752749,
    -0.200901705579));
#1465 = CARTESIAN_POINT('',(6.24226310715,5.10489700512,-4.59800239343)
  );
#1466 = CARTESIAN_POINT('',(2.230188421436,5.946556193149,-7.31553706303
    ));
#1467 = CARTESIAN_POINT('',(-2.266025294568,6.729635703161,
    -6.606841415737));
#1468 = CARTESIAN_POINT('',(-4.955711147338,7.483844950532,
    -3.818279922742));
#1469 = CARTESIAN_POINT('',(-5.506122796365,8.184212234519,
    -0.441646138928));
#1470 = CARTESIAN_POINT('',(-4.252083614331,8.867248452919,
    2.205191711468));
#1471 = CARTESIAN_POINT('',(-2.146030634595,9.529017622559,
    3.513658372928));
#1472 = CARTESIAN_POINT('',(-5.884702454981E-02,10.184873380011,
    3.512599966026));
#1473 = CARTESIAN_POINT('',(-0.321706514061,1.010670821185,
    6.060683463629));
#1474 = CARTESIAN_POINT('',(3.082539945151,2.100311888587,6.054932293557
    ));
#1475 = CARTESIAN_POINT('',(6.376418935129,3.154899528564,3.909475022539
    ));
#1476 = CARTESIAN_POINT('',(8.035100670584,4.163858590643,
    -0.225731500245));
#1477 = CARTESIAN_POINT('',(6.755467760115,5.129006206037,
    -4.950408558648));
#1478 = CARTESIAN_POINT('',(2.449319871055,6.036810613283,
    -7.954230561085));
#1479 = CARTESIAN_POINT('',(-2.488509244806,6.890230926131,
    -7.179122396115));
#1480 = CARTESIAN_POINT('',(-5.348333965169,7.702392025876,
    -4.09759651322));
#1481 = CARTESIAN_POINT('',(-5.871377822398,8.45631604786,
    -0.489031810633));
#1482 = CARTESIAN_POINT('',(-4.51097621294,9.180725962579,2.277373634563
    ));
#1483 = CARTESIAN_POINT('',(-2.312945307896,9.872371399494,
    3.616618684093));
#1484 = CARTESIAN_POINT('',(-0.173608061247,10.545405809818,
    3.613496215769));
#1485 = DEFINITIONAL_REPRESENTATION('',(#1486),#1489);
#1486 = B_SPLINE_CURVE_WITH_KNOTS('',1,(#1487,#1488),.UNSPECIFIED.,.F.,
  .F.,(2,2),(0.,11.810098120014),.PIECEWISE_BEZIER_KNOTS.);
#1487 = CARTESIAN_POINT('',(0.,0.));
#1488 = CARTESIAN_POINT('',(0.,11.810098120014));
#1489 = ( GEOMETRIC_REPRESENTATION_CONTEXT(2) 
PARAMETRIC_REPRESENTATION_CONTEXT() REPRESENTATION_CONTEXT('2D SPACE',''
  ) );
#1490 = ORIENTED_EDGE('',*,*,#1491,.F.);
#1491 = EDGE_CURVE('',#1336,#1436,#1492,.T.);
#1492 = SURFACE_CURVE('',#1493,(#1496,#1503),.PCURVE_S1.);
#1493 = B_SPLINE_CURVE_WITH_KNOTS('',1,(#1494,#1495),.UNSPECIFIED.,.F.,
  .F.,(2,2),(0.,0.39157857666),.PIECEWISE_BEZIER_KNOTS.);
#1494 = CARTESIAN_POINT('',(5.992433962161E-02,9.811742134873,
    3.513067570554));
#1495 = CARTESIAN_POINT('',(-5.884702454981E-02,10.184873380011,
    3.512599966026));
#1496 = PCURVE('',#1360,#1497);
#1497 = DEFINITIONAL_REPRESENTATION('',(#1498),#1502);
#1498 = LINE('',#1499,#1500);
#1499 = CARTESIAN_POINT('',(0.,11.810098120014));
#1500 = VECTOR('',#1501,1.);
#1501 = DIRECTION('',(1.,0.));
#1502 = ( GEOMETRIC_REPRESENTATION_CONTEXT(2) 
PARAMETRIC_REPRESENTATION_CONTEXT() REPRESENTATION_CONTEXT('2D SPACE',''
  ) );
#1503 = PCURVE('',#199,#1504);
#1504 = DEFINITIONAL_REPRESENTATION('',(#1505),#1508);
#1505 = B_SPLINE_CURVE_WITH_KNOTS('',1,(#1506,#1507),.UNSPECIFIED.,.F.,
  .F.,(2,2),(0.,0.39157857666),.PIECEWISE_BEZIER_KNOTS.);
#1506 = CARTESIAN_POINT('',(-0.197565053239,-1.486932429446));
#1507 = CARTESIAN_POINT('',(0.194013244226,-1.487400033974));
#1508 = ( GEOMETRIC_REPRESENTATION_CONTEXT(2) 
PARAMETRIC_REPRESENTATION_CONTEXT() REPRESENTATION_CONTEXT('2D SPACE',''
  ) );
#1509 = ADVANCED_FACE('',(#1510),#1460,.T.);
#1510 = FACE_BOUND('',#1511,.T.);
#1511 = EDGE_LOOP('',(#1512,#1513,#1534,#1590));
#1512 = ORIENTED_EDGE('',*,*,#1435,.F.);
#1513 = ORIENTED_EDGE('',*,*,#1514,.T.);
#1514 = EDGE_CURVE('',#1415,#1515,#1517,.T.);
#1515 = VERTEX_POINT('',#1516);
#1516 = CARTESIAN_POINT('',(-0.321706514061,1.010670821185,
    6.060683463629));
#1517 = SURFACE_CURVE('',#1518,(#1521,#1528),.PCURVE_S1.);
#1518 = B_SPLINE_CURVE_WITH_KNOTS('',1,(#1519,#1520),.UNSPECIFIED.,.F.,
  .F.,(2,2),(0.,0.39157857666),.PIECEWISE_BEZIER_KNOTS.);
#1519 = CARTESIAN_POINT('',(-0.394012060215,1.237825393799,
    5.750028526705));
#1520 = CARTESIAN_POINT('',(-0.321706514061,1.010670821185,
    6.060683463629));
#1521 = PCURVE('',#1460,#1522);
#1522 = DEFINITIONAL_REPRESENTATION('',(#1523),#1527);
#1523 = LINE('',#1524,#1525);
#1524 = CARTESIAN_POINT('',(0.,0.));
#1525 = VECTOR('',#1526,1.);
#1526 = DIRECTION('',(1.,0.));
#1527 = ( GEOMETRIC_REPRESENTATION_CONTEXT(2) 
PARAMETRIC_REPRESENTATION_CONTEXT() REPRESENTATION_CONTEXT('2D SPACE',''
  ) );
#1528 = PCURVE('',#119,#1529);
#1529 = DEFINITIONAL_REPRESENTATION('',(#1530),#1533);
#1530 = B_SPLINE_CURVE_WITH_KNOTS('',1,(#1531,#1532),.UNSPECIFIED.,.F.,
  .F.,(2,2),(0.,0.39157857666),.PIECEWISE_BEZIER_KNOTS.);
#1531 = CARTESIAN_POINT('',(1.299021635358,0.750028526706));
#1532 = CARTESIAN_POINT('',(1.060636879419,1.060683463629));
#1533 = ( GEOMETRIC_REPRESENTATION_CONTEXT(2) 
PARAMETRIC_REPRESENTATION_CONTEXT() REPRESENTATION_CONTEXT('2D SPACE',''
  ) );
#1534 = ORIENTED_EDGE('',*,*,#1535,.T.);
#1535 = EDGE_CURVE('',#1515,#1536,#1538,.T.);
#1536 = VERTEX_POINT('',#1537);
#1537 = CARTESIAN_POINT('',(-0.173608061247,10.545405809818,
    3.613496215769));
#1538 = SURFACE_CURVE('',#1539,(#1552,#1559),.PCURVE_S1.);
#1539 = B_SPLINE_CURVE_WITH_KNOTS('',11,(#1540,#1541,#1542,#1543,#1544,
    #1545,#1546,#1547,#1548,#1549,#1550,#1551),.UNSPECIFIED.,.F.,.F.,(12
    ,12),(0.,11.810098120014),.PIECEWISE_BEZIER_KNOTS.);
#1540 = CARTESIAN_POINT('',(-0.321706514061,1.010670821185,
    6.060683463629));
#1541 = CARTESIAN_POINT('',(3.082539945151,2.100311888587,6.054932293557
    ));
#1542 = CARTESIAN_POINT('',(6.376418935129,3.154899528564,3.909475022539
    ));
#1543 = CARTESIAN_POINT('',(8.035100670584,4.163858590643,
    -0.225731500245));
#1544 = CARTESIAN_POINT('',(6.755467760115,5.129006206037,
    -4.950408558648));
#1545 = CARTESIAN_POINT('',(2.449319871055,6.036810613283,
    -7.954230561085));
#1546 = CARTESIAN_POINT('',(-2.488509244806,6.890230926131,
    -7.179122396115));
#1547 = CARTESIAN_POINT('',(-5.348333965169,7.702392025876,
    -4.09759651322));
#1548 = CARTESIAN_POINT('',(-5.871377822398,8.45631604786,
    -0.489031810633));
#1549 = CARTESIAN_POINT('',(-4.51097621294,9.180725962579,2.277373634563
    ));
#1550 = CARTESIAN_POINT('',(-2.312945307896,9.872371399494,
    3.616618684093));
#1551 = CARTESIAN_POINT('',(-0.173608061247,10.545405809818,
    3.613496215769));
#1552 = PCURVE('',#1460,#1553);
#1553 = DEFINITIONAL_REPRESENTATION('',(#1554),#1558);
#1554 = LINE('',#1555,#1556);
#1555 = CARTESIAN_POINT('',(0.39157857666,0.));
#1556 = VECTOR('',#1557,1.);
#1557 = DIRECTION('',(0.,1.));
#1558 = ( GEOMETRIC_REPRESENTATION_CONTEXT(2) 
PARAMETRIC_REPRESENTATION_CONTEXT() REPRESENTATION_CONTEXT('2D SPACE',''
  ) );
#1559 = PCURVE('',#1560,#1585);
#1560 = B_SPLINE_SURFACE_WITH_KNOTS('',1,11,(
    (#1561,#1562,#1563,#1564,#1565,#1566,#1567,#1568,#1569,#1570,#1571
      ,#1572)
    ,(#1573,#1574,#1575,#1576,#1577,#1578,#1579,#1580,#1581,#1582,#1583
      ,#1584
    )),.UNSPECIFIED.,.F.,.F.,.F.,(2,2),(12,12),(0.,0.39157857666),(0.,
    11.810098120014),.PIECEWISE_BEZIER_KNOTS.);
#1561 = CARTESIAN_POINT('',(-0.321706514061,1.010670821185,
    6.060683463629));
#1562 = CARTESIAN_POINT('',(3.082539945151,2.100311888587,6.054932293557
    ));
#1563 = CARTESIAN_POINT('',(6.376418935129,3.154899528564,3.90947502254)
  );
#1564 = CARTESIAN_POINT('',(8.035100670584,4.163858590642,
    -0.225731500246));
#1565 = CARTESIAN_POINT('',(6.755467760116,5.129006206038,
    -4.950408558646));
#1566 = CARTESIAN_POINT('',(2.449319871054,6.036810613282,
    -7.954230561088));
#1567 = CARTESIAN_POINT('',(-2.488509244804,6.890230926132,
    -7.179122396113));
#1568 = CARTESIAN_POINT('',(-5.34833396517,7.702392025875,
    -4.097596513221));
#1569 = CARTESIAN_POINT('',(-5.871377822398,8.456316047861,
    -0.489031810632));
#1570 = CARTESIAN_POINT('',(-4.51097621294,9.180725962578,2.277373634563
    ));
#1571 = CARTESIAN_POINT('',(-2.312945307896,9.872371399494,
    3.616618684093));
#1572 = CARTESIAN_POINT('',(-0.173608061247,10.545405809818,
    3.613496215769));
#1573 = CARTESIAN_POINT('',(-0.227477200618,0.71464070232,6.299054575369
    ));
#1574 = CARTESIAN_POINT('',(3.299983222661,1.844858431091,6.294987949388
    ));
#1575 = CARTESIAN_POINT('',(6.749913695565,2.950506689925,4.073585126991
    ));
#1576 = CARTESIAN_POINT('',(8.536770131521,4.018413476016,
    -0.261482284212));
#1577 = CARTESIAN_POINT('',(7.245154294544,5.051394282543,
    -5.290795232972));
#1578 = CARTESIAN_POINT('',(2.6816939386,6.025431581972,-8.599170366215)
  );
#1579 = CARTESIAN_POINT('',(-2.72156512191,6.952986556798,
    -7.810472024071));
#1580 = CARTESIAN_POINT('',(-5.81333250719,7.829705115233,
    -4.423011344372));
#1581 = CARTESIAN_POINT('',(-6.335064008965,8.647760242152,
    -0.529394990604));
#1582 = CARTESIAN_POINT('',(-4.851711276811,9.426129557751,
    2.412833942579));
#1583 = CARTESIAN_POINT('',(-2.516867805892,10.162469811527,
    3.813854145792));
#1584 = CARTESIAN_POINT('',(-0.276537995472,10.868769735013,
    3.808880407102));
#1585 = DEFINITIONAL_REPRESENTATION('',(#1586),#1589);
#1586 = B_SPLINE_CURVE_WITH_KNOTS('',1,(#1587,#1588),.UNSPECIFIED.,.F.,
  .F.,(2,2),(0.,11.810098120014),.PIECEWISE_BEZIER_KNOTS.);
#1587 = CARTESIAN_POINT('',(0.,0.));
#1588 = CARTESIAN_POINT('',(0.,11.810098120014));
#1589 = ( GEOMETRIC_REPRESENTATION_CONTEXT(2) 
PARAMETRIC_REPRESENTATION_CONTEXT() REPRESENTATION_CONTEXT('2D SPACE',''
  ) );
#1590 = ORIENTED_EDGE('',*,*,#1591,.F.);
#1591 = EDGE_CURVE('',#1436,#1536,#1592,.T.);
#1592 = SURFACE_CURVE('',#1593,(#1596,#1603),.PCURVE_S1.);
#1593 = B_SPLINE_CURVE_WITH_KNOTS('',1,(#1594,#1595),.UNSPECIFIED.,.F.,
  .F.,(2,2),(0.,0.39157857666),.PIECEWISE_BEZIER_KNOTS.);
#1594 = CARTESIAN_POINT('',(-5.884702454981E-02,10.184873380011,
    3.512599966026));
#1595 = CARTESIAN_POINT('',(-0.173608061247,10.545405809818,
    3.613496215769));
#1596 = PCURVE('',#1460,#1597);
#1597 = DEFINITIONAL_REPRESENTATION('',(#1598),#1602);
#1598 = LINE('',#1599,#1600);
#1599 = CARTESIAN_POINT('',(0.,11.810098120014));
#1600 = VECTOR('',#1601,1.);
#1601 = DIRECTION('',(1.,0.));
#1602 = ( GEOMETRIC_REPRESENTATION_CONTEXT(2) 
PARAMETRIC_REPRESENTATION_CONTEXT() REPRESENTATION_CONTEXT('2D SPACE',''
  ) );
#1603 = PCURVE('',#199,#1604);
#1604 = DEFINITIONAL_REPRESENTATION('',(#1605),#1608);
#1605 = B_SPLINE_CURVE_WITH_KNOTS('',1,(#1606,#1607),.UNSPECIFIED.,.F.,
  .F.,(2,2),(0.,0.39157857666),.PIECEWISE_BEZIER_KNOTS.);
#1606 = CARTESIAN_POINT('',(0.194013244226,-1.487400033974));
#1607 = CARTESIAN_POINT('',(0.572369859718,-1.386503784231));
#1608 = ( GEOMETRIC_REPRESENTATION_CONTEXT(2) 
PARAMETRIC_REPRESENTATION_CONTEXT() REPRESENTATION_CONTEXT('2D SPACE',''
  ) );
#1609 = ADVANCED_FACE('',(#1610),#1560,.T.);
#1610 = FACE_BOUND('',#1611,.T.);
#1611 = EDGE_LOOP('',(#1612,#1613,#1634,#1690));
#1612 = ORIENTED_EDGE('',*,*,#1535,.F.);
#1613 = ORIENTED_EDGE('',*,*,#1614,.T.);
#1614 = EDGE_CURVE('',#1515,#1615,#1617,.T.);
#1615 = VERTEX_POINT('',#1616);
#1616 = CARTESIAN_POINT('',(-0.227477200618,0.71464070232,6.299054575369
    ));
#1617 = SURFACE_CURVE('',#1618,(#1621,#1628),.PCURVE_S1.);
#1618 = B_SPLINE_CURVE_WITH_KNOTS('',1,(#1619,#1620),.UNSPECIFIED.,.F.,
  .F.,(2,2),(0.,0.39157857666),.PIECEWISE_BEZIER_KNOTS.);
#1619 = CARTESIAN_POINT('',(-0.321706514061,1.010670821185,
    6.060683463629));
#1620 = CARTESIAN_POINT('',(-0.227477200618,0.71464070232,6.299054575369
    ));
#1621 = PCURVE('',#1560,#1622);
#1622 = DEFINITIONAL_REPRESENTATION('',(#1623),#1627);
#1623 = LINE('',#1624,#1625);
#1624 = CARTESIAN_POINT('',(0.,0.));
#1625 = VECTOR('',#1626,1.);
#1626 = DIRECTION('',(1.,0.));
#1627 = ( GEOMETRIC_REPRESENTATION_CONTEXT(2) 
PARAMETRIC_REPRESENTATION_CONTEXT() REPRESENTATION_CONTEXT('2D SPACE',''
  ) );
#1628 = PCURVE('',#119,#1629);
#1629 = DEFINITIONAL_REPRESENTATION('',(#1630),#1633);
#1630 = B_SPLINE_CURVE_WITH_KNOTS('',1,(#1631,#1632),.UNSPECIFIED.,.F.,
  .F.,(2,2),(0.,0.39157857666),.PIECEWISE_BEZIER_KNOTS.);
#1631 = CARTESIAN_POINT('',(1.060636879419,1.060683463629));
#1632 = CARTESIAN_POINT('',(0.749971472933,1.299054575369));
#1633 = ( GEOMETRIC_REPRESENTATION_CONTEXT(2) 
PARAMETRIC_REPRESENTATION_CONTEXT() REPRESENTATION_CONTEXT('2D SPACE',''
  ) );
#1634 = ORIENTED_EDGE('',*,*,#1635,.T.);
#1635 = EDGE_CURVE('',#1615,#1636,#1638,.T.);
#1636 = VERTEX_POINT('',#1637);
#1637 = CARTESIAN_POINT('',(-0.276537995472,10.868769735013,
    3.808880407102));
#1638 = SURFACE_CURVE('',#1639,(#1652,#1659),.PCURVE_S1.);
#1639 = B_SPLINE_CURVE_WITH_KNOTS('',11,(#1640,#1641,#1642,#1643,#1644,
    #1645,#1646,#1647,#1648,#1649,#1650,#1651),.UNSPECIFIED.,.F.,.F.,(12
    ,12),(0.,11.810098120014),.PIECEWISE_BEZIER_KNOTS.);
#1640 = CARTESIAN_POINT('',(-0.227477200618,0.71464070232,6.299054575369
    ));
#1641 = CARTESIAN_POINT('',(3.299983222661,1.844858431091,6.294987949388
    ));
#1642 = CARTESIAN_POINT('',(6.749913695565,2.950506689925,4.073585126991
    ));
#1643 = CARTESIAN_POINT('',(8.536770131521,4.018413476016,
    -0.261482284212));
#1644 = CARTESIAN_POINT('',(7.245154294544,5.051394282543,
    -5.290795232972));
#1645 = CARTESIAN_POINT('',(2.6816939386,6.025431581972,-8.599170366215)
  );
#1646 = CARTESIAN_POINT('',(-2.72156512191,6.952986556798,
    -7.810472024071));
#1647 = CARTESIAN_POINT('',(-5.81333250719,7.829705115233,
    -4.423011344372));
#1648 = CARTESIAN_POINT('',(-6.335064008965,8.647760242152,
    -0.529394990604));
#1649 = CARTESIAN_POINT('',(-4.851711276811,9.426129557751,
    2.412833942579));
#1650 = CARTESIAN_POINT('',(-2.516867805892,10.162469811527,
    3.813854145792));
#1651 = CARTESIAN_POINT('',(-0.276537995472,10.868769735013,
    3.808880407102));
#1652 = PCURVE('',#1560,#1653);
#1653 = DEFINITIONAL_REPRESENTATION('',(#1654),#1658);
#1654 = LINE('',#1655,#1656);
#1655 = CARTESIAN_POINT('',(0.39157857666,0.));
#1656 = VECTOR('',#1657,1.);
#1657 = DIRECTION('',(0.,1.));
#1658 = ( GEOMETRIC_REPRESENTATION_CONTEXT(2) 
PARAMETRIC_REPRESENTATION_CONTEXT() REPRESENTATION_CONTEXT('2D SPACE',''
  ) );
#1659 = PCURVE('',#1660,#1685);
#1660 = B_SPLINE_SURFACE_WITH_KNOTS('',1,11,(
    (#1661,#1662,#1663,#1664,#1665,#1666,#1667,#1668,#1669,#1670,#1671
      ,#1672)
    ,(#1673,#1674,#1675,#1676,#1677,#1678,#1679,#1680,#1681,#1682,#1683
      ,#1684
    )),.UNSPECIFIED.,.F.,.F.,.F.,(2,2),(12,12),(0.,0.39157857666),(0.,
    11.810098120014),.PIECEWISE_BEZIER_KNOTS.);
#1661 = CARTESIAN_POINT('',(-0.227477200618,0.71464070232,6.299054575369
    ));
#1662 = CARTESIAN_POINT('',(3.299983222661,1.844858431091,6.294987949388
    ));
#1663 = CARTESIAN_POINT('',(6.749913695565,2.950506689925,4.073585126991
    ));
#1664 = CARTESIAN_POINT('',(8.536770131521,4.018413476017,
    -0.261482284212));
#1665 = CARTESIAN_POINT('',(7.245154294545,5.05139428254,-5.290795232972
    ));
#1666 = CARTESIAN_POINT('',(2.681693938598,6.025431581975,
    -8.599170366216));
#1667 = CARTESIAN_POINT('',(-2.721565121907,6.952986556795,
    -7.810472024071));
#1668 = CARTESIAN_POINT('',(-5.813332507192,7.829705115236,
    -4.423011344373));
#1669 = CARTESIAN_POINT('',(-6.335064008964,8.64776024215,
    -0.529394990604));
#1670 = CARTESIAN_POINT('',(-4.851711276811,9.426129557752,
    2.412833942579));
#1671 = CARTESIAN_POINT('',(-2.516867805892,10.162469811527,
    3.813854145792));
#1672 = CARTESIAN_POINT('',(-0.276537995472,10.868769735013,
    3.808880407102));
#1673 = CARTESIAN_POINT('',(-0.117745691876,0.369909000591,
    6.448897264586));
#1674 = CARTESIAN_POINT('',(3.48716932213,1.5256339634,6.446792316537));
#1675 = CARTESIAN_POINT('',(7.052671031841,2.66894778253,4.178564771534)
  );
#1676 = CARTESIAN_POINT('',(8.955228671893,3.784979253078,
    -0.305717700626));
#1677 = CARTESIAN_POINT('',(7.677951382361,4.877350358951,
    -5.595965627076));
#1678 = CARTESIAN_POINT('',(2.911474715378,5.913194561412,-9.2064048965)
  );
#1679 = CARTESIAN_POINT('',(-2.949310552995,6.913625902626,
    -8.457864865827));
#1680 = CARTESIAN_POINT('',(-6.319017891212,7.857108041972,
    -4.772347933221));
#1681 = CARTESIAN_POINT('',(-6.865581908727,8.74549821192,
    -0.559984994835));
#1682 = CARTESIAN_POINT('',(-5.251068274433,9.586735388978,
    2.602341239386));
#1683 = CARTESIAN_POINT('',(-2.74390114734,10.379543131287,
    4.091923487256));
#1684 = CARTESIAN_POINT('',(-0.360622322306,11.132928438476,
    4.085437430272));
#1685 = DEFINITIONAL_REPRESENTATION('',(#1686),#1689);
#1686 = B_SPLINE_CURVE_WITH_KNOTS('',1,(#1687,#1688),.UNSPECIFIED.,.F.,
  .F.,(2,2),(0.,11.810098120014),.PIECEWISE_BEZIER_KNOTS.);
#1687 = CARTESIAN_POINT('',(0.,0.));
#1688 = CARTESIAN_POINT('',(0.,11.810098120014));
#1689 = ( GEOMETRIC_REPRESENTATION_CONTEXT(2) 
PARAMETRIC_REPRESENTATION_CONTEXT() REPRESENTATION_CONTEXT('2D SPACE',''
  ) );
#1690 = ORIENTED_EDGE('',*,*,#1691,.F.);
#1691 = EDGE_CURVE('',#1536,#1636,#1692,.T.);
#1692 = SURFACE_CURVE('',#1693,(#1696,#1703),.PCURVE_S1.);
#1693 = B_SPLINE_CURVE_WITH_KNOTS('',1,(#1694,#1695),.UNSPECIFIED.,.F.,
  .F.,(2,2),(0.,0.39157857666),.PIECEWISE_BEZIER_KNOTS.);
#1694 = CARTESIAN_POINT('',(-0.173608061247,10.545405809818,
    3.613496215769));
#1695 = CARTESIAN_POINT('',(-0.276537995472,10.868769735013,
    3.808880407102));
#1696 = PCURVE('',#1560,#1697);
#1697 = DEFINITIONAL_REPRESENTATION('',(#1698),#1702);
#1698 = LINE('',#1699,#1700);
#1699 = CARTESIAN_POINT('',(0.,11.810098120014));
#1700 = VECTOR('',#1701,1.);
#1701 = DIRECTION('',(1.,0.));
#1702 = ( GEOMETRIC_REPRESENTATION_CONTEXT(2) 
PARAMETRIC_REPRESENTATION_CONTEXT() REPRESENTATION_CONTEXT('2D SPACE',''
  ) );
#1703 = PCURVE('',#199,#1704);
#1704 = DEFINITIONAL_REPRESENTATION('',(#1705),#1708);
#1705 = B_SPLINE_CURVE_WITH_KNOTS('',1,(#1706,#1707),.UNSPECIFIED.,.F.,
  .F.,(2,2),(0.,0.39157857666),.PIECEWISE_BEZIER_KNOTS.);
#1706 = CARTESIAN_POINT('',(0.572369859718,-1.386503784231));
#1707 = CARTESIAN_POINT('',(0.911720415157,-1.191119592898));
#1708 = ( GEOMETRIC_REPRESENTATION_CONTEXT(2) 
PARAMETRIC_REPRESENTATION_CONTEXT() REPRESENTATION_CONTEXT('2D SPACE',''
  ) );
#1709 = ADVANCED_FACE('',(#1710),#1660,.T.);
#1710 = FACE_BOUND('',#1711,.T.);
#1711 = EDGE_LOOP('',(#1712,#1713,#1734,#1790));
#1712 = ORIENTED_EDGE('',*,*,#1635,.F.);
#1713 = ORIENTED_EDGE('',*,*,#1714,.T.);
#1714 = EDGE_CURVE('',#1615,#1715,#1717,.T.);
#1715 = VERTEX_POINT('',#1716);
#1716 = CARTESIAN_POINT('',(-0.117745691876,0.369909000591,
    6.448897264586));
#1717 = SURFACE_CURVE('',#1718,(#1721,#1728),.PCURVE_S1.);
#1718 = B_SPLINE_CURVE_WITH_KNOTS('',1,(#1719,#1720),.UNSPECIFIED.,.F.,
  .F.,(2,2),(0.,0.39157857666),.PIECEWISE_BEZIER_KNOTS.);
#1719 = CARTESIAN_POINT('',(-0.227477200618,0.71464070232,6.299054575369
    ));
#1720 = CARTESIAN_POINT('',(-0.117745691876,0.369909000591,
    6.448897264586));
#1721 = PCURVE('',#1660,#1722);
#1722 = DEFINITIONAL_REPRESENTATION('',(#1723),#1727);
#1723 = LINE('',#1724,#1725);
#1724 = CARTESIAN_POINT('',(0.,0.));
#1725 = VECTOR('',#1726,1.);
#1726 = DIRECTION('',(1.,0.));
#1727 = ( GEOMETRIC_REPRESENTATION_CONTEXT(2) 
PARAMETRIC_REPRESENTATION_CONTEXT() REPRESENTATION_CONTEXT('2D SPACE',''
  ) );
#1728 = PCURVE('',#119,#1729);
#1729 = DEFINITIONAL_REPRESENTATION('',(#1730),#1733);
#1730 = B_SPLINE_CURVE_WITH_KNOTS('',1,(#1731,#1732),.UNSPECIFIED.,.F.,
  .F.,(2,2),(0.,0.39157857666),.PIECEWISE_BEZIER_KNOTS.);
#1731 = CARTESIAN_POINT('',(0.749971472933,1.299054575369));
#1732 = CARTESIAN_POINT('',(0.388196749953,1.448897264586));
#1733 = ( GEOMETRIC_REPRESENTATION_CONTEXT(2) 
PARAMETRIC_REPRESENTATION_CONTEXT() REPRESENTATION_CONTEXT('2D SPACE',''
  ) );
#1734 = ORIENTED_EDGE('',*,*,#1735,.T.);
#1735 = EDGE_CURVE('',#1715,#1736,#1738,.T.);
#1736 = VERTEX_POINT('',#1737);
#1737 = CARTESIAN_POINT('',(-0.360622322306,11.132928438476,
    4.085437430272));
#1738 = SURFACE_CURVE('',#1739,(#1752,#1759),.PCURVE_S1.);
#1739 = B_SPLINE_CURVE_WITH_KNOTS('',11,(#1740,#1741,#1742,#1743,#1744,
    #1745,#1746,#1747,#1748,#1749,#1750,#1751),.UNSPECIFIED.,.F.,.F.,(12
    ,12),(0.,11.810098120014),.PIECEWISE_BEZIER_KNOTS.);
#1740 = CARTESIAN_POINT('',(-0.117745691876,0.369909000591,
    6.448897264586));
#1741 = CARTESIAN_POINT('',(3.48716932213,1.5256339634,6.446792316537));
#1742 = CARTESIAN_POINT('',(7.052671031841,2.66894778253,4.178564771534)
  );
#1743 = CARTESIAN_POINT('',(8.955228671893,3.784979253078,
    -0.305717700626));
#1744 = CARTESIAN_POINT('',(7.677951382361,4.877350358951,
    -5.595965627076));
#1745 = CARTESIAN_POINT('',(2.911474715378,5.913194561412,-9.2064048965)
  );
#1746 = CARTESIAN_POINT('',(-2.949310552995,6.913625902626,
    -8.457864865827));
#1747 = CARTESIAN_POINT('',(-6.319017891212,7.857108041972,
    -4.772347933221));
#1748 = CARTESIAN_POINT('',(-6.865581908727,8.74549821192,
    -0.559984994835));
#1749 = CARTESIAN_POINT('',(-5.251068274433,9.586735388978,
    2.602341239386));
#1750 = CARTESIAN_POINT('',(-2.74390114734,10.379543131287,
    4.091923487256));
#1751 = CARTESIAN_POINT('',(-0.360622322306,11.132928438476,
    4.085437430272));
#1752 = PCURVE('',#1660,#1753);
#1753 = DEFINITIONAL_REPRESENTATION('',(#1754),#1758);
#1754 = LINE('',#1755,#1756);
#1755 = CARTESIAN_POINT('',(0.39157857666,0.));
#1756 = VECTOR('',#1757,1.);
#1757 = DIRECTION('',(0.,1.));
#1758 = ( GEOMETRIC_REPRESENTATION_CONTEXT(2) 
PARAMETRIC_REPRESENTATION_CONTEXT() REPRESENTATION_CONTEXT('2D SPACE',''
  ) );
#1759 = PCURVE('',#1760,#1785);
#1760 = B_SPLINE_SURFACE_WITH_KNOTS('',1,11,(
    (#1761,#1762,#1763,#1764,#1765,#1766,#1767,#1768,#1769,#1770,#1771
      ,#1772)
    ,(#1773,#1774,#1775,#1776,#1777,#1778,#1779,#1780,#1781,#1782,#1783
      ,#1784
    )),.UNSPECIFIED.,.F.,.F.,.F.,(2,2),(12,12),(0.,0.39157857666),(0.,
    11.810098120014),.PIECEWISE_BEZIER_KNOTS.);
#1761 = CARTESIAN_POINT('',(-0.117745691876,0.369909000591,
    6.448897264586));
#1762 = CARTESIAN_POINT('',(3.487169322131,1.5256339634,6.446792316537)
  );
#1763 = CARTESIAN_POINT('',(7.052671031841,2.66894778253,4.178564771534)
  );
#1764 = CARTESIAN_POINT('',(8.955228671895,3.784979253078,
    -0.305717700626));
#1765 = CARTESIAN_POINT('',(7.677951382359,4.877350358952,
    -5.595965627075));
#1766 = CARTESIAN_POINT('',(2.911474715381,5.91319456141,-9.206404896501
    ));
#1767 = CARTESIAN_POINT('',(-2.949310552998,6.913625902628,
    -8.457864865826));
#1768 = CARTESIAN_POINT('',(-6.31901789121,7.85710804197,-4.772347933222
    ));
#1769 = CARTESIAN_POINT('',(-6.865581908728,8.745498211921,
    -0.559984994835));
#1770 = CARTESIAN_POINT('',(-5.251068274432,9.586735388978,
    2.602341239385));
#1771 = CARTESIAN_POINT('',(-2.74390114734,10.379543131287,
    4.091923487256));
#1772 = CARTESIAN_POINT('',(-0.360622322306,11.132928438476,
    4.085437430272));
#1773 = CARTESIAN_POINT('',(9.991182179703E-06,-3.138822398352E-05,
    6.499999999638));
#1774 = CARTESIAN_POINT('',(3.631341820221,1.164393105444,6.50000017825)
  );
#1775 = CARTESIAN_POINT('',(7.264058531821,2.329410580623,4.217259766884
    ));
#1776 = CARTESIAN_POINT('',(9.261959033711,3.479464078349,
    -0.355423178968));
#1777 = CARTESIAN_POINT('',(8.024364617261,4.618735241045,
    -5.845122882907));
#1778 = CARTESIAN_POINT('',(3.123003021189,5.707748319058,
    -9.734552122218));
#1779 = CARTESIAN_POINT('',(-3.156225063306,6.774831327166,
    -9.077182169071));
#1780 = CARTESIAN_POINT('',(-6.830928493994,7.782733341907,
    -5.121799568552));
#1781 = CARTESIAN_POINT('',(-7.42677760354,8.742869276054,
    -0.578717165084));
#1782 = CARTESIAN_POINT('',(-5.681831686386,9.651598434272,
    2.832980915879));
#1783 = CARTESIAN_POINT('',(-2.978573385213,10.508798170764,
    4.431876742397));
#1784 = CARTESIAN_POINT('',(-0.420130833831,11.31987994111,
    4.424320381183));
#1785 = DEFINITIONAL_REPRESENTATION('',(#1786),#1789);
#1786 = B_SPLINE_CURVE_WITH_KNOTS('',1,(#1787,#1788),.UNSPECIFIED.,.F.,
  .F.,(2,2),(0.,11.810098120014),.PIECEWISE_BEZIER_KNOTS.);
#1787 = CARTESIAN_POINT('',(0.,0.));
#1788 = CARTESIAN_POINT('',(0.,11.810098120014));
#1789 = ( GEOMETRIC_REPRESENTATION_CONTEXT(2) 
PARAMETRIC_REPRESENTATION_CONTEXT() REPRESENTATION_CONTEXT('2D SPACE',''
  ) );
#1790 = ORIENTED_EDGE('',*,*,#1791,.F.);
#1791 = EDGE_CURVE('',#1636,#1736,#1792,.T.);
#1792 = SURFACE_CURVE('',#1793,(#1796,#1803),.PCURVE_S1.);
#1793 = B_SPLINE_CURVE_WITH_KNOTS('',1,(#1794,#1795),.UNSPECIFIED.,.F.,
  .F.,(2,2),(0.,0.39157857666),.PIECEWISE_BEZIER_KNOTS.);
#1794 = CARTESIAN_POINT('',(-0.276537995472,10.868769735013,
    3.808880407102));
#1795 = CARTESIAN_POINT('',(-0.360622322306,11.132928438476,
    4.085437430272));
#1796 = PCURVE('',#1660,#1797);
#1797 = DEFINITIONAL_REPRESENTATION('',(#1798),#1802);
#1798 = LINE('',#1799,#1800);
#1799 = CARTESIAN_POINT('',(0.,11.810098120014));
#1800 = VECTOR('',#1801,1.);
#1801 = DIRECTION('',(1.,0.));
#1802 = ( GEOMETRIC_REPRESENTATION_CONTEXT(2) 
PARAMETRIC_REPRESENTATION_CONTEXT() REPRESENTATION_CONTEXT('2D SPACE',''
  ) );
#1803 = PCURVE('',#199,#1804);
#1804 = DEFINITIONAL_REPRESENTATION('',(#1805),#1808);
#1805 = B_SPLINE_CURVE_WITH_KNOTS('',1,(#1806,#1807),.UNSPECIFIED.,.F.,
  .F.,(2,2),(0.,0.39157857666),.PIECEWISE_BEZIER_KNOTS.);
#1806 = CARTESIAN_POINT('',(0.911720415157,-1.191119592898));
#1807 = CARTESIAN_POINT('',(1.188938730992,-0.914562569728));
#1808 = ( GEOMETRIC_REPRESENTATION_CONTEXT(2) 
PARAMETRIC_REPRESENTATION_CONTEXT() REPRESENTATION_CONTEXT('2D SPACE',''
  ) );
#1809 = ADVANCED_FACE('',(#1810),#1760,.T.);
#1810 = FACE_BOUND('',#1811,.T.);
#1811 = EDGE_LOOP('',(#1812,#1813,#1834,#1890));
#1812 = ORIENTED_EDGE('',*,*,#1735,.F.);
#1813 = ORIENTED_EDGE('',*,*,#1814,.T.);
#1814 = EDGE_CURVE('',#1715,#1815,#1817,.T.);
#1815 = VERTEX_POINT('',#1816);
#1816 = CARTESIAN_POINT('',(9.99118217293E-06,-3.138822398174E-05,
    6.499999999638));
#1817 = SURFACE_CURVE('',#1818,(#1821,#1828),.PCURVE_S1.);
#1818 = B_SPLINE_CURVE_WITH_KNOTS('',1,(#1819,#1820),.UNSPECIFIED.,.F.,
  .F.,(2,2),(0.,0.39157857666),.PIECEWISE_BEZIER_KNOTS.);
#1819 = CARTESIAN_POINT('',(-0.117745691876,0.369909000591,
    6.448897264586));
#1820 = CARTESIAN_POINT('',(9.991182179703E-06,-3.138822398352E-05,
    6.499999999638));
#1821 = PCURVE('',#1760,#1822);
#1822 = DEFINITIONAL_REPRESENTATION('',(#1823),#1827);
#1823 = LINE('',#1824,#1825);
#1824 = CARTESIAN_POINT('',(0.,0.));
#1825 = VECTOR('',#1826,1.);
#1826 = DIRECTION('',(1.,0.));
#1827 = ( GEOMETRIC_REPRESENTATION_CONTEXT(2) 
PARAMETRIC_REPRESENTATION_CONTEXT() REPRESENTATION_CONTEXT('2D SPACE',''
  ) );
#1828 = PCURVE('',#119,#1829);
#1829 = DEFINITIONAL_REPRESENTATION('',(#1830),#1833);
#1830 = B_SPLINE_CURVE_WITH_KNOTS('',1,(#1831,#1832),.UNSPECIFIED.,.F.,
  .F.,(2,2),(0.,0.39157857666),.PIECEWISE_BEZIER_KNOTS.);
#1831 = CARTESIAN_POINT('',(0.388196749953,1.448897264586));
#1832 = CARTESIAN_POINT('',(-3.294001102118E-05,1.499999999638));
#1833 = ( GEOMETRIC_REPRESENTATION_CONTEXT(2) 
PARAMETRIC_REPRESENTATION_CONTEXT() REPRESENTATION_CONTEXT('2D SPACE',''
  ) );
#1834 = ORIENTED_EDGE('',*,*,#1835,.T.);
#1835 = EDGE_CURVE('',#1815,#1836,#1838,.T.);
#1836 = VERTEX_POINT('',#1837);
#1837 = CARTESIAN_POINT('',(-0.420130833831,11.31987994111,
    4.424320381183));
#1838 = SURFACE_CURVE('',#1839,(#1852,#1859),.PCURVE_S1.);
#1839 = B_SPLINE_CURVE_WITH_KNOTS('',11,(#1840,#1841,#1842,#1843,#1844,
    #1845,#1846,#1847,#1848,#1849,#1850,#1851),.UNSPECIFIED.,.F.,.F.,(12
    ,12),(0.,11.810098120014),.PIECEWISE_BEZIER_KNOTS.);
#1840 = CARTESIAN_POINT('',(9.991182179703E-06,-3.138822398352E-05,
    6.499999999638));
#1841 = CARTESIAN_POINT('',(3.631341820221,1.164393105444,6.50000017825)
  );
#1842 = CARTESIAN_POINT('',(7.264058531821,2.329410580623,4.217259766884
    ));
#1843 = CARTESIAN_POINT('',(9.261959033711,3.479464078349,
    -0.355423178968));
#1844 = CARTESIAN_POINT('',(8.024364617261,4.618735241045,
    -5.845122882907));
#1845 = CARTESIAN_POINT('',(3.123003021189,5.707748319058,
    -9.734552122218));
#1846 = CARTESIAN_POINT('',(-3.156225063306,6.774831327166,
    -9.077182169071));
#1847 = CARTESIAN_POINT('',(-6.830928493994,7.782733341907,
    -5.121799568552));
#1848 = CARTESIAN_POINT('',(-7.42677760354,8.742869276054,
    -0.578717165084));
#1849 = CARTESIAN_POINT('',(-5.681831686386,9.651598434272,
    2.832980915879));
#1850 = CARTESIAN_POINT('',(-2.978573385213,10.508798170764,
    4.431876742397));
#1851 = CARTESIAN_POINT('',(-0.420130833831,11.31987994111,
    4.424320381183));
#1852 = PCURVE('',#1760,#1853);
#1853 = DEFINITIONAL_REPRESENTATION('',(#1854),#1858);
#1854 = LINE('',#1855,#1856);
#1855 = CARTESIAN_POINT('',(0.39157857666,0.));
#1856 = VECTOR('',#1857,1.);
#1857 = DIRECTION('',(0.,1.));
#1858 = ( GEOMETRIC_REPRESENTATION_CONTEXT(2) 
PARAMETRIC_REPRESENTATION_CONTEXT() REPRESENTATION_CONTEXT('2D SPACE',''
  ) );
#1859 = PCURVE('',#1860,#1885);
#1860 = B_SPLINE_SURFACE_WITH_KNOTS('',1,11,(
    (#1861,#1862,#1863,#1864,#1865,#1866,#1867,#1868,#1869,#1870,#1871
      ,#1872)
    ,(#1873,#1874,#1875,#1876,#1877,#1878,#1879,#1880,#1881,#1882,#1883
      ,#1884
    )),.UNSPECIFIED.,.F.,.F.,.F.,(2,2),(12,12),(0.,0.39157857666),(0.,
    11.810098120014),.PIECEWISE_BEZIER_KNOTS.);
#1861 = CARTESIAN_POINT('',(9.99118217293E-06,-3.138822398174E-05,
    6.499999999638));
#1862 = CARTESIAN_POINT('',(3.631341820221,1.164393105444,6.50000017825)
  );
#1863 = CARTESIAN_POINT('',(7.264058531822,2.329410580623,4.217259766884
    ));
#1864 = CARTESIAN_POINT('',(9.26195903371,3.479464078347,-0.355423178969
    ));
#1865 = CARTESIAN_POINT('',(8.024364617263,4.618735241047,
    -5.845122882906));
#1866 = CARTESIAN_POINT('',(3.123003021187,5.707748319055,
    -9.734552122219));
#1867 = CARTESIAN_POINT('',(-3.156225063305,6.774831327168,
    -9.07718216907));
#1868 = CARTESIAN_POINT('',(-6.830928493995,7.782733341905,
    -5.121799568552));
#1869 = CARTESIAN_POINT('',(-7.42677760354,8.742869276056,
    -0.578717165084));
#1870 = CARTESIAN_POINT('',(-5.681831686386,9.651598434271,
    2.832980915879));
#1871 = CARTESIAN_POINT('',(-2.978573385213,10.508798170764,
    4.431876742397));
#1872 = CARTESIAN_POINT('',(-0.420130833831,11.31987994111,
    4.424320381183));
#1873 = CARTESIAN_POINT('',(0.117764993358,-0.369969637984,
    6.448880213582));
#1874 = CARTESIAN_POINT('',(3.722675599444,0.785753824712,6.450985506684
    ));
#1875 = CARTESIAN_POINT('',(7.369670486716,1.955033983402,4.187033113051
    ));
#1876 = CARTESIAN_POINT('',(9.436058049708,3.122688306095,
    -0.407211373029));
#1877 = CARTESIAN_POINT('',(8.260786509768,4.293173121732,
    -6.021287345237));
#1878 = CARTESIAN_POINT('',(3.301863551548,5.423093676808,
    -10.14761968273));
#1879 = CARTESIAN_POINT('',(-3.328207770899,6.546061451368,
    -9.626218483063));
#1880 = CARTESIAN_POINT('',(-7.314178453935,7.611649527937,
    -5.447551698908));
#1881 = CARTESIAN_POINT('',(-7.980406534219,8.640052592189,
    -0.584314934908));
#1882 = CARTESIAN_POINT('',(-6.114645698017,9.616298384286,
    3.089035259257));
#1883 = CARTESIAN_POINT('',(-3.204891994314,10.541426412622,
    4.810546658675));
#1884 = CARTESIAN_POINT('',(-0.45100812333,11.416883806961,
    4.802434946761));
#1885 = DEFINITIONAL_REPRESENTATION('',(#1886),#1889);
#1886 = B_SPLINE_CURVE_WITH_KNOTS('',1,(#1887,#1888),.UNSPECIFIED.,.F.,
  .F.,(2,2),(0.,11.810098120014),.PIECEWISE_BEZIER_KNOTS.);
#1887 = CARTESIAN_POINT('',(0.,0.));
#1888 = CARTESIAN_POINT('',(0.,11.810098120014));
#1889 = ( GEOMETRIC_REPRESENTATION_CONTEXT(2) 
PARAMETRIC_REPRESENTATION_CONTEXT() REPRESENTATION_CONTEXT('2D SPACE',''
  ) );
#1890 = ORIENTED_EDGE('',*,*,#1891,.F.);
#1891 = EDGE_CURVE('',#1736,#1836,#1892,.T.);
#1892 = SURFACE_CURVE('',#1893,(#1896,#1903),.PCURVE_S1.);
#1893 = B_SPLINE_CURVE_WITH_KNOTS('',1,(#1894,#1895),.UNSPECIFIED.,.F.,
  .F.,(2,2),(0.,0.39157857666),.PIECEWISE_BEZIER_KNOTS.);
#1894 = CARTESIAN_POINT('',(-0.360622322306,11.132928438476,
    4.085437430272));
#1895 = CARTESIAN_POINT('',(-0.420130833831,11.31987994111,
    4.424320381183));
#1896 = PCURVE('',#1760,#1897);
#1897 = DEFINITIONAL_REPRESENTATION('',(#1898),#1902);
#1898 = LINE('',#1899,#1900);
#1899 = CARTESIAN_POINT('',(0.,11.810098120014));
#1900 = VECTOR('',#1901,1.);
#1901 = DIRECTION('',(1.,0.));
#1902 = ( GEOMETRIC_REPRESENTATION_CONTEXT(2) 
PARAMETRIC_REPRESENTATION_CONTEXT() REPRESENTATION_CONTEXT('2D SPACE',''
  ) );
#1903 = PCURVE('',#199,#1904);
#1904 = DEFINITIONAL_REPRESENTATION('',(#1905),#1908);
#1905 = B_SPLINE_CURVE_WITH_KNOTS('',1,(#1906,#1907),.UNSPECIFIED.,.F.,
  .F.,(2,2),(0.,0.39157857666),.PIECEWISE_BEZIER_KNOTS.);
#1906 = CARTESIAN_POINT('',(1.188938730992,-0.914562569728));
#1907 = CARTESIAN_POINT('',(1.385132837124,-0.575679618817));
#1908 = ( GEOMETRIC_REPRESENTATION_CONTEXT(2) 
PARAMETRIC_REPRESENTATION_CONTEXT() REPRESENTATION_CONTEXT('2D SPACE',''
  ) );
#1909 = ADVANCED_FACE('',(#1910),#1860,.T.);
#1910 = FACE_BOUND('',#1911,.T.);
#1911 = EDGE_LOOP('',(#1912,#1913,#1934,#1990));
#1912 = ORIENTED_EDGE('',*,*,#1835,.F.);
#1913 = ORIENTED_EDGE('',*,*,#1914,.T.);
#1914 = EDGE_CURVE('',#1815,#1915,#1917,.T.);
#1915 = VERTEX_POINT('',#1916);
#1916 = CARTESIAN_POINT('',(0.117764993358,-0.369969637984,
    6.448880213582));
#1917 = SURFACE_CURVE('',#1918,(#1921,#1928),.PCURVE_S1.);
#1918 = B_SPLINE_CURVE_WITH_KNOTS('',1,(#1919,#1920),.UNSPECIFIED.,.F.,
  .F.,(2,2),(0.,0.39157857666),.PIECEWISE_BEZIER_KNOTS.);
#1919 = CARTESIAN_POINT('',(9.99118217293E-06,-3.138822398174E-05,
    6.499999999638));
#1920 = CARTESIAN_POINT('',(0.117764993358,-0.369969637984,
    6.448880213582));
#1921 = PCURVE('',#1860,#1922);
#1922 = DEFINITIONAL_REPRESENTATION('',(#1923),#1927);
#1923 = LINE('',#1924,#1925);
#1924 = CARTESIAN_POINT('',(0.,0.));
#1925 = VECTOR('',#1926,1.);
#1926 = DIRECTION('',(1.,0.));
#1927 = ( GEOMETRIC_REPRESENTATION_CONTEXT(2) 
PARAMETRIC_REPRESENTATION_CONTEXT() REPRESENTATION_CONTEXT('2D SPACE',''
  ) );
#1928 = PCURVE('',#119,#1929);
#1929 = DEFINITIONAL_REPRESENTATION('',(#1930),#1933);
#1930 = B_SPLINE_CURVE_WITH_KNOTS('',1,(#1931,#1932),.UNSPECIFIED.,.F.,
  .F.,(2,2),(0.,0.39157857666),.PIECEWISE_BEZIER_KNOTS.);
#1931 = CARTESIAN_POINT('',(-3.294001101743E-05,1.499999999638));
#1932 = CARTESIAN_POINT('',(-0.388260385168,1.448880213582));
#1933 = ( GEOMETRIC_REPRESENTATION_CONTEXT(2) 
PARAMETRIC_REPRESENTATION_CONTEXT() REPRESENTATION_CONTEXT('2D SPACE',''
  ) );
#1934 = ORIENTED_EDGE('',*,*,#1935,.T.);
#1935 = EDGE_CURVE('',#1915,#1936,#1938,.T.);
#1936 = VERTEX_POINT('',#1937);
#1937 = CARTESIAN_POINT('',(-0.45100812333,11.416883806961,
    4.802434946761));
#1938 = SURFACE_CURVE('',#1939,(#1952,#1959),.PCURVE_S1.);
#1939 = B_SPLINE_CURVE_WITH_KNOTS('',11,(#1940,#1941,#1942,#1943,#1944,
    #1945,#1946,#1947,#1948,#1949,#1950,#1951),.UNSPECIFIED.,.F.,.F.,(12
    ,12),(0.,11.810098120014),.PIECEWISE_BEZIER_KNOTS.);
#1940 = CARTESIAN_POINT('',(0.117764993358,-0.369969637984,
    6.448880213582));
#1941 = CARTESIAN_POINT('',(3.722675599444,0.785753824712,6.450985506684
    ));
#1942 = CARTESIAN_POINT('',(7.369670486716,1.955033983402,4.187033113051
    ));
#1943 = CARTESIAN_POINT('',(9.436058049708,3.122688306095,
    -0.407211373029));
#1944 = CARTESIAN_POINT('',(8.260786509768,4.293173121732,
    -6.021287345237));
#1945 = CARTESIAN_POINT('',(3.301863551548,5.423093676808,
    -10.14761968273));
#1946 = CARTESIAN_POINT('',(-3.328207770899,6.546061451368,
    -9.626218483063));
#1947 = CARTESIAN_POINT('',(-7.314178453935,7.611649527937,
    -5.447551698908));
#1948 = CARTESIAN_POINT('',(-7.980406534219,8.640052592189,
    -0.584314934908));
#1949 = CARTESIAN_POINT('',(-6.114645698017,9.616298384286,
    3.089035259257));
#1950 = CARTESIAN_POINT('',(-3.204891994314,10.541426412622,
    4.810546658675));
#1951 = CARTESIAN_POINT('',(-0.45100812333,11.416883806961,
    4.802434946761));
#1952 = PCURVE('',#1860,#1953);
#1953 = DEFINITIONAL_REPRESENTATION('',(#1954),#1958);
#1954 = LINE('',#1955,#1956);
#1955 = CARTESIAN_POINT('',(0.39157857666,0.));
#1956 = VECTOR('',#1957,1.);
#1957 = DIRECTION('',(0.,1.));
#1958 = ( GEOMETRIC_REPRESENTATION_CONTEXT(2) 
PARAMETRIC_REPRESENTATION_CONTEXT() REPRESENTATION_CONTEXT('2D SPACE',''
  ) );
#1959 = PCURVE('',#1960,#1985);
#1960 = B_SPLINE_SURFACE_WITH_KNOTS('',1,11,(
    (#1961,#1962,#1963,#1964,#1965,#1966,#1967,#1968,#1969,#1970,#1971
      ,#1972)
    ,(#1973,#1974,#1975,#1976,#1977,#1978,#1979,#1980,#1981,#1982,#1983
      ,#1984
    )),.UNSPECIFIED.,.F.,.F.,.F.,(2,2),(12,12),(0.,0.39157857666),(0.,
    11.810098120014),.PIECEWISE_BEZIER_KNOTS.);
#1961 = CARTESIAN_POINT('',(0.117764993358,-0.369969637984,
    6.448880213582));
#1962 = CARTESIAN_POINT('',(3.722675599444,0.785753824712,6.450985506684
    ));
#1963 = CARTESIAN_POINT('',(7.369670486716,1.955033983402,4.18703311305)
  );
#1964 = CARTESIAN_POINT('',(9.436058049708,3.122688306095,
    -0.407211373026));
#1965 = CARTESIAN_POINT('',(8.260786509768,4.293173121732,
    -6.021287345242));
#1966 = CARTESIAN_POINT('',(3.301863551548,5.423093676807,
    -10.14761968272));
#1967 = CARTESIAN_POINT('',(-3.328207770899,6.546061451369,
    -9.626218483068));
#1968 = CARTESIAN_POINT('',(-7.314178453935,7.611649527936,
    -5.447551698905));
#1969 = CARTESIAN_POINT('',(-7.980406534219,8.640052592189,
    -0.58431493491));
#1970 = CARTESIAN_POINT('',(-6.114645698017,9.616298384286,
    3.089035259258));
#1971 = CARTESIAN_POINT('',(-3.204891994314,10.541426412622,
    4.810546658675));
#1972 = CARTESIAN_POINT('',(-0.45100812333,11.416883806961,
    4.802434946761));
#1973 = CARTESIAN_POINT('',(0.227494505853,-0.714695068319,
    6.299021635358));
#1974 = CARTESIAN_POINT('',(3.754946413682,0.415519762458,6.303088570704
    ));
#1975 = CARTESIAN_POINT('',(7.362309616331,1.571331137278,4.089944706543
    ));
#1976 = CARTESIAN_POINT('',(9.465661159662,2.738965615603,
    -0.457553002965));
#1977 = CARTESIAN_POINT('',(8.371105298601,3.922850521412,
    -6.112453697088));
#1978 = CARTESIAN_POINT('',(3.435867256907,5.078629378131,
    -10.41745770642));
#1979 = CARTESIAN_POINT('',(-3.453538338477,6.242906564195,
    -10.06755789033));
#1980 = CARTESIAN_POINT('',(-7.735835084866,7.355515679264,
    -5.727404854934));
#1981 = CARTESIAN_POINT('',(-8.488739804057,8.444054947411,
    -0.576396825545));
#1982 = CARTESIAN_POINT('',(-6.520014749691,9.483240879094,
    3.353054589169));
#1983 = CARTESIAN_POINT('',(-3.40743373544,10.475204296098,
    5.202127507078));
#1984 = CARTESIAN_POINT('',(-0.45114995455,11.41732938288,5.194013244226
    ));
#1985 = DEFINITIONAL_REPRESENTATION('',(#1986),#1989);
#1986 = B_SPLINE_CURVE_WITH_KNOTS('',1,(#1987,#1988),.UNSPECIFIED.,.F.,
  .F.,(2,2),(0.,11.810098120014),.PIECEWISE_BEZIER_KNOTS.);
#1987 = CARTESIAN_POINT('',(0.,0.));
#1988 = CARTESIAN_POINT('',(0.,11.810098120014));
#1989 = ( GEOMETRIC_REPRESENTATION_CONTEXT(2) 
PARAMETRIC_REPRESENTATION_CONTEXT() REPRESENTATION_CONTEXT('2D SPACE',''
  ) );
#1990 = ORIENTED_EDGE('',*,*,#1991,.F.);
#1991 = EDGE_CURVE('',#1836,#1936,#1992,.T.);
#1992 = SURFACE_CURVE('',#1993,(#1996,#2003),.PCURVE_S1.);
#1993 = B_SPLINE_CURVE_WITH_KNOTS('',1,(#1994,#1995),.UNSPECIFIED.,.F.,
  .F.,(2,2),(0.,0.39157857666),.PIECEWISE_BEZIER_KNOTS.);
#1994 = CARTESIAN_POINT('',(-0.420130833831,11.31987994111,
    4.424320381183));
#1995 = CARTESIAN_POINT('',(-0.45100812333,11.416883806961,
    4.802434946761));
#1996 = PCURVE('',#1860,#1997);
#1997 = DEFINITIONAL_REPRESENTATION('',(#1998),#2002);
#1998 = LINE('',#1999,#2000);
#1999 = CARTESIAN_POINT('',(0.,11.810098120014));
#2000 = VECTOR('',#2001,1.);
#2001 = DIRECTION('',(1.,0.));
#2002 = ( GEOMETRIC_REPRESENTATION_CONTEXT(2) 
PARAMETRIC_REPRESENTATION_CONTEXT() REPRESENTATION_CONTEXT('2D SPACE',''
  ) );
#2003 = PCURVE('',#199,#2004);
#2004 = DEFINITIONAL_REPRESENTATION('',(#2005),#2008);
#2005 = B_SPLINE_CURVE_WITH_KNOTS('',1,(#2006,#2007),.UNSPECIFIED.,.F.,
  .F.,(2,2),(0.,0.39157857666),.PIECEWISE_BEZIER_KNOTS.);
#2006 = CARTESIAN_POINT('',(1.385132837124,-0.575679618817));
#2007 = CARTESIAN_POINT('',(1.486932429446,-0.197565053239));
#2008 = ( GEOMETRIC_REPRESENTATION_CONTEXT(2) 
PARAMETRIC_REPRESENTATION_CONTEXT() REPRESENTATION_CONTEXT('2D SPACE',''
  ) );
#2009 = ADVANCED_FACE('',(#2010),#1960,.T.);
#2010 = FACE_BOUND('',#2011,.T.);
#2011 = EDGE_LOOP('',(#2012,#2013,#2034,#2090));
#2012 = ORIENTED_EDGE('',*,*,#1935,.F.);
#2013 = ORIENTED_EDGE('',*,*,#2014,.T.);
#2014 = EDGE_CURVE('',#1915,#2015,#2017,.T.);
#2015 = VERTEX_POINT('',#2016);
#2016 = CARTESIAN_POINT('',(0.227494505853,-0.714695068319,
    6.299021635358));
#2017 = SURFACE_CURVE('',#2018,(#2021,#2028),.PCURVE_S1.);
#2018 = B_SPLINE_CURVE_WITH_KNOTS('',1,(#2019,#2020),.UNSPECIFIED.,.F.,
  .F.,(2,2),(0.,0.39157857666),.PIECEWISE_BEZIER_KNOTS.);
#2019 = CARTESIAN_POINT('',(0.117764993358,-0.369969637984,
    6.448880213582));
#2020 = CARTESIAN_POINT('',(0.227494505853,-0.714695068319,
    6.299021635358));
#2021 = PCURVE('',#1960,#2022);
#2022 = DEFINITIONAL_REPRESENTATION('',(#2023),#2027);
#2023 = LINE('',#2024,#2025);
#2024 = CARTESIAN_POINT('',(0.,0.));
#2025 = VECTOR('',#2026,1.);
#2026 = DIRECTION('',(1.,0.));
#2027 = ( GEOMETRIC_REPRESENTATION_CONTEXT(2) 
PARAMETRIC_REPRESENTATION_CONTEXT() REPRESENTATION_CONTEXT('2D SPACE',''
  ) );
#2028 = PCURVE('',#119,#2029);
#2029 = DEFINITIONAL_REPRESENTATION('',(#2030),#2033);
#2030 = B_SPLINE_CURVE_WITH_KNOTS('',1,(#2031,#2032),.UNSPECIFIED.,.F.,
  .F.,(2,2),(0.,0.39157857666),.PIECEWISE_BEZIER_KNOTS.);
#2031 = CARTESIAN_POINT('',(-0.388260385168,1.448880213582));
#2032 = CARTESIAN_POINT('',(-0.750028526706,1.299021635358));
#2033 = ( GEOMETRIC_REPRESENTATION_CONTEXT(2) 
PARAMETRIC_REPRESENTATION_CONTEXT() REPRESENTATION_CONTEXT('2D SPACE',''
  ) );
#2034 = ORIENTED_EDGE('',*,*,#2035,.T.);
#2035 = EDGE_CURVE('',#2015,#2036,#2038,.T.);
#2036 = VERTEX_POINT('',#2037);
#2037 = CARTESIAN_POINT('',(-0.45114995455,11.41732938288,5.194013244226
    ));
#2038 = SURFACE_CURVE('',#2039,(#2052,#2059),.PCURVE_S1.);
#2039 = B_SPLINE_CURVE_WITH_KNOTS('',11,(#2040,#2041,#2042,#2043,#2044,
    #2045,#2046,#2047,#2048,#2049,#2050,#2051),.UNSPECIFIED.,.F.,.F.,(12
    ,12),(0.,11.810098120014),.PIECEWISE_BEZIER_KNOTS.);
#2040 = CARTESIAN_POINT('',(0.227494505853,-0.714695068319,
    6.299021635358));
#2041 = CARTESIAN_POINT('',(3.754946413682,0.415519762458,6.303088570704
    ));
#2042 = CARTESIAN_POINT('',(7.362309616331,1.571331137278,4.089944706543
    ));
#2043 = CARTESIAN_POINT('',(9.465661159662,2.738965615603,
    -0.457553002965));
#2044 = CARTESIAN_POINT('',(8.371105298601,3.922850521412,
    -6.112453697088));
#2045 = CARTESIAN_POINT('',(3.435867256907,5.078629378131,
    -10.41745770642));
#2046 = CARTESIAN_POINT('',(-3.453538338477,6.242906564195,
    -10.06755789033));
#2047 = CARTESIAN_POINT('',(-7.735835084866,7.355515679264,
    -5.727404854934));
#2048 = CARTESIAN_POINT('',(-8.488739804057,8.444054947411,
    -0.576396825545));
#2049 = CARTESIAN_POINT('',(-6.520014749691,9.483240879094,
    3.353054589169));
#2050 = CARTESIAN_POINT('',(-3.40743373544,10.475204296098,
    5.202127507078));
#2051 = CARTESIAN_POINT('',(-0.45114995455,11.41732938288,5.194013244226
    ));
#2052 = PCURVE('',#1960,#2053);
#2053 = DEFINITIONAL_REPRESENTATION('',(#2054),#2058);
#2054 = LINE('',#2055,#2056);
#2055 = CARTESIAN_POINT('',(0.39157857666,0.));
#2056 = VECTOR('',#2057,1.);
#2057 = DIRECTION('',(0.,1.));
#2058 = ( GEOMETRIC_REPRESENTATION_CONTEXT(2) 
PARAMETRIC_REPRESENTATION_CONTEXT() REPRESENTATION_CONTEXT('2D SPACE',''
  ) );
#2059 = PCURVE('',#2060,#2085);
#2060 = B_SPLINE_SURFACE_WITH_KNOTS('',1,11,(
    (#2061,#2062,#2063,#2064,#2065,#2066,#2067,#2068,#2069,#2070,#2071
      ,#2072)
    ,(#2073,#2074,#2075,#2076,#2077,#2078,#2079,#2080,#2081,#2082,#2083
      ,#2084
    )),.UNSPECIFIED.,.F.,.F.,.F.,(2,2),(12,12),(0.,0.39157857666),(0.,
    11.810098120014),.PIECEWISE_BEZIER_KNOTS.);
#2061 = CARTESIAN_POINT('',(0.227494505853,-0.714695068319,
    6.299021635358));
#2062 = CARTESIAN_POINT('',(3.754946413682,0.415519762458,6.303088570704
    ));
#2063 = CARTESIAN_POINT('',(7.362309616331,1.571331137278,4.089944706542
    ));
#2064 = CARTESIAN_POINT('',(9.465661159663,2.738965615604,
    -0.457553002965));
#2065 = CARTESIAN_POINT('',(8.3711052986,3.92285052141,-6.112453697089)
  );
#2066 = CARTESIAN_POINT('',(3.435867256909,5.078629378134,
    -10.41745770642));
#2067 = CARTESIAN_POINT('',(-3.453538338479,6.242906564192,
    -10.06755789033));
#2068 = CARTESIAN_POINT('',(-7.735835084865,7.355515679267,
    -5.727404854934));
#2069 = CARTESIAN_POINT('',(-8.488739804058,8.44405494741,
    -0.576396825546));
#2070 = CARTESIAN_POINT('',(-6.520014749691,9.483240879095,
    3.353054589169));
#2071 = CARTESIAN_POINT('',(-3.407433735441,10.475204296098,
    5.202127507078));
#2072 = CARTESIAN_POINT('',(-0.45114995455,11.41732938288,5.194013244226
    ));
#2073 = CARTESIAN_POINT('',(0.321720643726,-1.010715210837,
    6.060636879419));
#2074 = CARTESIAN_POINT('',(3.725955060274,7.892175818096E-02,
    6.066388302086));
#2075 = CARTESIAN_POINT('',(7.242477551818,1.204450757118,3.932610961817
    ));
#2076 = CARTESIAN_POINT('',(9.348750960549,2.354446074095,
    -0.503017369893));
#2077 = CARTESIAN_POINT('',(8.34780294062,3.533004313319,-6.112409102234
    ));
#2078 = CARTESIAN_POINT('',(3.515882006187,4.697830095721,-10.5256771779
    ));
#2079 = CARTESIAN_POINT('',(-3.52367569497,5.886026170227,
    -10.37112383962));
#2080 = CARTESIAN_POINT('',(-8.067163184215,7.031786894392,
    -5.942287506532));
#2081 = CARTESIAN_POINT('',(-8.917135340772,8.168233257313,
    -0.555502443061));
#2082 = CARTESIAN_POINT('',(-6.870313610441,9.261493567786,
    3.607046424593));
#2083 = CARTESIAN_POINT('',(-3.572395723652,10.314644748996,
    5.579933699905));
#2084 = CARTESIAN_POINT('',(-0.420546661928,11.321186303603,
    5.572369859718));
#2085 = DEFINITIONAL_REPRESENTATION('',(#2086),#2089);
#2086 = B_SPLINE_CURVE_WITH_KNOTS('',1,(#2087,#2088),.UNSPECIFIED.,.F.,
  .F.,(2,2),(0.,11.810098120014),.PIECEWISE_BEZIER_KNOTS.);
#2087 = CARTESIAN_POINT('',(0.,0.));
#2088 = CARTESIAN_POINT('',(0.,11.810098120014));
#2089 = ( GEOMETRIC_REPRESENTATION_CONTEXT(2) 
PARAMETRIC_REPRESENTATION_CONTEXT() REPRESENTATION_CONTEXT('2D SPACE',''
  ) );
#2090 = ORIENTED_EDGE('',*,*,#2091,.F.);
#2091 = EDGE_CURVE('',#1936,#2036,#2092,.T.);
#2092 = SURFACE_CURVE('',#2093,(#2096,#2103),.PCURVE_S1.);
#2093 = B_SPLINE_CURVE_WITH_KNOTS('',1,(#2094,#2095),.UNSPECIFIED.,.F.,
  .F.,(2,2),(0.,0.39157857666),.PIECEWISE_BEZIER_KNOTS.);
#2094 = CARTESIAN_POINT('',(-0.45100812333,11.416883806961,
    4.802434946761));
#2095 = CARTESIAN_POINT('',(-0.45114995455,11.41732938288,5.194013244226
    ));
#2096 = PCURVE('',#1960,#2097);
#2097 = DEFINITIONAL_REPRESENTATION('',(#2098),#2102);
#2098 = LINE('',#2099,#2100);
#2099 = CARTESIAN_POINT('',(0.,11.810098120014));
#2100 = VECTOR('',#2101,1.);
#2101 = DIRECTION('',(1.,0.));
#2102 = ( GEOMETRIC_REPRESENTATION_CONTEXT(2) 
PARAMETRIC_REPRESENTATION_CONTEXT() REPRESENTATION_CONTEXT('2D SPACE',''
  ) );
#2103 = PCURVE('',#199,#2104);
#2104 = DEFINITIONAL_REPRESENTATION('',(#2105),#2108);
#2105 = B_SPLINE_CURVE_WITH_KNOTS('',1,(#2106,#2107),.UNSPECIFIED.,.F.,
  .F.,(2,2),(0.,0.39157857666),.PIECEWISE_BEZIER_KNOTS.);
#2106 = CARTESIAN_POINT('',(1.486932429446,-0.197565053239));
#2107 = CARTESIAN_POINT('',(1.487400033974,0.194013244226));
#2108 = ( GEOMETRIC_REPRESENTATION_CONTEXT(2) 
PARAMETRIC_REPRESENTATION_CONTEXT() REPRESENTATION_CONTEXT('2D SPACE',''
  ) );
#2109 = ADVANCED_FACE('',(#2110),#2060,.T.);
#2110 = FACE_BOUND('',#2111,.T.);
#2111 = EDGE_LOOP('',(#2112,#2113,#2134,#2190));
#2112 = ORIENTED_EDGE('',*,*,#2035,.F.);
#2113 = ORIENTED_EDGE('',*,*,#2114,.T.);
#2114 = EDGE_CURVE('',#2015,#2115,#2117,.T.);
#2115 = VERTEX_POINT('',#2116);
#2116 = CARTESIAN_POINT('',(0.321720643726,-1.010715210837,
    6.060636879419));
#2117 = SURFACE_CURVE('',#2118,(#2121,#2128),.PCURVE_S1.);
#2118 = B_SPLINE_CURVE_WITH_KNOTS('',1,(#2119,#2120),.UNSPECIFIED.,.F.,
  .F.,(2,2),(0.,0.39157857666),.PIECEWISE_BEZIER_KNOTS.);
#2119 = CARTESIAN_POINT('',(0.227494505853,-0.714695068319,
    6.299021635358));
#2120 = CARTESIAN_POINT('',(0.321720643726,-1.010715210837,
    6.060636879419));
#2121 = PCURVE('',#2060,#2122);
#2122 = DEFINITIONAL_REPRESENTATION('',(#2123),#2127);
#2123 = LINE('',#2124,#2125);
#2124 = CARTESIAN_POINT('',(0.,0.));
#2125 = VECTOR('',#2126,1.);
#2126 = DIRECTION('',(1.,0.));
#2127 = ( GEOMETRIC_REPRESENTATION_CONTEXT(2) 
PARAMETRIC_REPRESENTATION_CONTEXT() REPRESENTATION_CONTEXT('2D SPACE',''
  ) );
#2128 = PCURVE('',#119,#2129);
#2129 = DEFINITIONAL_REPRESENTATION('',(#2130),#2133);
#2130 = B_SPLINE_CURVE_WITH_KNOTS('',1,(#2131,#2132),.UNSPECIFIED.,.F.,
  .F.,(2,2),(0.,0.39157857666),.PIECEWISE_BEZIER_KNOTS.);
#2131 = CARTESIAN_POINT('',(-0.750028526706,1.299021635358));
#2132 = CARTESIAN_POINT('',(-1.060683463629,1.060636879419));
#2133 = ( GEOMETRIC_REPRESENTATION_CONTEXT(2) 
PARAMETRIC_REPRESENTATION_CONTEXT() REPRESENTATION_CONTEXT('2D SPACE',''
  ) );
#2134 = ORIENTED_EDGE('',*,*,#2135,.T.);
#2135 = EDGE_CURVE('',#2115,#2136,#2138,.T.);
#2136 = VERTEX_POINT('',#2137);
#2137 = CARTESIAN_POINT('',(-0.420546661928,11.321186303603,
    5.572369859718));
#2138 = SURFACE_CURVE('',#2139,(#2152,#2159),.PCURVE_S1.);
#2139 = B_SPLINE_CURVE_WITH_KNOTS('',11,(#2140,#2141,#2142,#2143,#2144,
    #2145,#2146,#2147,#2148,#2149,#2150,#2151),.UNSPECIFIED.,.F.,.F.,(12
    ,12),(0.,11.810098120014),.PIECEWISE_BEZIER_KNOTS.);
#2140 = CARTESIAN_POINT('',(0.321720643726,-1.010715210837,
    6.060636879419));
#2141 = CARTESIAN_POINT('',(3.725955060274,7.892175818096E-02,
    6.066388302086));
#2142 = CARTESIAN_POINT('',(7.242477551818,1.204450757118,3.932610961817
    ));
#2143 = CARTESIAN_POINT('',(9.348750960549,2.354446074095,
    -0.503017369893));
#2144 = CARTESIAN_POINT('',(8.34780294062,3.533004313319,-6.112409102234
    ));
#2145 = CARTESIAN_POINT('',(3.515882006187,4.697830095721,-10.5256771779
    ));
#2146 = CARTESIAN_POINT('',(-3.52367569497,5.886026170227,
    -10.37112383962));
#2147 = CARTESIAN_POINT('',(-8.067163184215,7.031786894392,
    -5.942287506532));
#2148 = CARTESIAN_POINT('',(-8.917135340772,8.168233257313,
    -0.555502443061));
#2149 = CARTESIAN_POINT('',(-6.870313610441,9.261493567786,
    3.607046424593));
#2150 = CARTESIAN_POINT('',(-3.572395723652,10.314644748996,
    5.579933699905));
#2151 = CARTESIAN_POINT('',(-0.420546661928,11.321186303603,
    5.572369859718));
#2152 = PCURVE('',#2060,#2153);
#2153 = DEFINITIONAL_REPRESENTATION('',(#2154),#2158);
#2154 = LINE('',#2155,#2156);
#2155 = CARTESIAN_POINT('',(0.39157857666,0.));
#2156 = VECTOR('',#2157,1.);
#2157 = DIRECTION('',(0.,1.));
#2158 = ( GEOMETRIC_REPRESENTATION_CONTEXT(2) 
PARAMETRIC_REPRESENTATION_CONTEXT() REPRESENTATION_CONTEXT('2D SPACE',''
  ) );
#2159 = PCURVE('',#2160,#2185);
#2160 = B_SPLINE_SURFACE_WITH_KNOTS('',1,11,(
    (#2161,#2162,#2163,#2164,#2165,#2166,#2167,#2168,#2169,#2170,#2171
      ,#2172)
    ,(#2173,#2174,#2175,#2176,#2177,#2178,#2179,#2180,#2181,#2182,#2183
      ,#2184
    )),.UNSPECIFIED.,.F.,.F.,.F.,(2,2),(12,12),(0.,0.39157857666),(0.,
    11.810098120014),.PIECEWISE_BEZIER_KNOTS.);
#2161 = CARTESIAN_POINT('',(0.321720643726,-1.010715210837,
    6.060636879419));
#2162 = CARTESIAN_POINT('',(3.725955060274,7.892175818088E-02,
    6.066388302086));
#2163 = CARTESIAN_POINT('',(7.242477551818,1.204450757119,3.932610961817
    ));
#2164 = CARTESIAN_POINT('',(9.348750960549,2.354446074094,
    -0.503017369893));
#2165 = CARTESIAN_POINT('',(8.347802940619,3.533004313321,
    -6.112409102234));
#2166 = CARTESIAN_POINT('',(3.515882006188,4.697830095719,-10.5256771779
    ));
#2167 = CARTESIAN_POINT('',(-3.52367569497,5.886026170229,
    -10.37112383961));
#2168 = CARTESIAN_POINT('',(-8.067163184215,7.031786894389,
    -5.942287506533));
#2169 = CARTESIAN_POINT('',(-8.917135340772,8.168233257314,
    -0.55550244306));
#2170 = CARTESIAN_POINT('',(-6.870313610441,9.261493567785,
    3.607046424593));
#2171 = CARTESIAN_POINT('',(-3.572395723652,10.314644748996,
    5.579933699905));
#2172 = CARTESIAN_POINT('',(-0.420546661928,11.321186303603,
    5.572369859718));
#2173 = CARTESIAN_POINT('',(0.394022051398,-1.237856782023,
    5.749971472933));
#2174 = CARTESIAN_POINT('',(3.637677252044,-0.201101590381,
    5.757015432971));
#2175 = CARTESIAN_POINT('',(7.018340650344,0.879395134532,3.72575391357)
  );
#2176 = CARTESIAN_POINT('',(9.093294689232,1.995334052875,
    -0.540506152339));
#2177 = CARTESIAN_POINT('',(8.192467453013,3.150201872283,
    -6.021156599743));
#2178 = CARTESIAN_POINT('',(3.536454926454,4.306646671371,
    -10.46490311903));
#2179 = CARTESIAN_POINT('',(-3.533840095439,5.499741078543,
    -10.51622881314));
#2180 = CARTESIAN_POINT('',(-8.285583289558,6.662524755016,
    -6.077555756102));
#2181 = CARTESIAN_POINT('',(-9.236398696494,7.831384314261,
    -0.523055705092));
#2182 = CARTESIAN_POINT('',(-7.141669991804,8.966168163171,
    3.833701641687));
#2183 = CARTESIAN_POINT('',(-3.688536072064,10.070689639114,
    5.91821836947));
#2184 = CARTESIAN_POINT('',(-0.361283809281,11.135006561099,
    5.911720415157));
#2185 = DEFINITIONAL_REPRESENTATION('',(#2186),#2189);
#2186 = B_SPLINE_CURVE_WITH_KNOTS('',1,(#2187,#2188),.UNSPECIFIED.,.F.,
  .F.,(2,2),(0.,11.810098120014),.PIECEWISE_BEZIER_KNOTS.);
#2187 = CARTESIAN_POINT('',(0.,0.));
#2188 = CARTESIAN_POINT('',(0.,11.810098120014));
#2189 = ( GEOMETRIC_REPRESENTATION_CONTEXT(2) 
PARAMETRIC_REPRESENTATION_CONTEXT() REPRESENTATION_CONTEXT('2D SPACE',''
  ) );
#2190 = ORIENTED_EDGE('',*,*,#2191,.F.);
#2191 = EDGE_CURVE('',#2036,#2136,#2192,.T.);
#2192 = SURFACE_CURVE('',#2193,(#2196,#2203),.PCURVE_S1.);
#2193 = B_SPLINE_CURVE_WITH_KNOTS('',1,(#2194,#2195),.UNSPECIFIED.,.F.,
  .F.,(2,2),(0.,0.39157857666),.PIECEWISE_BEZIER_KNOTS.);
#2194 = CARTESIAN_POINT('',(-0.45114995455,11.41732938288,5.194013244226
    ));
#2195 = CARTESIAN_POINT('',(-0.420546661928,11.321186303603,
    5.572369859718));
#2196 = PCURVE('',#2060,#2197);
#2197 = DEFINITIONAL_REPRESENTATION('',(#2198),#2202);
#2198 = LINE('',#2199,#2200);
#2199 = CARTESIAN_POINT('',(0.,11.810098120014));
#2200 = VECTOR('',#2201,1.);
#2201 = DIRECTION('',(1.,0.));
#2202 = ( GEOMETRIC_REPRESENTATION_CONTEXT(2) 
PARAMETRIC_REPRESENTATION_CONTEXT() REPRESENTATION_CONTEXT('2D SPACE',''
  ) );
#2203 = PCURVE('',#199,#2204);
#2204 = DEFINITIONAL_REPRESENTATION('',(#2205),#2208);
#2205 = B_SPLINE_CURVE_WITH_KNOTS('',1,(#2206,#2207),.UNSPECIFIED.,.F.,
  .F.,(2,2),(0.,0.39157857666),.PIECEWISE_BEZIER_KNOTS.);
#2206 = CARTESIAN_POINT('',(1.487400033974,0.194013244226));
#2207 = CARTESIAN_POINT('',(1.386503784231,0.572369859718));
#2208 = ( GEOMETRIC_REPRESENTATION_CONTEXT(2) 
PARAMETRIC_REPRESENTATION_CONTEXT() REPRESENTATION_CONTEXT('2D SPACE',''
  ) );
#2209 = ADVANCED_FACE('',(#2210),#2160,.T.);
#2210 = FACE_BOUND('',#2211,.T.);
#2211 = EDGE_LOOP('',(#2212,#2213,#2234,#2290));
#2212 = ORIENTED_EDGE('',*,*,#2135,.F.);
#2213 = ORIENTED_EDGE('',*,*,#2214,.T.);
#2214 = EDGE_CURVE('',#2115,#2215,#2217,.T.);
#2215 = VERTEX_POINT('',#2216);
#2216 = CARTESIAN_POINT('',(0.394022051398,-1.237856782023,
    5.749971472933));
#2217 = SURFACE_CURVE('',#2218,(#2221,#2228),.PCURVE_S1.);
#2218 = B_SPLINE_CURVE_WITH_KNOTS('',1,(#2219,#2220),.UNSPECIFIED.,.F.,
  .F.,(2,2),(0.,0.39157857666),.PIECEWISE_BEZIER_KNOTS.);
#2219 = CARTESIAN_POINT('',(0.321720643726,-1.010715210837,
    6.060636879419));
#2220 = CARTESIAN_POINT('',(0.394022051398,-1.237856782023,
    5.749971472933));
#2221 = PCURVE('',#2160,#2222);
#2222 = DEFINITIONAL_REPRESENTATION('',(#2223),#2227);
#2223 = LINE('',#2224,#2225);
#2224 = CARTESIAN_POINT('',(0.,0.));
#2225 = VECTOR('',#2226,1.);
#2226 = DIRECTION('',(1.,0.));
#2227 = ( GEOMETRIC_REPRESENTATION_CONTEXT(2) 
PARAMETRIC_REPRESENTATION_CONTEXT() REPRESENTATION_CONTEXT('2D SPACE',''
  ) );
#2228 = PCURVE('',#119,#2229);
#2229 = DEFINITIONAL_REPRESENTATION('',(#2230),#2233);
#2230 = B_SPLINE_CURVE_WITH_KNOTS('',1,(#2231,#2232),.UNSPECIFIED.,.F.,
  .F.,(2,2),(0.,0.39157857666),.PIECEWISE_BEZIER_KNOTS.);
#2231 = CARTESIAN_POINT('',(-1.060683463629,1.060636879419));
#2232 = CARTESIAN_POINT('',(-1.299054575369,0.749971472933));
#2233 = ( GEOMETRIC_REPRESENTATION_CONTEXT(2) 
PARAMETRIC_REPRESENTATION_CONTEXT() REPRESENTATION_CONTEXT('2D SPACE',''
  ) );
#2234 = ORIENTED_EDGE('',*,*,#2235,.T.);
#2235 = EDGE_CURVE('',#2215,#2236,#2238,.T.);
#2236 = VERTEX_POINT('',#2237);
#2237 = CARTESIAN_POINT('',(-0.361283809281,11.135006561099,
    5.911720415157));
#2238 = SURFACE_CURVE('',#2239,(#2252,#2259),.PCURVE_S1.);
#2239 = B_SPLINE_CURVE_WITH_KNOTS('',11,(#2240,#2241,#2242,#2243,#2244,
    #2245,#2246,#2247,#2248,#2249,#2250,#2251),.UNSPECIFIED.,.F.,.F.,(12
    ,12),(0.,11.810098120014),.PIECEWISE_BEZIER_KNOTS.);
#2240 = CARTESIAN_POINT('',(0.394022051398,-1.237856782023,
    5.749971472933));
#2241 = CARTESIAN_POINT('',(3.637677252044,-0.201101590381,
    5.757015432971));
#2242 = CARTESIAN_POINT('',(7.018340650344,0.879395134532,3.72575391357)
  );
#2243 = CARTESIAN_POINT('',(9.093294689232,1.995334052875,
    -0.540506152339));
#2244 = CARTESIAN_POINT('',(8.192467453013,3.150201872283,
    -6.021156599743));
#2245 = CARTESIAN_POINT('',(3.536454926454,4.306646671371,
    -10.46490311903));
#2246 = CARTESIAN_POINT('',(-3.533840095439,5.499741078543,
    -10.51622881314));
#2247 = CARTESIAN_POINT('',(-8.285583289558,6.662524755016,
    -6.077555756102));
#2248 = CARTESIAN_POINT('',(-9.236398696494,7.831384314261,
    -0.523055705092));
#2249 = CARTESIAN_POINT('',(-7.141669991804,8.966168163171,
    3.833701641687));
#2250 = CARTESIAN_POINT('',(-3.688536072064,10.070689639114,
    5.91821836947));
#2251 = CARTESIAN_POINT('',(-0.361283809281,11.135006561099,
    5.911720415157));
#2252 = PCURVE('',#2160,#2253);
#2253 = DEFINITIONAL_REPRESENTATION('',(#2254),#2258);
#2254 = LINE('',#2255,#2256);
#2255 = CARTESIAN_POINT('',(0.39157857666,0.));
#2256 = VECTOR('',#2257,1.);
#2257 = DIRECTION('',(0.,1.));
#2258 = ( GEOMETRIC_REPRESENTATION_CONTEXT(2) 
PARAMETRIC_REPRESENTATION_CONTEXT() REPRESENTATION_CONTEXT('2D SPACE',''
  ) );
#2259 = PCURVE('',#2260,#2285);
#2260 = B_SPLINE_SURFACE_WITH_KNOTS('',1,11,(
    (#2261,#2262,#2263,#2264,#2265,#2266,#2267,#2268,#2269,#2270,#2271
      ,#2272)
    ,(#2273,#2274,#2275,#2276,#2277,#2278,#2279,#2280,#2281,#2282,#2283
      ,#2284
    )),.UNSPECIFIED.,.F.,.F.,.F.,(2,2),(12,12),(0.,0.39157857666),(0.,
    11.810098120014),.PIECEWISE_BEZIER_KNOTS.);
#2261 = CARTESIAN_POINT('',(0.394022051398,-1.237856782023,
    5.749971472933));
#2262 = CARTESIAN_POINT('',(3.637677252044,-0.201101590381,
    5.757015432971));
#2263 = CARTESIAN_POINT('',(7.018340650343,0.879395134531,3.72575391357)
  );
#2264 = CARTESIAN_POINT('',(9.093294689232,1.995334052876,
    -0.540506152339));
#2265 = CARTESIAN_POINT('',(8.192467453012,3.150201872282,
    -6.021156599743));
#2266 = CARTESIAN_POINT('',(3.536454926456,4.306646671373,
    -10.46490311903));
#2267 = CARTESIAN_POINT('',(-3.533840095441,5.49974107854,
    -10.51622881314));
#2268 = CARTESIAN_POINT('',(-8.285583289556,6.662524755018,
    -6.077555756102));
#2269 = CARTESIAN_POINT('',(-9.236398696495,7.83138431426,
    -0.523055705092));
#2270 = CARTESIAN_POINT('',(-7.141669991804,8.966168163172,
    3.833701641687));
#2271 = CARTESIAN_POINT('',(-3.688536072064,10.070689639114,
    5.91821836947));
#2272 = CARTESIAN_POINT('',(-0.361283809281,11.135006561099,
    5.911720415157));
#2273 = CARTESIAN_POINT('',(0.439471507419,-1.380640459169,
    5.388196749953));
#2274 = CARTESIAN_POINT('',(3.496128975738,-0.405467154783,
    5.396053213126));
#2275 = CARTESIAN_POINT('',(6.705173471338,0.618316273017,3.483470527793
    ));
#2276 = CARTESIAN_POINT('',(8.716701268444,1.686102442731,
    -0.567464551733));
#2277 = CARTESIAN_POINT('',(7.915684692551,2.800530552048,
    -5.844914896857));
#2278 = CARTESIAN_POINT('',(3.496184007198,3.931737608993,
    -10.23927718149));
#2279 = CARTESIAN_POINT('',(-3.483338852798,5.110375979771,
    -10.49298414675));
#2280 = CARTESIAN_POINT('',(-8.376210431666,6.272893865706,
    -6.123991295981));
#2281 = CARTESIAN_POINT('',(-9.424772601141,7.456463817052,
    -0.481267803211));
#2282 = CARTESIAN_POINT('',(-7.315591404827,8.617390603527,4.01757406197
    ));
#2283 = CARTESIAN_POINT('',(-3.747940007863,9.759964104037,
    6.193927974583));
#2284 = CARTESIAN_POINT('',(-0.277400062082,10.871477997143,
    6.188938730992));
#2285 = DEFINITIONAL_REPRESENTATION('',(#2286),#2289);
#2286 = B_SPLINE_CURVE_WITH_KNOTS('',1,(#2287,#2288),.UNSPECIFIED.,.F.,
  .F.,(2,2),(0.,11.810098120014),.PIECEWISE_BEZIER_KNOTS.);
#2287 = CARTESIAN_POINT('',(0.,0.));
#2288 = CARTESIAN_POINT('',(0.,11.810098120014));
#2289 = ( GEOMETRIC_REPRESENTATION_CONTEXT(2) 
PARAMETRIC_REPRESENTATION_CONTEXT() REPRESENTATION_CONTEXT('2D SPACE',''
  ) );
#2290 = ORIENTED_EDGE('',*,*,#2291,.F.);
#2291 = EDGE_CURVE('',#2136,#2236,#2292,.T.);
#2292 = SURFACE_CURVE('',#2293,(#2296,#2303),.PCURVE_S1.);
#2293 = B_SPLINE_CURVE_WITH_KNOTS('',1,(#2294,#2295),.UNSPECIFIED.,.F.,
  .F.,(2,2),(0.,0.39157857666),.PIECEWISE_BEZIER_KNOTS.);
#2294 = CARTESIAN_POINT('',(-0.420546661928,11.321186303603,
    5.572369859718));
#2295 = CARTESIAN_POINT('',(-0.361283809281,11.135006561099,
    5.911720415157));
#2296 = PCURVE('',#2160,#2297);
#2297 = DEFINITIONAL_REPRESENTATION('',(#2298),#2302);
#2298 = LINE('',#2299,#2300);
#2299 = CARTESIAN_POINT('',(0.,11.810098120014));
#2300 = VECTOR('',#2301,1.);
#2301 = DIRECTION('',(1.,0.));
#2302 = ( GEOMETRIC_REPRESENTATION_CONTEXT(2) 
PARAMETRIC_REPRESENTATION_CONTEXT() REPRESENTATION_CONTEXT('2D SPACE',''
  ) );
#2303 = PCURVE('',#199,#2304);
#2304 = DEFINITIONAL_REPRESENTATION('',(#2305),#2308);
#2305 = B_SPLINE_CURVE_WITH_KNOTS('',1,(#2306,#2307),.UNSPECIFIED.,.F.,
  .F.,(2,2),(0.,0.39157857666),.PIECEWISE_BEZIER_KNOTS.);
#2306 = CARTESIAN_POINT('',(1.386503784231,0.572369859718));
#2307 = CARTESIAN_POINT('',(1.191119592898,0.911720415157));
#2308 = ( GEOMETRIC_REPRESENTATION_CONTEXT(2) 
PARAMETRIC_REPRESENTATION_CONTEXT() REPRESENTATION_CONTEXT('2D SPACE',''
  ) );
#2309 = ADVANCED_FACE('',(#2310),#2260,.T.);
#2310 = FACE_BOUND('',#2311,.T.);
#2311 = EDGE_LOOP('',(#2312,#2313,#2334,#2365));
#2312 = ORIENTED_EDGE('',*,*,#2235,.F.);
#2313 = ORIENTED_EDGE('',*,*,#2314,.T.);
#2314 = EDGE_CURVE('',#2215,#2315,#2317,.T.);
#2315 = VERTEX_POINT('',#2316);
#2316 = CARTESIAN_POINT('',(0.439471507419,-1.380640459169,
    5.388196749953));
#2317 = SURFACE_CURVE('',#2318,(#2321,#2328),.PCURVE_S1.);
#2318 = B_SPLINE_CURVE_WITH_KNOTS('',1,(#2319,#2320),.UNSPECIFIED.,.F.,
  .F.,(2,2),(0.,0.39157857666),.PIECEWISE_BEZIER_KNOTS.);
#2319 = CARTESIAN_POINT('',(0.394022051398,-1.237856782023,
    5.749971472933));
#2320 = CARTESIAN_POINT('',(0.439471507419,-1.380640459169,
    5.388196749953));
#2321 = PCURVE('',#2260,#2322);
#2322 = DEFINITIONAL_REPRESENTATION('',(#2323),#2327);
#2323 = LINE('',#2324,#2325);
#2324 = CARTESIAN_POINT('',(0.,0.));
#2325 = VECTOR('',#2326,1.);
#2326 = DIRECTION('',(1.,0.));
#2327 = ( GEOMETRIC_REPRESENTATION_CONTEXT(2) 
PARAMETRIC_REPRESENTATION_CONTEXT() REPRESENTATION_CONTEXT('2D SPACE',''
  ) );
#2328 = PCURVE('',#119,#2329);
#2329 = DEFINITIONAL_REPRESENTATION('',(#2330),#2333);
#2330 = B_SPLINE_CURVE_WITH_KNOTS('',1,(#2331,#2332),.UNSPECIFIED.,.F.,
  .F.,(2,2),(0.,0.39157857666),.PIECEWISE_BEZIER_KNOTS.);
#2331 = CARTESIAN_POINT('',(-1.299054575369,0.749971472933));
#2332 = CARTESIAN_POINT('',(-1.448897264586,0.388196749953));
#2333 = ( GEOMETRIC_REPRESENTATION_CONTEXT(2) 
PARAMETRIC_REPRESENTATION_CONTEXT() REPRESENTATION_CONTEXT('2D SPACE',''
  ) );
#2334 = ORIENTED_EDGE('',*,*,#2335,.T.);
#2335 = EDGE_CURVE('',#2315,#2336,#2338,.T.);
#2336 = VERTEX_POINT('',#2337);
#2337 = CARTESIAN_POINT('',(-0.277400062082,10.871477997143,
    6.188938730992));
#2338 = SURFACE_CURVE('',#2339,(#2352,#2359),.PCURVE_S1.);
#2339 = B_SPLINE_CURVE_WITH_KNOTS('',11,(#2340,#2341,#2342,#2343,#2344,
    #2345,#2346,#2347,#2348,#2349,#2350,#2351),.UNSPECIFIED.,.F.,.F.,(12
    ,12),(0.,11.810098120014),.PIECEWISE_BEZIER_KNOTS.);
#2340 = CARTESIAN_POINT('',(0.439471507419,-1.380640459169,
    5.388196749953));
#2341 = CARTESIAN_POINT('',(3.496128975738,-0.405467154783,
    5.396053213126));
#2342 = CARTESIAN_POINT('',(6.705173471338,0.618316273017,3.483470527793
    ));
#2343 = CARTESIAN_POINT('',(8.716701268444,1.686102442731,
    -0.567464551733));
#2344 = CARTESIAN_POINT('',(7.915684692551,2.800530552048,
    -5.844914896857));
#2345 = CARTESIAN_POINT('',(3.496184007198,3.931737608993,
    -10.23927718149));
#2346 = CARTESIAN_POINT('',(-3.483338852798,5.110375979771,
    -10.49298414675));
#2347 = CARTESIAN_POINT('',(-8.376210431666,6.272893865706,
    -6.123991295981));
#2348 = CARTESIAN_POINT('',(-9.424772601141,7.456463817052,
    -0.481267803211));
#2349 = CARTESIAN_POINT('',(-7.315591404827,8.617390603527,4.01757406197
    ));
#2350 = CARTESIAN_POINT('',(-3.747940007863,9.759964104037,
    6.193927974583));
#2351 = CARTESIAN_POINT('',(-0.277400062082,10.871477997143,
    6.188938730992));
#2352 = PCURVE('',#2260,#2353);
#2353 = DEFINITIONAL_REPRESENTATION('',(#2354),#2358);
#2354 = LINE('',#2355,#2356);
#2355 = CARTESIAN_POINT('',(0.39157857666,0.));
#2356 = VECTOR('',#2357,1.);
#2357 = DIRECTION('',(0.,1.));
#2358 = ( GEOMETRIC_REPRESENTATION_CONTEXT(2) 
PARAMETRIC_REPRESENTATION_CONTEXT() REPRESENTATION_CONTEXT('2D SPACE',''
  ) );
#2359 = PCURVE('',#73,#2360);
#2360 = DEFINITIONAL_REPRESENTATION('',(#2361),#2364);
#2361 = B_SPLINE_CURVE_WITH_KNOTS('',1,(#2362,#2363),.UNSPECIFIED.,.F.,
  .F.,(2,2),(0.,11.810098120014),.PIECEWISE_BEZIER_KNOTS.);
#2362 = CARTESIAN_POINT('',(0.,0.));
#2363 = CARTESIAN_POINT('',(0.,11.810098120014));
#2364 = ( GEOMETRIC_REPRESENTATION_CONTEXT(2) 
PARAMETRIC_REPRESENTATION_CONTEXT() REPRESENTATION_CONTEXT('2D SPACE',''
  ) );
#2365 = ORIENTED_EDGE('',*,*,#2366,.F.);
#2366 = EDGE_CURVE('',#2236,#2336,#2367,.T.);
#2367 = SURFACE_CURVE('',#2368,(#2371,#2378),.PCURVE_S1.);
#2368 = B_SPLINE_CURVE_WITH_KNOTS('',1,(#2369,#2370),.UNSPECIFIED.,.F.,
  .F.,(2,2),(0.,0.39157857666),.PIECEWISE_BEZIER_KNOTS.);
#2369 = CARTESIAN_POINT('',(-0.361283809281,11.135006561099,
    5.911720415157));
#2370 = CARTESIAN_POINT('',(-0.277400062082,10.871477997143,
    6.188938730992));
#2371 = PCURVE('',#2260,#2372);
#2372 = DEFINITIONAL_REPRESENTATION('',(#2373),#2377);
#2373 = LINE('',#2374,#2375);
#2374 = CARTESIAN_POINT('',(0.,11.810098120014));
#2375 = VECTOR('',#2376,1.);
#2376 = DIRECTION('',(1.,0.));
#2377 = ( GEOMETRIC_REPRESENTATION_CONTEXT(2) 
PARAMETRIC_REPRESENTATION_CONTEXT() REPRESENTATION_CONTEXT('2D SPACE',''
  ) );
#2378 = PCURVE('',#199,#2379);
#2379 = DEFINITIONAL_REPRESENTATION('',(#2380),#2383);
#2380 = B_SPLINE_CURVE_WITH_KNOTS('',1,(#2381,#2382),.UNSPECIFIED.,.F.,
  .F.,(2,2),(0.,0.39157857666),.PIECEWISE_BEZIER_KNOTS.);
#2381 = CARTESIAN_POINT('',(1.191119592898,0.911720415157));
#2382 = CARTESIAN_POINT('',(0.914562569728,1.188938730992));
#2383 = ( GEOMETRIC_REPRESENTATION_CONTEXT(2) 
PARAMETRIC_REPRESENTATION_CONTEXT() REPRESENTATION_CONTEXT('2D SPACE',''
  ) );
#2384 = ADVANCED_FACE('',(#2385),#73,.T.);
#2385 = FACE_BOUND('',#2386,.T.);
#2386 = EDGE_LOOP('',(#2387,#2388,#2407,#2408));
#2387 = ORIENTED_EDGE('',*,*,#2335,.F.);
#2388 = ORIENTED_EDGE('',*,*,#2389,.T.);
#2389 = EDGE_CURVE('',#2315,#22,#2390,.T.);
#2390 = SURFACE_CURVE('',#2391,(#2394,#2401),.PCURVE_S1.);
#2391 = B_SPLINE_CURVE_WITH_KNOTS('',1,(#2392,#2393),.UNSPECIFIED.,.F.,
  .F.,(2,2),(0.,0.39157857666),.PIECEWISE_BEZIER_KNOTS.);
#2392 = CARTESIAN_POINT('',(0.439471507419,-1.380640459169,
    5.388196749953));
#2393 = CARTESIAN_POINT('',(0.45497170647,-1.429335770638,4.999967059989
    ));
#2394 = PCURVE('',#73,#2395);
#2395 = DEFINITIONAL_REPRESENTATION('',(#2396),#2400);
#2396 = LINE('',#2397,#2398);
#2397 = CARTESIAN_POINT('',(0.,0.));
#2398 = VECTOR('',#2399,1.);
#2399 = DIRECTION('',(1.,0.));
#2400 = ( GEOMETRIC_REPRESENTATION_CONTEXT(2) 
PARAMETRIC_REPRESENTATION_CONTEXT() REPRESENTATION_CONTEXT('2D SPACE',''
  ) );
#2401 = PCURVE('',#119,#2402);
#2402 = DEFINITIONAL_REPRESENTATION('',(#2403),#2406);
#2403 = B_SPLINE_CURVE_WITH_KNOTS('',1,(#2404,#2405),.UNSPECIFIED.,.F.,
  .F.,(2,2),(0.,0.39157857666),.PIECEWISE_BEZIER_KNOTS.);
#2404 = CARTESIAN_POINT('',(-1.448897264586,0.388196749953));
#2405 = CARTESIAN_POINT('',(-1.499999999638,-3.294001102283E-05));
#2406 = ( GEOMETRIC_REPRESENTATION_CONTEXT(2) 
PARAMETRIC_REPRESENTATION_CONTEXT() REPRESENTATION_CONTEXT('2D SPACE',''
  ) );
#2407 = ORIENTED_EDGE('',*,*,#21,.T.);
#2408 = ORIENTED_EDGE('',*,*,#2409,.F.);
#2409 = EDGE_CURVE('',#2336,#24,#2410,.T.);
#2410 = SURFACE_CURVE('',#2411,(#2414,#2421),.PCURVE_S1.);
#2411 = B_SPLINE_CURVE_WITH_KNOTS('',1,(#2412,#2413),.UNSPECIFIED.,.F.,
  .F.,(2,2),(0.,0.39157857666),.PIECEWISE_BEZIER_KNOTS.);
#2412 = CARTESIAN_POINT('',(-0.277400062082,10.871477997143,
    6.188938730992));
#2413 = CARTESIAN_POINT('',(-0.174611959078,10.548559647867,
    6.385132837124));
#2414 = PCURVE('',#73,#2415);
#2415 = DEFINITIONAL_REPRESENTATION('',(#2416),#2420);
#2416 = LINE('',#2417,#2418);
#2417 = CARTESIAN_POINT('',(0.,11.810098120014));
#2418 = VECTOR('',#2419,1.);
#2419 = DIRECTION('',(1.,0.));
#2420 = ( GEOMETRIC_REPRESENTATION_CONTEXT(2) 
PARAMETRIC_REPRESENTATION_CONTEXT() REPRESENTATION_CONTEXT('2D SPACE',''
  ) );
#2421 = PCURVE('',#199,#2422);
#2422 = DEFINITIONAL_REPRESENTATION('',(#2423),#2426);
#2423 = B_SPLINE_CURVE_WITH_KNOTS('',1,(#2424,#2425),.UNSPECIFIED.,.F.,
  .F.,(2,2),(0.,0.39157857666),.PIECEWISE_BEZIER_KNOTS.);
#2424 = CARTESIAN_POINT('',(0.914562569728,1.188938730992));
#2425 = CARTESIAN_POINT('',(0.575679618817,1.385132837124));
#2426 = ( GEOMETRIC_REPRESENTATION_CONTEXT(2) 
PARAMETRIC_REPRESENTATION_CONTEXT() REPRESENTATION_CONTEXT('2D SPACE',''
  ) );
#2427 = ADVANCED_FACE('',(#2428),#119,.F.);
#2428 = FACE_BOUND('',#2429,.F.);
#2429 = EDGE_LOOP('',(#2430,#2431,#2432,#2433,#2434,#2435,#2436,#2437,
    #2438,#2439,#2440,#2441,#2442,#2443,#2444,#2445,#2446,#2447,#2448,
    #2449,#2450,#2451,#2452,#2453));
#2430 = ORIENTED_EDGE('',*,*,#104,.T.);
#2431 = ORIENTED_EDGE('',*,*,#214,.T.);
#2432 = ORIENTED_EDGE('',*,*,#314,.T.);
#2433 = ORIENTED_EDGE('',*,*,#414,.T.);
#2434 = ORIENTED_EDGE('',*,*,#514,.T.);
#2435 = ORIENTED_EDGE('',*,*,#614,.T.);
#2436 = ORIENTED_EDGE('',*,*,#714,.T.);
#2437 = ORIENTED_EDGE('',*,*,#814,.T.);
#2438 = ORIENTED_EDGE('',*,*,#914,.T.);
#2439 = ORIENTED_EDGE('',*,*,#1014,.T.);
#2440 = ORIENTED_EDGE('',*,*,#1114,.T.);
#2441 = ORIENTED_EDGE('',*,*,#1214,.T.);
#2442 = ORIENTED_EDGE('',*,*,#1314,.T.);
#2443 = ORIENTED_EDGE('',*,*,#1414,.T.);
#2444 = ORIENTED_EDGE('',*,*,#1514,.T.);
#2445 = ORIENTED_EDGE('',*,*,#1614,.T.);
#2446 = ORIENTED_EDGE('',*,*,#1714,.T.);
#2447 = ORIENTED_EDGE('',*,*,#1814,.T.);
#2448 = ORIENTED_EDGE('',*,*,#1914,.T.);
#2449 = ORIENTED_EDGE('',*,*,#2014,.T.);
#2450 = ORIENTED_EDGE('',*,*,#2114,.T.);
#2451 = ORIENTED_EDGE('',*,*,#2214,.T.);
#2452 = ORIENTED_EDGE('',*,*,#2314,.T.);
#2453 = ORIENTED_EDGE('',*,*,#2389,.T.);
#2454 = ADVANCED_FACE('',(#2455),#199,.T.);
#2455 = FACE_BOUND('',#2456,.T.);
#2456 = EDGE_LOOP('',(#2457,#2458,#2459,#2460,#2461,#2462,#2463,#2464,
    #2465,#2466,#2467,#2468,#2469,#2470,#2471,#2472,#2473,#2474,#2475,
    #2476,#2477,#2478,#2479,#2480));
#2457 = ORIENTED_EDGE('',*,*,#186,.T.);
#2458 = ORIENTED_EDGE('',*,*,#291,.T.);
#2459 = ORIENTED_EDGE('',*,*,#391,.T.);
#2460 = ORIENTED_EDGE('',*,*,#491,.T.);
#2461 = ORIENTED_EDGE('',*,*,#591,.T.);
#2462 = ORIENTED_EDGE('',*,*,#691,.T.);
#2463 = ORIENTED_EDGE('',*,*,#791,.T.);
#2464 = ORIENTED_EDGE('',*,*,#891,.T.);
#2465 = ORIENTED_EDGE('',*,*,#991,.T.);
#2466 = ORIENTED_EDGE('',*,*,#1091,.T.);
#2467 = ORIENTED_EDGE('',*,*,#1191,.T.);
#2468 = ORIENTED_EDGE('',*,*,#1291,.T.);
#2469 = ORIENTED_EDGE('',*,*,#1391,.T.);
#2470 = ORIENTED_EDGE('',*,*,#1491,.T.);
#2471 = ORIENTED_EDGE('',*,*,#1591,.T.);
#2472 = ORIENTED_EDGE('',*,*,#1691,.T.);
#2473 = ORIENTED_EDGE('',*,*,#1791,.T.);
#2474 = ORIENTED_EDGE('',*,*,#1891,.T.);
#2475 = ORIENTED_EDGE('',*,*,#1991,.T.);
#2476 = ORIENTED_EDGE('',*,*,#2091,.T.);
#2477 = ORIENTED_EDGE('',*,*,#2191,.T.);
#2478 = ORIENTED_EDGE('',*,*,#2291,.T.);
#2479 = ORIENTED_EDGE('',*,*,#2366,.T.);
#2480 = ORIENTED_EDGE('',*,*,#2409,.T.);
#2481 = ( GEOMETRIC_REPRESENTATION_CONTEXT(3) 
GLOBAL_UNCERTAINTY_ASSIGNED_CONTEXT((#2485)) 
GLOBAL_UNIT_ASSIGNED_CONTEXT((#2482,#2483,#2484)) REPRESENTATION_CONTEXT
('Context #1','3D Context with UNIT and UNCERTAINTY') );
#2482 = ( LENGTH_UNIT() NAMED_UNIT(*) SI_UNIT(.MILLI.,.METRE.) );
#2483 = ( NAMED_UNIT(*) PLANE_ANGLE_UNIT() SI_UNIT($,.RADIAN.) );
#2484 = ( NAMED_UNIT(*) SI_UNIT($,.STERADIAN.) SOLID_ANGLE_UNIT() );
#2485 = UNCERTAINTY_MEASURE_WITH_UNIT(LENGTH_MEASURE(5.E-05),#2482,
  'distance_accuracy_value','confusion accuracy');
#2486 = PRODUCT_RELATED_PRODUCT_CATEGORY('part',$,(#7));
ENDSEC;
END-ISO-10303-21;
