ISO-10303-21;
HEADER;
FILE_DESCRIPTION(('Open CASCADE Model'),'2;1');
FILE_NAME('Open CASCADE Shape Model','2026-08-22T16:13:38',('Author'),(
    'Open CASCADE'),'Open CASCADE STEP processor 7.6','Open CASCADE 7.6'
  ,'Unknown');
FILE_SCHEMA((
'AP242_MANAGED_MODEL_BASED_3D_ENGINEERING_MIM_LF. {1 0 10303 442 1 1 4 
}'));
ENDSEC;
DATA;
#1 = APPLICATION_PROTOCOL_DEFINITION('international standard',
  'ap242_managed_model_based_3d_engineering',2013,#2);
#2 = APPLICATION_CONTEXT('Managed model based 3d engineering');
#3 = SHAPE_DEFINITION_REPRESENTATION(#4,#10);
#4 = PRODUCT_DEFINITION_SHAPE('','',#5);
#5 = PRODUCT_DEFINITION('design','',#6,#9);
#6 = PRODUCT_DEFINITION_FORMATION('','',#7);
#7 = PRODUCT('Open CASCADE STEP translator 7.6 13',
  'Open CASCADE STEP translator 7.6 13','',(#8));
#8 = PRODUCT_CONTEXT('',#2,'mechanical');
#9 = PRODUCT_DEFINITION_CONTEXT('part definition',#2,'design');
#10 = ADVANCED_BREP_SHAPE_REPRESENTATION('',(#11,#15),#2419);
#11 = AXIS2_PLACEMENT_3D('',#12,#13,#14);
#12 = CARTESIAN_POINT('',(0.,0.,0.));
#13 = DIRECTION('',(0.,0.,1.));
#14 = DIRECTION('',(1.,0.,-0.));
#15 = MANIFOLD_SOLID_BREP('',#16);
#16 = CLOSED_SHELL('',(#17,#555,#692,#1333,#1589,#2296,#2300,#2325,#2408
    ,#2415));
#17 = ADVANCED_FACE('',(#18),#33,.T.);
#18 = FACE_BOUND('',#19,.T.);
#19 = EDGE_LOOP('',(#20,#59,#150,#178,#479,#504,#527,#554));
#20 = ORIENTED_EDGE('',*,*,#21,.F.);
#21 = EDGE_CURVE('',#22,#24,#26,.T.);
#22 = VERTEX_POINT('',#23);
#23 = CARTESIAN_POINT('',(1.022388803712E-02,2.415725773385,
    9.999994773604));
#24 = VERTEX_POINT('',#25);
#25 = CARTESIAN_POINT('',(-2.449293598295E-15,2.750000000338,10.));
#26 = SURFACE_CURVE('',#27,(#32,#47),.PCURVE_S1.);
#27 = ELLIPSE('',#28,327.10700634985,10.);
#28 = AXIS2_PLACEMENT_3D('',#29,#30,#31);
#29 = CARTESIAN_POINT('',(0.,2.750000000726,0.));
#30 = DIRECTION('',(-0.999532596652,-3.057103579526E-02,
    -1.186941022735E-12));
#31 = DIRECTION('',(-3.057103579526E-02,0.999532596652,
    -3.630298462943E-14));
#32 = PCURVE('',#33,#38);
#33 = CYLINDRICAL_SURFACE('',#34,10.);
#34 = AXIS2_PLACEMENT_3D('',#35,#36,#37);
#35 = CARTESIAN_POINT('',(0.,-4.,0.));
#36 = DIRECTION('',(0.,1.,0.));
#37 = DIRECTION('',(0.,-0.,1.));
#38 = DEFINITIONAL_REPRESENTATION('',(#39),#46);
#39 = B_SPLINE_CURVE_WITH_KNOTS('',5,(#40,#41,#42,#43,#44,#45),
  .UNSPECIFIED.,.F.,.F.,(6,6),(4.709556677211,4.712388980384),
  .PIECEWISE_BEZIER_KNOTS.);
#40 = CARTESIAN_POINT('',(2.832303172648E-03,5.823968059964));
#41 = CARTESIAN_POINT('',(2.265842538118E-03,6.0091739528));
#42 = CARTESIAN_POINT('',(1.699381903589E-03,6.194380217065));
#43 = CARTESIAN_POINT('',(1.132921269059E-03,6.37958672895));
#44 = CARTESIAN_POINT('',(5.664606345297E-04,6.564793364644));
#45 = CARTESIAN_POINT('',(1.821817890482E-16,6.750000000338));
#46 = ( GEOMETRIC_REPRESENTATION_CONTEXT(2) 
PARAMETRIC_REPRESENTATION_CONTEXT() REPRESENTATION_CONTEXT('2D SPACE',''
  ) );
#47 = PCURVE('',#48,#53);
#48 = PLANE('',#49);
#49 = AXIS2_PLACEMENT_3D('',#50,#51,#52);
#50 = CARTESIAN_POINT('',(4.468928122667E-03,2.603886556221,
    9.645028044984));
#51 = DIRECTION('',(-0.999532596652,-3.057103579526E-02,
    -1.186941022735E-12));
#52 = DIRECTION('',(3.057103579526E-02,-0.999532596652,0.));
#53 = DEFINITIONAL_REPRESENTATION('',(#54),#58);
#54 = ELLIPSE('',#55,327.10700634985,10.);
#55 = AXIS2_PLACEMENT_2D('',#56,#57);
#56 = CARTESIAN_POINT('',(-0.146181770354,-9.645028044984));
#57 = DIRECTION('',(-1.,-3.630298462943E-14));
#58 = ( GEOMETRIC_REPRESENTATION_CONTEXT(2) 
PARAMETRIC_REPRESENTATION_CONTEXT() REPRESENTATION_CONTEXT('2D SPACE',''
  ) );
#59 = ORIENTED_EDGE('',*,*,#60,.F.);
#60 = EDGE_CURVE('',#61,#22,#63,.T.);
#61 = VERTEX_POINT('',#62);
#62 = CARTESIAN_POINT('',(-2.449293598295E-15,2.415420031787,10.));
#63 = SURFACE_CURVE('',#64,(#67,#73),.PCURVE_S1.);
#64 = B_SPLINE_CURVE_WITH_KNOTS('',1,(#65,#66),.UNSPECIFIED.,.F.,.F.,(2,
    2),(0.,1.),.PIECEWISE_BEZIER_KNOTS.);
#65 = CARTESIAN_POINT('',(-6.664590754268E-15,2.415420031787,10.));
#66 = CARTESIAN_POINT('',(1.02238880371E-02,2.415725773385,
    9.999994773604));
#67 = PCURVE('',#33,#68);
#68 = DEFINITIONAL_REPRESENTATION('',(#69),#72);
#69 = B_SPLINE_CURVE_WITH_KNOTS('',1,(#70,#71),.UNSPECIFIED.,.F.,.F.,(2,
    2),(0.,1.),.PIECEWISE_BEZIER_KNOTS.);
#70 = CARTESIAN_POINT('',(0.,6.415420031787));
#71 = CARTESIAN_POINT('',(1.022388981823E-03,6.415725773385));
#72 = ( GEOMETRIC_REPRESENTATION_CONTEXT(2) 
PARAMETRIC_REPRESENTATION_CONTEXT() REPRESENTATION_CONTEXT('2D SPACE',''
  ) );
#73 = PCURVE('',#74,#145);
#74 = B_SPLINE_SURFACE_WITH_KNOTS('',1,9,(
    (#75,#76,#77,#78,#79,#80,#81,#82,#83,#84,#85,#86,#87,#88,#89,#90,#91
      ,#92,#93,#94,#95,#96,#97,#98,#99,#100,#101,#102,#103,#104,#105
      ,#106,#107,#108,#109)
    ,(#110,#111,#112,#113,#114,#115,#116,#117,#118,#119,#120,#121,#122
      ,#123,#124,#125,#126,#127,#128,#129,#130,#131,#132,#133,#134,#135
      ,#136,#137,#138,#139,#140,#141,#142,#143,#144
  )),.UNSPECIFIED.,.F.,.F.,.F.,(2,2),(10,8,9,8,10),(0.,1.24707658145),(
    0.,4.908893449898,9.817786899796,14.726680349694,19.635573799592),
  .UNSPECIFIED.);
#75 = CARTESIAN_POINT('',(1.650835932928E-02,-3.289747602192,
    8.916461709275));
#76 = CARTESIAN_POINT('',(4.685447518469,-3.147754383548,8.917160986355)
  );
#77 = CARTESIAN_POINT('',(9.361951520106,-3.005583187891,6.166596316893)
  );
#78 = CARTESIAN_POINT('',(12.181437428247,-2.863222249212,0.665433527609
    ));
#79 = CARTESIAN_POINT('',(11.339257891822,-2.720666568428,
    -6.172342263554));
#80 = CARTESIAN_POINT('',(6.174687810169,-2.577929071094,-11.35984454665
    ));
#81 = CARTESIAN_POINT('',(-0.684413464147,-2.434974297389,
    -12.23239258525));
#82 = CARTESIAN_POINT('',(-6.226749823538,-2.291827278425,
    -9.408610293356));
#83 = CARTESIAN_POINT('',(-9.00695887515,-2.148467309105,-4.697469594319
    ));
#84 = CARTESIAN_POINT('',(-9.008596809328,-1.861324976669,4.736000820558
    ));
#85 = CARTESIAN_POINT('',(-6.230064949777,-1.717540795561,9.460999671019
    ));
#86 = CARTESIAN_POINT('',(-0.671153599098,-1.573543175414,
    12.312022106276));
#87 = CARTESIAN_POINT('',(6.239058831329,-1.429318503512,11.461097425446
    ));
#88 = CARTESIAN_POINT('',(11.486335371659,-1.284879779866,6.243139819623
    ));
#89 = CARTESIAN_POINT('',(12.368895125788,-1.140206496948,
    -0.693471009569));
#90 = CARTESIAN_POINT('',(9.514716932446,-0.995303004932,-6.298556240476
    ));
#91 = CARTESIAN_POINT('',(4.749664627752,-0.850168190276,-9.111066257822
    ));
#92 = CARTESIAN_POINT('',(-2.15563296326E-02,-0.704793068747,
    -9.111978908347));
#93 = CARTESIAN_POINT('',(-4.792776770097,-0.559418238336,
    -9.112892012238));
#94 = CARTESIAN_POINT('',(-9.573333164371,-0.413808555531,
    -6.302282267805));
#95 = CARTESIAN_POINT('',(-12.45799837704,-0.267956227078,
    -0.678584822151));
#96 = CARTESIAN_POINT('',(-11.59960046557,-0.121857102094,6.315068514156
    ));
#97 = CARTESIAN_POINT('',(-6.318300192151,2.447853971388E-02,
    11.625785512188));
#98 = CARTESIAN_POINT('',(0.70253487504,0.17107622988,12.521657479554));
#99 = CARTESIAN_POINT('',(6.377718457933,0.317917484745,9.631983708855)
  );
#100 = CARTESIAN_POINT('',(9.225551661494,0.46501670254,4.807839561407)
  );
#101 = CARTESIAN_POINT('',(9.227534741079,0.759727642501,-4.854490085765
    ));
#102 = CARTESIAN_POINT('',(6.381732147419,0.907340435391,-9.695412574272
    ));
#103 = CARTESIAN_POINT('',(0.686480892018,1.055211476914,-12.61806653273
    ));
#104 = CARTESIAN_POINT('',(-6.396235471692,1.203346578519,
    -11.74837439784));
#105 = CARTESIAN_POINT('',(-11.77767011018,1.35174182299,-6.400784556108
    ));
#106 = CARTESIAN_POINT('',(-12.68495721147,1.500404639167,0.712530335183
    ));
#107 = CARTESIAN_POINT('',(-9.758289386291,1.649335130002,6.462048819324
    ));
#108 = CARTESIAN_POINT('',(-4.870525760716,1.798532742623,9.347657107335
    ));
#109 = CARTESIAN_POINT('',(2.452937766108E-02,1.948001902816,
    9.348695630637));
#110 = CARTESIAN_POINT('',(1.650835932959E-02,-3.289747602192,
    10.163538290725));
#111 = CARTESIAN_POINT('',(5.337833436296,-3.126185277587,
    10.164237567804));
#112 = CARTESIAN_POINT('',(10.666440455939,-2.962437054329,
    7.029265091189));
#113 = CARTESIAN_POINT('',(13.878893374539,-2.798515613709,
    0.760433973394));
#114 = CARTESIAN_POINT('',(12.915222167676,-2.634423631775,
    -7.028981174446));
#115 = CARTESIAN_POINT('',(7.031516725896,-2.470152727034,
    -12.93311330489));
#116 = CARTESIAN_POINT('',(-0.776561740584,-2.305734514658,
    -13.92086127268));
#117 = CARTESIAN_POINT('',(-7.079407627129,-2.141148165901,
    -10.70566649004));
#118 = CARTESIAN_POINT('',(-10.2391904129,-1.976413786992,
    -5.347795691888));
#119 = CARTESIAN_POINT('',(-10.2403255357,-1.646648737055,5.374498641267
    ));
#120 = CARTESIAN_POINT('',(-7.081705079205,-1.4816204563,10.741973431568
    ));
#121 = CARTESIAN_POINT('',(-0.767372376469,-1.31644479472,
    13.976046214997));
#122 = CARTESIAN_POINT('',(7.076127196913,-1.151146773433,
    13.003283693694));
#123 = CARTESIAN_POINT('',(13.017149967651,-0.985697225257,
    7.078045460361));
#124 = CARTESIAN_POINT('',(14.008805692453,-0.820138126765,
    -0.779864454786));
#125 = CARTESIAN_POINT('',(10.772310384499,-0.654455152336,
    -7.120716217417));
#126 = CARTESIAN_POINT('',(5.382337420594,-0.488653669298,
    -10.29861836421));
#127 = CARTESIAN_POINT('',(-9.871363282466E-03,-0.322748285024,
    -10.29903629735));
#128 = CARTESIAN_POINT('',(-5.402079891659,-0.156842420345,
    -10.29945443811));
#129 = CARTESIAN_POINT('',(-10.79915267937,9.177057688597E-03,
    -7.122422487509));
#130 = CARTESIAN_POINT('',(-14.04960897306,0.175294995496,-0.77304757051
    ));
#131 = CARTESIAN_POINT('',(-13.06901767845,0.341507416143,7.110983978604
    ));
#132 = CARTESIAN_POINT('',(-7.112414268473,0.507825929632,
    13.078699624969));
#133 = CARTESIAN_POINT('',(0.78174288258,0.674210860068,14.072044858176)
  );
#134 = CARTESIAN_POINT('',(7.149320274925,0.84068886375,10.820272396141)
  );
#135 = CARTESIAN_POINT('',(10.339675983357,1.007235279809,5.407395859239
    ));
#136 = CARTESIAN_POINT('',(10.340199036601,1.340466233077,
    -5.419700311487));
#137 = CARTESIAN_POINT('',(7.15037891788,1.507148037814,-10.83700227289)
  );
#138 = CARTESIAN_POINT('',(0.777508515745,1.673897514248,-14.09747353319
    ));
#139 = CARTESIAN_POINT('',(-7.132970327895,1.840687736905,
    -13.11103344609));
#140 = CARTESIAN_POINT('',(-13.11598499767,2.007549204623,
    -7.133592352593));
#141 = CARTESIAN_POINT('',(-14.10947135783,2.174437467472,0.782000905376
    ));
#142 = CARTESIAN_POINT('',(-10.84793661334,2.341366874985,7.164562309131
    ));
#143 = CARTESIAN_POINT('',(-5.422586962576,2.508332210762,
    10.361375931232));
#144 = CARTESIAN_POINT('',(2.284191031364E-03,2.675317434509,
    10.361472639179));
#145 = DEFINITIONAL_REPRESENTATION('',(#146),#149);
#146 = B_SPLINE_CURVE_WITH_KNOTS('',1,(#147,#148),.UNSPECIFIED.,.F.,.F.,
  (2,2),(0.,1.),.PIECEWISE_BEZIER_KNOTS.);
#147 = CARTESIAN_POINT('',(0.801987005786,19.634508759922));
#148 = CARTESIAN_POINT('',(0.80197309167,19.635573799592));
#149 = ( GEOMETRIC_REPRESENTATION_CONTEXT(2) 
PARAMETRIC_REPRESENTATION_CONTEXT() REPRESENTATION_CONTEXT('2D SPACE',''
  ) );
#150 = ORIENTED_EDGE('',*,*,#151,.F.);
#151 = EDGE_CURVE('',#152,#61,#154,.T.);
#152 = VERTEX_POINT('',#153);
#153 = CARTESIAN_POINT('',(-2.449293598295E-15,0.914590590716,10.));
#154 = SURFACE_CURVE('',#155,(#159,#166),.PCURVE_S1.);
#155 = LINE('',#156,#157);
#156 = CARTESIAN_POINT('',(-2.449293598295E-15,-4.,10.));
#157 = VECTOR('',#158,1.);
#158 = DIRECTION('',(0.,1.,0.));
#159 = PCURVE('',#33,#160);
#160 = DEFINITIONAL_REPRESENTATION('',(#161),#165);
#161 = LINE('',#162,#163);
#162 = CARTESIAN_POINT('',(0.,-0.));
#163 = VECTOR('',#164,1.);
#164 = DIRECTION('',(0.,1.));
#165 = ( GEOMETRIC_REPRESENTATION_CONTEXT(2) 
PARAMETRIC_REPRESENTATION_CONTEXT() REPRESENTATION_CONTEXT('2D SPACE',''
  ) );
#166 = PCURVE('',#167,#172);
#167 = CYLINDRICAL_SURFACE('',#168,10.);
#168 = AXIS2_PLACEMENT_3D('',#169,#170,#171);
#169 = CARTESIAN_POINT('',(0.,-4.,0.));
#170 = DIRECTION('',(0.,1.,0.));
#171 = DIRECTION('',(0.,-0.,1.));
#172 = DEFINITIONAL_REPRESENTATION('',(#173),#177);
#173 = LINE('',#174,#175);
#174 = CARTESIAN_POINT('',(6.28318530718,-0.));
#175 = VECTOR('',#176,1.);
#176 = DIRECTION('',(0.,1.));
#177 = ( GEOMETRIC_REPRESENTATION_CONTEXT(2) 
PARAMETRIC_REPRESENTATION_CONTEXT() REPRESENTATION_CONTEXT('2D SPACE',''
  ) );
#178 = ORIENTED_EDGE('',*,*,#179,.T.);
#179 = EDGE_CURVE('',#152,#180,#182,.T.);
#180 = VERTEX_POINT('',#181);
#181 = CARTESIAN_POINT('',(-2.70620113237E-03,2.838480360082,
    9.999999633824));
#182 = SURFACE_CURVE('',#183,(#256,#332),.PCURVE_S1.);
#183 = B_SPLINE_CURVE_WITH_KNOTS('',8,(#184,#185,#186,#187,#188,#189,
    #190,#191,#192,#193,#194,#195,#196,#197,#198,#199,#200,#201,#202,
    #203,#204,#205,#206,#207,#208,#209,#210,#211,#212,#213,#214,#215,
    #216,#217,#218,#219,#220,#221,#222,#223,#224,#225,#226,#227,#228,
    #229,#230,#231,#232,#233,#234,#235,#236,#237,#238,#239,#240,#241,
    #242,#243,#244,#245,#246,#247,#248,#249,#250,#251,#252,#253,#254,
    #255),.UNSPECIFIED.,.F.,.F.,(9,7,7,7,7,7,7,7,7,7,9),(0.,
    4.068051984077E-02,0.139690897094,0.250695562734,0.376688503396,
    0.48769448705,0.571706193457,0.715674166802,0.790686423736,
    0.931659312336,1.),.UNSPECIFIED.);
#184 = CARTESIAN_POINT('',(-1.7763568394E-15,0.914590590716,10.));
#185 = CARTESIAN_POINT('',(0.319426536695,0.924397928663,10.));
#186 = CARTESIAN_POINT('',(0.638854379697,0.934204386144,9.988338908844)
  );
#187 = CARTESIAN_POINT('',(0.957784612817,0.944009937019,9.965017014943)
  );
#188 = CARTESIAN_POINT('',(1.275720926109,0.953814661634,9.93005964322)
  );
#189 = CARTESIAN_POINT('',(1.592169734537,0.963618692802,9.883517265106)
  );
#190 = CARTESIAN_POINT('',(1.906640296642,0.973422161776,9.825465608549)
  );
#191 = CARTESIAN_POINT('',(2.218644833207,0.983225144225,9.756005768016)
  );
#192 = CARTESIAN_POINT('',(3.279889982432,1.016885350967,9.478751541206)
  );
#193 = CARTESIAN_POINT('',(4.014811653871,1.040746525276,9.21535603903)
  );
#194 = CARTESIAN_POINT('',(4.72523256127,1.064603926488,8.886908291013)
  );
#195 = CARTESIAN_POINT('',(5.404467586183,1.08845824902,8.49615284497));
#196 = CARTESIAN_POINT('',(6.046285901251,1.112312951529,8.046576175927)
  );
#197 = CARTESIAN_POINT('',(6.644888804052,1.136170087476,7.542343937717)
  );
#198 = CARTESIAN_POINT('',(7.194957074251,1.160027099078,6.988347603733)
  );
#199 = CARTESIAN_POINT('',(8.248763151156,1.210610974685,5.719932197321)
  );
#200 = CARTESIAN_POINT('',(8.739196486356,1.237353416268,4.993752672533)
  );
#201 = CARTESIAN_POINT('',(9.156186916134,1.264084525111,4.219915697634)
  );
#202 = CARTESIAN_POINT('',(9.49450817986,1.290805039389,3.407184921226)
  );
#203 = CARTESIAN_POINT('',(9.75014570684,1.317524332236,2.564782547299)
  );
#204 = CARTESIAN_POINT('',(9.920334253486,1.344255211412,1.702377558032)
  );
#205 = CARTESIAN_POINT('',(10.003535464848,1.371007062649,0.830059227415
    ));
#206 = CARTESIAN_POINT('',(9.995802844669,1.428048161744,-1.030852576475
    ));
#207 = CARTESIAN_POINT('',(9.879835081048,1.458361581669,-2.020340772328
    ));
#208 = CARTESIAN_POINT('',(9.651819110636,1.488692457938,-2.994241758251
    ));
#209 = CARTESIAN_POINT('',(9.314530552316,1.519021958418,-3.937859744673
    ));
#210 = CARTESIAN_POINT('',(8.872654345898,1.549344934168,-4.837262042967
    ));
#211 = CARTESIAN_POINT('',(8.332920313794,1.579667708571,-5.679379451537
    ));
#212 = CARTESIAN_POINT('',(7.703938330124,1.609995171389,-6.451981659021
    ));
#213 = CARTESIAN_POINT('',(6.374442664658,1.666998074014,-7.75410988439)
  );
#214 = CARTESIAN_POINT('',(5.690728599722,1.693704882793,-8.302214581861
    ));
#215 = CARTESIAN_POINT('',(4.953517216249,1.720404797032,-8.781011332899
    ));
#216 = CARTESIAN_POINT('',(4.171117119013,1.747100876625,-9.184575437392
    ));
#217 = CARTESIAN_POINT('',(3.35239143546,1.773797696933,-9.508152525967)
  );
#218 = CARTESIAN_POINT('',(2.50675230612,1.800497932345,-9.748197406217)
  );
#219 = CARTESIAN_POINT('',(1.644128094451,1.827200915413,-9.902352422778
    ));
#220 = CARTESIAN_POINT('',(0.117435018194,1.874087728567,-10.02104646621
    ));
#221 = CARTESIAN_POINT('',(-0.544191256787,1.894286481194,
    -10.02260193683));
#222 = CARTESIAN_POINT('',(-1.205269960526,1.914481346838,
    -9.974209768637));
#223 = CARTESIAN_POINT('',(-1.861398884581,1.934671825112,
    -9.876019519567));
#224 = CARTESIAN_POINT('',(-2.508254611611,1.95485956058,-9.728627651254
    ));
#225 = CARTESIAN_POINT('',(-3.141593184945,1.975046580583,
    -9.533052367256));
#226 = CARTESIAN_POINT('',(-3.757259904573,1.995233386343,
    -9.290756824521));
#227 = CARTESIAN_POINT('',(-5.369037111196,2.050004686362,
    -8.511836809398));
#228 = CARTESIAN_POINT('',(-6.324456715611,2.08462915764,-7.887903479812
    ));
#229 = CARTESIAN_POINT('',(-7.195581636117,2.119232794565,
    -7.141867668391));
#230 = CARTESIAN_POINT('',(-7.964846230262,2.153827849308,
    -6.287594538351));
#231 = CARTESIAN_POINT('',(-8.617197129676,2.188427803971,
    -5.341027970784));
#232 = CARTESIAN_POINT('',(-9.1406210799,2.223040777895,-4.320511355122)
  );
#233 = CARTESIAN_POINT('',(-9.525709673509,2.257671447607,
    -3.246348797791));
#234 = CARTESIAN_POINT('',(-9.894041222054,2.310277277435,
    -1.566804179494));
#235 = CARTESIAN_POINT('',(-9.981496314527,2.328297290808,
    -0.982929801792));
#236 = CARTESIAN_POINT('',(-10.02953978367,2.346314646449,
    -0.393624643343));
#237 = CARTESIAN_POINT('',(-10.0378050729,2.364329132821,0.198001354588)
  );
#238 = CARTESIAN_POINT('',(-10.00621500843,2.382341776204,0.788841321871
    ));
#239 = CARTESIAN_POINT('',(-9.934969159799,2.400353812311,1.375793827259
    ));
#240 = CARTESIAN_POINT('',(-9.824556391512,2.418365585146,1.955765748198
    ));
#241 = CARTESIAN_POINT('',(-9.396216154209,2.470221732833,3.596725193165
    ));
#242 = CARTESIAN_POINT('',(-8.980856030308,2.504101138059,4.633508906837
    ));
#243 = CARTESIAN_POINT('',(-8.434905922602,2.537961822941,5.614149978831
    ));
#244 = CARTESIAN_POINT('',(-7.767823155877,2.571813320063,6.519897152689
    ));
#245 = CARTESIAN_POINT('',(-6.991438083912,2.605667875235,7.333901297136
    ));
#246 = CARTESIAN_POINT('',(-6.120293657111,2.639528260988,8.041590886401
    ));
#247 = CARTESIAN_POINT('',(-5.171217113549,2.673402093332,8.630401135508
    ));
#248 = CARTESIAN_POINT('',(-3.676989528477,2.723642824768,9.314918621132
    ));
#249 = CARTESIAN_POINT('',(-3.175391054028,2.740046851154,9.508506059675
    ));
#250 = CARTESIAN_POINT('',(-2.662237730453,2.756450581557,9.671181051636
    ));
#251 = CARTESIAN_POINT('',(-2.139759535862,2.772854586095,9.802153667567
    ));
#252 = CARTESIAN_POINT('',(-1.610230725928,2.789260252446,9.900828794029
    ));
#253 = CARTESIAN_POINT('',(-1.075966867764,2.805668476454,9.96679947515)
  );
#254 = CARTESIAN_POINT('',(-0.539324897432,2.822077566281,9.999854414006
    ));
#255 = CARTESIAN_POINT('',(-2.706201132401E-03,2.838480360082,
    9.999999633824));
#256 = PCURVE('',#33,#257);
#257 = DEFINITIONAL_REPRESENTATION('',(#258),#331);
#258 = B_SPLINE_CURVE_WITH_KNOTS('',8,(#259,#260,#261,#262,#263,#264,
    #265,#266,#267,#268,#269,#270,#271,#272,#273,#274,#275,#276,#277,
    #278,#279,#280,#281,#282,#283,#284,#285,#286,#287,#288,#289,#290,
    #291,#292,#293,#294,#295,#296,#297,#298,#299,#300,#301,#302,#303,
    #304,#305,#306,#307,#308,#309,#310,#311,#312,#313,#314,#315,#316,
    #317,#318,#319,#320,#321,#322,#323,#324,#325,#326,#327,#328,#329,
    #330),.UNSPECIFIED.,.F.,.F.,(9,7,7,7,7,7,7,7,7,7,9),(0.,
    4.068051984077E-02,0.139690897094,0.250695562734,0.376688503396,
    0.48769448705,0.571706193457,0.715674166802,0.790686423736,
    0.931659312336,1.),.UNSPECIFIED.);
#259 = CARTESIAN_POINT('',(0.,4.914590590716));
#260 = CARTESIAN_POINT('',(3.194265366946E-02,4.924397928663));
#261 = CARTESIAN_POINT('',(6.388543958279E-02,4.934204386144));
#262 = CARTESIAN_POINT('',(9.582812635443E-02,4.944009937019));
#263 = CARTESIAN_POINT('',(0.127770748301,4.953814661634));
#264 = CARTESIAN_POINT('',(0.159713452698,4.963618692802));
#265 = CARTESIAN_POINT('',(0.191656347042,4.973422161776));
#266 = CARTESIAN_POINT('',(0.223599346302,4.983225144225));
#267 = CARTESIAN_POINT('',(0.333285770851,5.016885350967));
#268 = CARTESIAN_POINT('',(0.411048785358,5.040746525276));
#269 = CARTESIAN_POINT('',(0.488803234673,5.064603926488));
#270 = CARTESIAN_POINT('',(0.566546974579,5.08845824902));
#271 = CARTESIAN_POINT('',(0.64429070807,5.112312951529));
#272 = CARTESIAN_POINT('',(0.72204514487,5.136170087476));
#273 = CARTESIAN_POINT('',(0.799808158081,5.160027099078));
#274 = CARTESIAN_POINT('',(0.964713733819,5.210610974685));
#275 = CARTESIAN_POINT('',(1.051910208478,5.237353416268));
#276 = CARTESIAN_POINT('',(1.139088346406,5.264084525111));
#277 = CARTESIAN_POINT('',(1.226251656205,5.290805039389));
#278 = CARTESIAN_POINT('',(1.313414936606,5.317524332236));
#279 = CARTESIAN_POINT('',(1.400593182976,5.344255211412));
#280 = CARTESIAN_POINT('',(1.487789663534,5.371007062649));
#281 = CARTESIAN_POINT('',(1.673882450479,5.428048161744));
#282 = CARTESIAN_POINT('',(1.772878519903,5.458361581669));
#283 = CARTESIAN_POINT('',(1.871838479514,5.488692457938));
#284 = CARTESIAN_POINT('',(1.970772596953,5.519021958418));
#285 = CARTESIAN_POINT('',(2.069706720067,5.549344934168));
#286 = CARTESIAN_POINT('',(2.168666702656,5.579667708571));
#287 = CARTESIAN_POINT('',(2.267662623245,5.609995171389));
#288 = CARTESIAN_POINT('',(2.453756595199,5.666998074014));
#289 = CARTESIAN_POINT('',(2.540954313392,5.693704882793));
#290 = CARTESIAN_POINT('',(2.628133688637,5.720404797032));
#291 = CARTESIAN_POINT('',(2.715298167364,5.747100876625));
#292 = CARTESIAN_POINT('',(2.802462645782,5.773797696932));
#293 = CARTESIAN_POINT('',(2.889642027982,5.800497932345));
#294 = CARTESIAN_POINT('',(2.9768397801,5.827200915413));
#295 = CARTESIAN_POINT('',(3.12996979104,5.874087728567));
#296 = CARTESIAN_POINT('',(3.195945276756,5.894286481194));
#297 = CARTESIAN_POINT('',(3.261916962593,5.914481346838));
#298 = CARTESIAN_POINT('',(3.327883898873,5.934671825112));
#299 = CARTESIAN_POINT('',(3.393850850119,5.95485956058));
#300 = CARTESIAN_POINT('',(3.459822579151,5.975046580583));
#301 = CARTESIAN_POINT('',(3.525798131548,5.995233386343));
#302 = CARTESIAN_POINT('',(3.704810481785,6.050004686362));
#303 = CARTESIAN_POINT('',(3.817982167742,6.08462915764));
#304 = CARTESIAN_POINT('',(3.931080333829,6.119232794565));
#305 = CARTESIAN_POINT('',(4.044133744123,6.153827849308));
#306 = CARTESIAN_POINT('',(4.157187131448,6.188427803971));
#307 = CARTESIAN_POINT('',(4.270285245647,6.223040777895));
#308 = CARTESIAN_POINT('',(4.383456887703,6.257671447607));
#309 = CARTESIAN_POINT('',(4.555402758677,6.310277277435));
#310 = CARTESIAN_POINT('',(4.614308180892,6.328297290808));
#311 = CARTESIAN_POINT('',(4.673211437568,6.346314646449));
#312 = CARTESIAN_POINT('',(4.732111985592,6.364329132821));
#313 = CARTESIAN_POINT('',(4.791012547049,6.382341776204));
#314 = CARTESIAN_POINT('',(4.849915842749,6.400353812311));
#315 = CARTESIAN_POINT('',(4.908821325913,6.418365585146));
#316 = CARTESIAN_POINT('',(5.078415643593,6.470221732833));
#317 = CARTESIAN_POINT('',(5.189223113942,6.504101138059));
#318 = CARTESIAN_POINT('',(5.29996496961,6.537961822941));
#319 = CARTESIAN_POINT('',(5.41066567894,6.571813320063));
#320 = CARTESIAN_POINT('',(5.521366358281,6.605667875236));
#321 = CARTESIAN_POINT('',(5.632108159527,6.639528260988));
#322 = CARTESIAN_POINT('',(5.742915597871,6.673402093332));
#323 = CARTESIAN_POINT('',(5.907271317702,6.723642824768));
#324 = CARTESIAN_POINT('',(5.960936362127,6.740046851154));
#325 = CARTESIAN_POINT('',(6.014600039753,6.756450581557));
#326 = CARTESIAN_POINT('',(6.068262026535,6.772854586095));
#327 = CARTESIAN_POINT('',(6.121924035821,6.789260252446));
#328 = CARTESIAN_POINT('',(6.175587760182,6.805668476454));
#329 = CARTESIAN_POINT('',(6.229252815468,6.822077566281));
#330 = CARTESIAN_POINT('',(6.282914687063,6.838480360082));
#331 = ( GEOMETRIC_REPRESENTATION_CONTEXT(2) 
PARAMETRIC_REPRESENTATION_CONTEXT() REPRESENTATION_CONTEXT('2D SPACE',''
  ) );
#332 = PCURVE('',#333,#404);
#333 = B_SPLINE_SURFACE_WITH_KNOTS('',1,9,(
    (#334,#335,#336,#337,#338,#339,#340,#341,#342,#343,#344,#345,#346
      ,#347,#348,#349,#350,#351,#352,#353,#354,#355,#356,#357,#358,#359
      ,#360,#361,#362,#363,#364,#365,#366,#367,#368)
    ,(#369,#370,#371,#372,#373,#374,#375,#376,#377,#378,#379,#380,#381
      ,#382,#383,#384,#385,#386,#387,#388,#389,#390,#391,#392,#393,#394
      ,#395,#396,#397,#398,#399,#400,#401,#402,#403
  )),.UNSPECIFIED.,.F.,.F.,.F.,(2,2),(10,8,9,8,10),(0.,1.24707658145),(
    0.,4.908893449898,9.817786899796,14.726680349694,19.635573799592),
  .UNSPECIFIED.);
#334 = CARTESIAN_POINT('',(1.650835932961E-02,-3.289747602192,
    10.163538290725));
#335 = CARTESIAN_POINT('',(5.337833436296,-3.126185277587,
    10.164237567804));
#336 = CARTESIAN_POINT('',(10.666440455939,-2.962437054329,7.02926509119
    ));
#337 = CARTESIAN_POINT('',(13.878893374539,-2.798515613709,
    0.760433973393));
#338 = CARTESIAN_POINT('',(12.915222167676,-2.634423631775,
    -7.028981174445));
#339 = CARTESIAN_POINT('',(7.031516725896,-2.470152727034,-12.9331133049
    ));
#340 = CARTESIAN_POINT('',(-0.776561740584,-2.305734514658,
    -13.92086127268));
#341 = CARTESIAN_POINT('',(-7.079407627129,-2.141148165901,
    -10.70566649004));
#342 = CARTESIAN_POINT('',(-10.2391904129,-1.976413786992,
    -5.347795691888));
#343 = CARTESIAN_POINT('',(-10.2403255357,-1.646648737055,5.374498641267
    ));
#344 = CARTESIAN_POINT('',(-7.081705079205,-1.4816204563,10.741973431568
    ));
#345 = CARTESIAN_POINT('',(-0.767372376469,-1.31644479472,
    13.976046214997));
#346 = CARTESIAN_POINT('',(7.076127196913,-1.151146773433,
    13.003283693694));
#347 = CARTESIAN_POINT('',(13.017149967651,-0.985697225257,
    7.078045460361));
#348 = CARTESIAN_POINT('',(14.008805692453,-0.820138126765,
    -0.779864454787));
#349 = CARTESIAN_POINT('',(10.7723103845,-0.654455152336,-7.120716217417
    ));
#350 = CARTESIAN_POINT('',(5.382337420594,-0.488653669298,
    -10.29861836421));
#351 = CARTESIAN_POINT('',(-9.871363282464E-03,-0.322748285024,
    -10.29903629735));
#352 = CARTESIAN_POINT('',(-5.402079891659,-0.156842420345,
    -10.29945443811));
#353 = CARTESIAN_POINT('',(-10.79915267937,9.17705768859E-03,
    -7.122422487509));
#354 = CARTESIAN_POINT('',(-14.04960897306,0.175294995496,-0.77304757051
    ));
#355 = CARTESIAN_POINT('',(-13.06901767845,0.341507416143,7.110983978604
    ));
#356 = CARTESIAN_POINT('',(-7.112414268473,0.507825929632,
    13.078699624969));
#357 = CARTESIAN_POINT('',(0.78174288258,0.674210860068,14.072044858176)
  );
#358 = CARTESIAN_POINT('',(7.149320274925,0.84068886375,10.820272396141)
  );
#359 = CARTESIAN_POINT('',(10.339675983358,1.007235279809,5.407395859239
    ));
#360 = CARTESIAN_POINT('',(10.340199036601,1.340466233077,
    -5.419700311487));
#361 = CARTESIAN_POINT('',(7.15037891788,1.507148037814,-10.83700227289)
  );
#362 = CARTESIAN_POINT('',(0.777508515745,1.673897514248,-14.09747353319
    ));
#363 = CARTESIAN_POINT('',(-7.132970327895,1.840687736905,
    -13.11103344609));
#364 = CARTESIAN_POINT('',(-13.11598499767,2.007549204623,
    -7.133592352592));
#365 = CARTESIAN_POINT('',(-14.10947135783,2.174437467472,0.782000905375
    ));
#366 = CARTESIAN_POINT('',(-10.84793661334,2.341366874985,7.164562309131
    ));
#367 = CARTESIAN_POINT('',(-5.422586962576,2.508332210762,
    10.361375931232));
#368 = CARTESIAN_POINT('',(2.284191031359E-03,2.675317434509,
    10.361472639179));
#369 = CARTESIAN_POINT('',(-1.65083593294E-02,-2.210252397808,9.54));
#370 = CARTESIAN_POINT('',(4.978624161034,-2.057474613878,9.539300722918
    ));
#371 = CARTESIAN_POINT('',(9.969305860051,-1.904878767776,6.595076572402
    ));
#372 = CARTESIAN_POINT('',(12.961926868979,-1.752464401878,
    0.724333453798));
#373 = CARTESIAN_POINT('',(12.04049723837,-1.600232677671,
    -6.545576608272));
#374 = CARTESIAN_POINT('',(6.542416170812,-1.448181323161,
    -12.02035524963));
#375 = CARTESIAN_POINT('',(-0.706455078391,-1.296312260642,
    -12.91608119365));
#376 = CARTESIAN_POINT('',(-6.540001163459,-1.144623388948,
    -9.926193164725));
#377 = CARTESIAN_POINT('',(-9.456923965789,-0.993115007507,
    -4.967616029031));
#378 = CARTESIAN_POINT('',(-9.4555374373,-0.690457587582,4.934998941223)
  );
#379 = CARTESIAN_POINT('',(-6.537194874274,-0.539308262959,
    9.881845005048));
#380 = CARTESIAN_POINT('',(-0.717679693097,-0.388339348266,
    12.848673962358));
#381 = CARTESIAN_POINT('',(6.487925424982,-0.237545139308,
    11.934643615047));
#382 = CARTESIAN_POINT('',(11.915994598139,-8.693371965707E-02,
    6.485645688305));
#383 = CARTESIAN_POINT('',(12.803241861505,6.350564518682E-02,
    -0.700599472957));
#384 = CARTESIAN_POINT('',(9.839988189485,0.213767967525,-6.483371047092
    ));
#385 = CARTESIAN_POINT('',(4.924263614255,0.36385537423,-9.375157689055)
  );
#386 = CARTESIAN_POINT('',(1.571384645908E-02,0.513770676886,
    -9.374492397147));
#387 = CARTESIAN_POINT('',(-4.892836307534,0.663685884898,
    -9.373826774812));
#388 = CARTESIAN_POINT('',(-9.797258926221,0.813426860028,
    -6.480654898817));
#389 = CARTESIAN_POINT('',(-12.73828859528,0.962997282464,
    -0.711451007917));
#390 = CARTESIAN_POINT('',(-11.83342819613,1.112397065191,6.433212080837
    ));
#391 = CARTESIAN_POINT('',(-6.430161208514,1.261625543109,
    11.814591606871));
#392 = CARTESIAN_POINT('',(0.69480380194,1.410689788358,12.695856953743)
  );
#393 = CARTESIAN_POINT('',(6.429560522365,1.559585714641,9.757203503933)
  );
#394 = CARTESIAN_POINT('',(9.297384787393,1.70831845327,4.88263096181));
#395 = CARTESIAN_POINT('',(9.296131720979,2.005458617766,-4.853153473507
    ));
#396 = CARTESIAN_POINT('',(6.427024356175,2.153866874509,-9.717124132771
    ));
#397 = CARTESIAN_POINT('',(0.70494797673,2.302112171084,-12.63493808999)
  );
#398 = CARTESIAN_POINT('',(-6.380915538737,2.450205064513,-11.7371302527
    ));
#399 = CARTESIAN_POINT('',(-11.72090971459,2.598132263968,
    -6.379049873867));
#400 = CARTESIAN_POINT('',(-12.59487798539,2.745912280018,0.690001584768
    ));
#401 = CARTESIAN_POINT('',(-9.680388848407,2.893537886393,6.379701711892
    ));
#402 = CARTESIAN_POINT('',(-4.843708276754,3.041011967752,9.225483480749
    ));
#403 = CARTESIAN_POINT('',(-1.340678432444E-02,3.188340331337,
    9.224915865137));
#404 = DEFINITIONAL_REPRESENTATION('',(#405),#478);
#405 = B_SPLINE_CURVE_WITH_KNOTS('',8,(#406,#407,#408,#409,#410,#411,
    #412,#413,#414,#415,#416,#417,#418,#419,#420,#421,#422,#423,#424,
    #425,#426,#427,#428,#429,#430,#431,#432,#433,#434,#435,#436,#437,
    #438,#439,#440,#441,#442,#443,#444,#445,#446,#447,#448,#449,#450,
    #451,#452,#453,#454,#455,#456,#457,#458,#459,#460,#461,#462,#463,
    #464,#465,#466,#467,#468,#469,#470,#471,#472,#473,#474,#475,#476,
    #477),.UNSPECIFIED.,.F.,.F.,(9,7,7,7,7,7,7,7,7,7,9),(0.,
    4.068051984077E-02,0.139690897094,0.250695562734,0.376688503396,
    0.48769448705,0.571706193457,0.715674166802,0.790686423736,
    0.931659312336,1.),.UNSPECIFIED.);
#406 = CARTESIAN_POINT('',(0.407032400409,13.090378864658));
#407 = CARTESIAN_POINT('',(0.407034307558,13.123655059234));
#408 = CARTESIAN_POINT('',(0.407034690872,13.156931323405));
#409 = CARTESIAN_POINT('',(0.407033622237,13.190207409053));
#410 = CARTESIAN_POINT('',(0.407031215021,13.223483348294));
#411 = CARTESIAN_POINT('',(0.407027612024,13.256759294681));
#412 = CARTESIAN_POINT('',(0.40702297342,13.290035364414));
#413 = CARTESIAN_POINT('',(0.407017464703,13.323311477549));
#414 = CARTESIAN_POINT('',(0.406996105891,13.437575391282));
#415 = CARTESIAN_POINT('',(0.406976766851,13.518583345914));
#416 = CARTESIAN_POINT('',(0.406955381743,13.599582230589));
#417 = CARTESIAN_POINT('',(0.406934123891,13.680570185626));
#418 = CARTESIAN_POINT('',(0.406913117804,13.761558777827));
#419 = CARTESIAN_POINT('',(0.406890070615,13.842559460003));
#420 = CARTESIAN_POINT('',(0.406861602832,13.923570036372));
#421 = CARTESIAN_POINT('',(0.406786674763,14.095363632933));
#422 = CARTESIAN_POINT('',(0.406738500996,14.186202749383));
#423 = CARTESIAN_POINT('',(0.406679136701,14.27702429459));
#424 = CARTESIAN_POINT('',(0.4066110198,14.367825918232));
#425 = CARTESIAN_POINT('',(0.406538088055,14.458631360452));
#426 = CARTESIAN_POINT('',(0.406482232613,14.549442847955));
#427 = CARTESIAN_POINT('',(0.406452953806,14.640276787555));
#428 = CARTESIAN_POINT('',(0.406291407729,14.834138177526));
#429 = CARTESIAN_POINT('',(0.406151672664,14.937261457962));
#430 = CARTESIAN_POINT('',(0.40606117202,15.040349661011));
#431 = CARTESIAN_POINT('',(0.405980729191,15.143415726334));
#432 = CARTESIAN_POINT('',(0.405886704661,15.246483588094));
#433 = CARTESIAN_POINT('',(0.405776856573,15.349578351552));
#434 = CARTESIAN_POINT('',(0.40565488986,15.452709403744));
#435 = CARTESIAN_POINT('',(0.405412004137,15.646574199888));
#436 = CARTESIAN_POINT('',(0.405292564104,15.737412062329));
#437 = CARTESIAN_POINT('',(0.405170678296,15.828229669877));
#438 = CARTESIAN_POINT('',(0.405049964027,15.919030981545));
#439 = CARTESIAN_POINT('',(0.404930161204,16.009832238895));
#440 = CARTESIAN_POINT('',(0.404807314324,16.100649430327));
#441 = CARTESIAN_POINT('',(0.404677817407,16.191486335945));
#442 = CARTESIAN_POINT('',(0.40443487244,16.351008089181));
#443 = CARTESIAN_POINT('',(0.404325141075,16.419737738454));
#444 = CARTESIAN_POINT('',(0.404209373818,16.488463721814));
#445 = CARTESIAN_POINT('',(0.404087118312,16.557184956));
#446 = CARTESIAN_POINT('',(0.403958718484,16.625906280197));
#447 = CARTESIAN_POINT('',(0.403825302538,16.694632541428));
#448 = CARTESIAN_POINT('',(0.403688473126,16.763362669506));
#449 = CARTESIAN_POINT('',(0.40331188848,16.949848680461));
#450 = CARTESIAN_POINT('',(0.403068073729,17.067744818082));
#451 = CARTESIAN_POINT('',(0.402826047051,17.185563858479));
#452 = CARTESIAN_POINT('',(0.402592818745,17.303336033968));
#453 = CARTESIAN_POINT('',(0.402368010495,17.421108766751));
#454 = CARTESIAN_POINT('',(0.402139826213,17.538928911797));
#455 = CARTESIAN_POINT('',(0.401899341028,17.656825978266));
#456 = CARTESIAN_POINT('',(0.401510015295,17.835951046637));
#457 = CARTESIAN_POINT('',(0.40137236405,17.897315869833));
#458 = CARTESIAN_POINT('',(0.401229918592,17.958678306245));
#459 = CARTESIAN_POINT('',(0.401082566122,18.020037704175));
#460 = CARTESIAN_POINT('',(0.400930694535,18.081396835043));
#461 = CARTESIAN_POINT('',(0.400775138708,18.142758512809));
#462 = CARTESIAN_POINT('',(0.40061696712,18.204122202179));
#463 = CARTESIAN_POINT('',(0.40015668205,18.38079340751));
#464 = CARTESIAN_POINT('',(0.399849921326,18.496224053209));
#465 = CARTESIAN_POINT('',(0.399543673101,18.611586296305));
#466 = CARTESIAN_POINT('',(0.399241671187,18.726906744722));
#467 = CARTESIAN_POINT('',(0.398942830728,18.842229864934));
#468 = CARTESIAN_POINT('',(0.398623852871,18.957598708979));
#469 = CARTESIAN_POINT('',(0.398286076085,19.073035819429));
#470 = CARTESIAN_POINT('',(0.397775809799,19.244255707958));
#471 = CARTESIAN_POINT('',(0.397607693359,19.300161574672));
#472 = CARTESIAN_POINT('',(0.397439598772,19.356065372745));
#473 = CARTESIAN_POINT('',(0.397273204165,19.411966594293));
#474 = CARTESIAN_POINT('',(0.397110630884,19.467867035014));
#475 = CARTESIAN_POINT('',(0.396952707055,19.523768783054));
#476 = CARTESIAN_POINT('',(0.396795192774,19.57967218651));
#477 = CARTESIAN_POINT('',(0.39662296693,19.635573799592));
#478 = ( GEOMETRIC_REPRESENTATION_CONTEXT(2) 
PARAMETRIC_REPRESENTATION_CONTEXT() REPRESENTATION_CONTEXT('2D SPACE',''
  ) );
#479 = ORIENTED_EDGE('',*,*,#480,.F.);
#480 = EDGE_CURVE('',#24,#180,#481,.T.);
#481 = SURFACE_CURVE('',#482,(#487,#497),.PCURVE_S1.);
#482 = ELLIPSE('',#483,327.10700634985,10.);
#483 = AXIS2_PLACEMENT_3D('',#484,#485,#486);
#484 = CARTESIAN_POINT('',(0.,2.750000000726,0.));
#485 = DIRECTION('',(-0.999532596652,-3.057103579526E-02,
    -1.186941022735E-12));
#486 = DIRECTION('',(-3.057103579526E-02,0.999532596652,
    -3.630298462943E-14));
#487 = PCURVE('',#33,#488);
#488 = DEFINITIONAL_REPRESENTATION('',(#489),#496);
#489 = B_SPLINE_CURVE_WITH_KNOTS('',5,(#490,#491,#492,#493,#494,#495),
  .UNSPECIFIED.,.F.,.F.,(6,6),(4.712388980384,4.714109021284),
  .PIECEWISE_BEZIER_KNOTS.);
#490 = CARTESIAN_POINT('',(6.28318530718,6.750000000338));
#491 = CARTESIAN_POINT('',(6.282841298999,6.862474890569));
#492 = CARTESIAN_POINT('',(6.282497290819,6.9749497808));
#493 = CARTESIAN_POINT('',(6.282153282639,7.087424643299));
#494 = CARTESIAN_POINT('',(6.281809274459,7.19989945034));
#495 = CARTESIAN_POINT('',(6.281465266279,7.312374174189));
#496 = ( GEOMETRIC_REPRESENTATION_CONTEXT(2) 
PARAMETRIC_REPRESENTATION_CONTEXT() REPRESENTATION_CONTEXT('2D SPACE',''
  ) );
#497 = PCURVE('',#48,#498);
#498 = DEFINITIONAL_REPRESENTATION('',(#499),#503);
#499 = ELLIPSE('',#500,327.10700634985,10.);
#500 = AXIS2_PLACEMENT_2D('',#501,#502);
#501 = CARTESIAN_POINT('',(-0.146181770354,-9.645028044984));
#502 = DIRECTION('',(-1.,-3.630298462943E-14));
#503 = ( GEOMETRIC_REPRESENTATION_CONTEXT(2) 
PARAMETRIC_REPRESENTATION_CONTEXT() REPRESENTATION_CONTEXT('2D SPACE',''
  ) );
#504 = ORIENTED_EDGE('',*,*,#505,.T.);
#505 = EDGE_CURVE('',#24,#506,#508,.T.);
#506 = VERTEX_POINT('',#507);
#507 = CARTESIAN_POINT('',(-2.449293598295E-15,4.,10.));
#508 = SEAM_CURVE('',#509,(#513,#520),.PCURVE_S1.);
#509 = LINE('',#510,#511);
#510 = CARTESIAN_POINT('',(-2.449293598295E-15,-4.,10.));
#511 = VECTOR('',#512,1.);
#512 = DIRECTION('',(0.,1.,0.));
#513 = PCURVE('',#33,#514);
#514 = DEFINITIONAL_REPRESENTATION('',(#515),#519);
#515 = LINE('',#516,#517);
#516 = CARTESIAN_POINT('',(6.28318530718,-0.));
#517 = VECTOR('',#518,1.);
#518 = DIRECTION('',(0.,1.));
#519 = ( GEOMETRIC_REPRESENTATION_CONTEXT(2) 
PARAMETRIC_REPRESENTATION_CONTEXT() REPRESENTATION_CONTEXT('2D SPACE',''
  ) );
#520 = PCURVE('',#33,#521);
#521 = DEFINITIONAL_REPRESENTATION('',(#522),#526);
#522 = LINE('',#523,#524);
#523 = CARTESIAN_POINT('',(0.,-0.));
#524 = VECTOR('',#525,1.);
#525 = DIRECTION('',(0.,1.));
#526 = ( GEOMETRIC_REPRESENTATION_CONTEXT(2) 
PARAMETRIC_REPRESENTATION_CONTEXT() REPRESENTATION_CONTEXT('2D SPACE',''
  ) );
#527 = ORIENTED_EDGE('',*,*,#528,.F.);
#528 = EDGE_CURVE('',#506,#506,#529,.T.);
#529 = SURFACE_CURVE('',#530,(#535,#542),.PCURVE_S1.);
#530 = CIRCLE('',#531,10.);
#531 = AXIS2_PLACEMENT_3D('',#532,#533,#534);
#532 = CARTESIAN_POINT('',(0.,4.,0.));
#533 = DIRECTION('',(0.,1.,0.));
#534 = DIRECTION('',(0.,-0.,1.));
#535 = PCURVE('',#33,#536);
#536 = DEFINITIONAL_REPRESENTATION('',(#537),#541);
#537 = LINE('',#538,#539);
#538 = CARTESIAN_POINT('',(0.,8.));
#539 = VECTOR('',#540,1.);
#540 = DIRECTION('',(1.,0.));
#541 = ( GEOMETRIC_REPRESENTATION_CONTEXT(2) 
PARAMETRIC_REPRESENTATION_CONTEXT() REPRESENTATION_CONTEXT('2D SPACE',''
  ) );
#542 = PCURVE('',#543,#548);
#543 = PLANE('',#544);
#544 = AXIS2_PLACEMENT_3D('',#545,#546,#547);
#545 = CARTESIAN_POINT('',(0.,4.,0.));
#546 = DIRECTION('',(0.,1.,0.));
#547 = DIRECTION('',(0.,-0.,1.));
#548 = DEFINITIONAL_REPRESENTATION('',(#549),#553);
#549 = CIRCLE('',#550,10.);
#550 = AXIS2_PLACEMENT_2D('',#551,#552);
#551 = CARTESIAN_POINT('',(0.,0.));
#552 = DIRECTION('',(1.,0.));
#553 = ( GEOMETRIC_REPRESENTATION_CONTEXT(2) 
PARAMETRIC_REPRESENTATION_CONTEXT() REPRESENTATION_CONTEXT('2D SPACE',''
  ) );
#554 = ORIENTED_EDGE('',*,*,#505,.F.);
#555 = ADVANCED_FACE('',(#556),#48,.T.);
#556 = FACE_BOUND('',#557,.T.);
#557 = EDGE_LOOP('',(#558,#579,#671,#690,#691));
#558 = ORIENTED_EDGE('',*,*,#559,.T.);
#559 = EDGE_CURVE('',#180,#560,#562,.T.);
#560 = VERTEX_POINT('',#561);
#561 = CARTESIAN_POINT('',(-1.340678432444E-02,3.188340331337,
    9.224915865137));
#562 = SURFACE_CURVE('',#563,(#566,#572),.PCURVE_S1.);
#563 = B_SPLINE_CURVE_WITH_KNOTS('',1,(#564,#565),.UNSPECIFIED.,.F.,.F.,
  (2,2),(0.,1.24707658145),.PIECEWISE_BEZIER_KNOTS.);
#564 = CARTESIAN_POINT('',(2.284191031359E-03,2.675317434509,
    10.361472639179));
#565 = CARTESIAN_POINT('',(-1.340678432444E-02,3.188340331337,
    9.224915865137));
#566 = PCURVE('',#48,#567);
#567 = DEFINITIONAL_REPRESENTATION('',(#568),#571);
#568 = B_SPLINE_CURVE_WITH_KNOTS('',1,(#569,#570),.UNSPECIFIED.,.F.,.F.,
  (2,2),(0.,1.24707658145),.PIECEWISE_BEZIER_KNOTS.);
#569 = CARTESIAN_POINT('',(-7.146428093205E-02,0.716444594195));
#570 = CARTESIAN_POINT('',(-0.584727078511,-0.420112179848));
#571 = ( GEOMETRIC_REPRESENTATION_CONTEXT(2) 
PARAMETRIC_REPRESENTATION_CONTEXT() REPRESENTATION_CONTEXT('2D SPACE',''
  ) );
#572 = PCURVE('',#333,#573);
#573 = DEFINITIONAL_REPRESENTATION('',(#574),#578);
#574 = LINE('',#575,#576);
#575 = CARTESIAN_POINT('',(0.,19.635573799592));
#576 = VECTOR('',#577,1.);
#577 = DIRECTION('',(1.,0.));
#578 = ( GEOMETRIC_REPRESENTATION_CONTEXT(2) 
PARAMETRIC_REPRESENTATION_CONTEXT() REPRESENTATION_CONTEXT('2D SPACE',''
  ) );
#579 = ORIENTED_EDGE('',*,*,#580,.T.);
#580 = EDGE_CURVE('',#560,#581,#583,.T.);
#581 = VERTEX_POINT('',#582);
#582 = CARTESIAN_POINT('',(2.452937766108E-02,1.948001902816,
    9.348695630637));
#583 = SURFACE_CURVE('',#584,(#587,#593),.PCURVE_S1.);
#584 = B_SPLINE_CURVE_WITH_KNOTS('',1,(#585,#586),.UNSPECIFIED.,.F.,.F.,
  (2,2),(0.,1.24707658145),.PIECEWISE_BEZIER_KNOTS.);
#585 = CARTESIAN_POINT('',(-1.340678432444E-02,3.188340331337,
    9.224915865137));
#586 = CARTESIAN_POINT('',(2.452937766108E-02,1.948001902816,
    9.348695630637));
#587 = PCURVE('',#48,#588);
#588 = DEFINITIONAL_REPRESENTATION('',(#589),#592);
#589 = B_SPLINE_CURVE_WITH_KNOTS('',1,(#590,#591),.UNSPECIFIED.,.F.,.F.,
  (2,2),(0.,1.24707658145),.PIECEWISE_BEZIER_KNOTS.);
#590 = CARTESIAN_POINT('',(-0.584727078511,-0.420112179848));
#591 = CARTESIAN_POINT('',(0.656191359443,-0.296332414347));
#592 = ( GEOMETRIC_REPRESENTATION_CONTEXT(2) 
PARAMETRIC_REPRESENTATION_CONTEXT() REPRESENTATION_CONTEXT('2D SPACE',''
  ) );
#593 = PCURVE('',#594,#665);
#594 = B_SPLINE_SURFACE_WITH_KNOTS('',1,9,(
    (#595,#596,#597,#598,#599,#600,#601,#602,#603,#604,#605,#606,#607
      ,#608,#609,#610,#611,#612,#613,#614,#615,#616,#617,#618,#619,#620
      ,#621,#622,#623,#624,#625,#626,#627,#628,#629)
    ,(#630,#631,#632,#633,#634,#635,#636,#637,#638,#639,#640,#641,#642
      ,#643,#644,#645,#646,#647,#648,#649,#650,#651,#652,#653,#654,#655
      ,#656,#657,#658,#659,#660,#661,#662,#663,#664
  )),.UNSPECIFIED.,.F.,.F.,.F.,(2,2),(10,8,9,8,10),(0.,1.24707658145),(
    0.,4.908893449898,9.817786899796,14.726680349694,19.635573799592),
  .UNSPECIFIED.);
#595 = CARTESIAN_POINT('',(-1.65083593294E-02,-2.210252397808,9.54));
#596 = CARTESIAN_POINT('',(4.978624161034,-2.057474613878,9.539300722918
    ));
#597 = CARTESIAN_POINT('',(9.969305860051,-1.904878767776,6.595076572402
    ));
#598 = CARTESIAN_POINT('',(12.961926868979,-1.752464401878,
    0.724333453798));
#599 = CARTESIAN_POINT('',(12.04049723837,-1.600232677671,
    -6.545576608272));
#600 = CARTESIAN_POINT('',(6.542416170812,-1.448181323161,
    -12.02035524963));
#601 = CARTESIAN_POINT('',(-0.706455078391,-1.296312260642,
    -12.91608119365));
#602 = CARTESIAN_POINT('',(-6.540001163459,-1.144623388948,
    -9.926193164725));
#603 = CARTESIAN_POINT('',(-9.456923965789,-0.993115007507,
    -4.967616029031));
#604 = CARTESIAN_POINT('',(-9.4555374373,-0.690457587582,4.934998941223)
  );
#605 = CARTESIAN_POINT('',(-6.537194874274,-0.539308262959,
    9.881845005047));
#606 = CARTESIAN_POINT('',(-0.717679693097,-0.388339348266,
    12.848673962358));
#607 = CARTESIAN_POINT('',(6.487925424982,-0.237545139308,
    11.934643615047));
#608 = CARTESIAN_POINT('',(11.915994598138,-8.693371965703E-02,
    6.485645688306));
#609 = CARTESIAN_POINT('',(12.803241861505,6.350564518679E-02,
    -0.700599472958));
#610 = CARTESIAN_POINT('',(9.839988189485,0.213767967525,-6.483371047092
    ));
#611 = CARTESIAN_POINT('',(4.924263614255,0.36385537423,-9.375157689055)
  );
#612 = CARTESIAN_POINT('',(1.571384645908E-02,0.513770676886,
    -9.374492397147));
#613 = CARTESIAN_POINT('',(-4.892836307534,0.663685884898,
    -9.373826774812));
#614 = CARTESIAN_POINT('',(-9.797258926221,0.813426860028,
    -6.480654898817));
#615 = CARTESIAN_POINT('',(-12.73828859528,0.962997282464,
    -0.711451007917));
#616 = CARTESIAN_POINT('',(-11.83342819613,1.112397065191,6.433212080837
    ));
#617 = CARTESIAN_POINT('',(-6.430161208514,1.261625543109,
    11.814591606871));
#618 = CARTESIAN_POINT('',(0.69480380194,1.410689788358,12.695856953743)
  );
#619 = CARTESIAN_POINT('',(6.429560522365,1.559585714641,9.757203503933)
  );
#620 = CARTESIAN_POINT('',(9.297384787393,1.70831845327,4.88263096181));
#621 = CARTESIAN_POINT('',(9.296131720979,2.005458617766,-4.853153473507
    ));
#622 = CARTESIAN_POINT('',(6.427024356175,2.153866874509,-9.717124132771
    ));
#623 = CARTESIAN_POINT('',(0.70494797673,2.302112171084,-12.63493808999)
  );
#624 = CARTESIAN_POINT('',(-6.380915538737,2.450205064513,-11.7371302527
    ));
#625 = CARTESIAN_POINT('',(-11.72090971459,2.598132263968,
    -6.379049873867));
#626 = CARTESIAN_POINT('',(-12.59487798539,2.745912280018,0.690001584768
    ));
#627 = CARTESIAN_POINT('',(-9.680388848407,2.893537886393,6.379701711893
    ));
#628 = CARTESIAN_POINT('',(-4.843708276754,3.041011967752,9.225483480749
    ));
#629 = CARTESIAN_POINT('',(-1.340678432444E-02,3.188340331337,
    9.224915865137));
#630 = CARTESIAN_POINT('',(1.650835932928E-02,-3.289747602192,
    8.916461709275));
#631 = CARTESIAN_POINT('',(4.685447518469,-3.147754383548,8.917160986355
    ));
#632 = CARTESIAN_POINT('',(9.361951520106,-3.005583187891,6.166596316892
    ));
#633 = CARTESIAN_POINT('',(12.181437428247,-2.863222249212,
    0.665433527609));
#634 = CARTESIAN_POINT('',(11.339257891822,-2.720666568428,
    -6.172342263555));
#635 = CARTESIAN_POINT('',(6.174687810169,-2.577929071094,
    -11.35984454665));
#636 = CARTESIAN_POINT('',(-0.684413464147,-2.434974297389,
    -12.23239258525));
#637 = CARTESIAN_POINT('',(-6.226749823538,-2.291827278425,
    -9.408610293356));
#638 = CARTESIAN_POINT('',(-9.00695887515,-2.148467309105,
    -4.697469594319));
#639 = CARTESIAN_POINT('',(-9.008596809328,-1.861324976669,
    4.736000820558));
#640 = CARTESIAN_POINT('',(-6.230064949777,-1.717540795561,
    9.460999671018));
#641 = CARTESIAN_POINT('',(-0.671153599098,-1.573543175414,
    12.312022106276));
#642 = CARTESIAN_POINT('',(6.239058831329,-1.429318503512,
    11.461097425446));
#643 = CARTESIAN_POINT('',(11.486335371659,-1.284879779866,
    6.243139819624));
#644 = CARTESIAN_POINT('',(12.368895125788,-1.140206496948,
    -0.693471009569));
#645 = CARTESIAN_POINT('',(9.514716932446,-0.995303004932,
    -6.298556240476));
#646 = CARTESIAN_POINT('',(4.749664627752,-0.850168190276,
    -9.111066257822));
#647 = CARTESIAN_POINT('',(-2.15563296326E-02,-0.704793068747,
    -9.111978908347));
#648 = CARTESIAN_POINT('',(-4.792776770097,-0.559418238336,
    -9.112892012238));
#649 = CARTESIAN_POINT('',(-9.573333164371,-0.413808555531,
    -6.302282267805));
#650 = CARTESIAN_POINT('',(-12.45799837704,-0.267956227078,
    -0.678584822151));
#651 = CARTESIAN_POINT('',(-11.59960046557,-0.121857102094,
    6.315068514156));
#652 = CARTESIAN_POINT('',(-6.31830019215,2.447853971387E-02,
    11.625785512188));
#653 = CARTESIAN_POINT('',(0.70253487504,0.17107622988,12.521657479554)
  );
#654 = CARTESIAN_POINT('',(6.377718457933,0.317917484745,9.631983708855)
  );
#655 = CARTESIAN_POINT('',(9.225551661494,0.46501670254,4.807839561407)
  );
#656 = CARTESIAN_POINT('',(9.227534741079,0.759727642501,-4.854490085765
    ));
#657 = CARTESIAN_POINT('',(6.381732147419,0.907340435391,-9.695412574272
    ));
#658 = CARTESIAN_POINT('',(0.686480892018,1.055211476914,-12.61806653273
    ));
#659 = CARTESIAN_POINT('',(-6.396235471692,1.20334657852,-11.74837439784
    ));
#660 = CARTESIAN_POINT('',(-11.77767011018,1.35174182299,-6.400784556109
    ));
#661 = CARTESIAN_POINT('',(-12.68495721147,1.500404639167,0.712530335183
    ));
#662 = CARTESIAN_POINT('',(-9.758289386291,1.649335130002,6.462048819324
    ));
#663 = CARTESIAN_POINT('',(-4.870525760716,1.798532742623,9.347657107335
    ));
#664 = CARTESIAN_POINT('',(2.452937766108E-02,1.948001902816,
    9.348695630637));
#665 = DEFINITIONAL_REPRESENTATION('',(#666),#670);
#666 = LINE('',#667,#668);
#667 = CARTESIAN_POINT('',(0.,19.635573799592));
#668 = VECTOR('',#669,1.);
#669 = DIRECTION('',(1.,0.));
#670 = ( GEOMETRIC_REPRESENTATION_CONTEXT(2) 
PARAMETRIC_REPRESENTATION_CONTEXT() REPRESENTATION_CONTEXT('2D SPACE',''
  ) );
#671 = ORIENTED_EDGE('',*,*,#672,.T.);
#672 = EDGE_CURVE('',#581,#22,#673,.T.);
#673 = SURFACE_CURVE('',#674,(#677,#683),.PCURVE_S1.);
#674 = B_SPLINE_CURVE_WITH_KNOTS('',1,(#675,#676),.UNSPECIFIED.,.F.,.F.,
  (2,2),(0.,1.24707658145),.PIECEWISE_BEZIER_KNOTS.);
#675 = CARTESIAN_POINT('',(2.452937766108E-02,1.948001902816,
    9.348695630637));
#676 = CARTESIAN_POINT('',(2.284191031364E-03,2.675317434509,
    10.361472639179));
#677 = PCURVE('',#48,#678);
#678 = DEFINITIONAL_REPRESENTATION('',(#679),#682);
#679 = B_SPLINE_CURVE_WITH_KNOTS('',1,(#680,#681),.UNSPECIFIED.,.F.,.F.,
  (2,2),(0.,1.24707658145),.PIECEWISE_BEZIER_KNOTS.);
#680 = CARTESIAN_POINT('',(0.656191359443,-0.296332414347));
#681 = CARTESIAN_POINT('',(-7.146428093205E-02,0.716444594195));
#682 = ( GEOMETRIC_REPRESENTATION_CONTEXT(2) 
PARAMETRIC_REPRESENTATION_CONTEXT() REPRESENTATION_CONTEXT('2D SPACE',''
  ) );
#683 = PCURVE('',#74,#684);
#684 = DEFINITIONAL_REPRESENTATION('',(#685),#689);
#685 = LINE('',#686,#687);
#686 = CARTESIAN_POINT('',(0.,19.635573799592));
#687 = VECTOR('',#688,1.);
#688 = DIRECTION('',(1.,0.));
#689 = ( GEOMETRIC_REPRESENTATION_CONTEXT(2) 
PARAMETRIC_REPRESENTATION_CONTEXT() REPRESENTATION_CONTEXT('2D SPACE',''
  ) );
#690 = ORIENTED_EDGE('',*,*,#21,.T.);
#691 = ORIENTED_EDGE('',*,*,#480,.T.);
#692 = ADVANCED_FACE('',(#693),#333,.T.);
#693 = FACE_BOUND('',#694,.T.);
#694 = EDGE_LOOP('',(#695,#962,#988,#1040,#1041,#1042));
#695 = ORIENTED_EDGE('',*,*,#696,.F.);
#696 = EDGE_CURVE('',#697,#699,#701,.T.);
#697 = VERTEX_POINT('',#698);
#698 = CARTESIAN_POINT('',(7.848747704538E-03,-3.006618036301,
    9.999996919857));
#699 = VERTEX_POINT('',#700);
#700 = CARTESIAN_POINT('',(-2.449293598295E-15,-1.025080020927,10.));
#701 = SURFACE_CURVE('',#702,(#785,#871),.PCURVE_S1.);
#702 = B_SPLINE_CURVE_WITH_KNOTS('',6,(#703,#704,#705,#706,#707,#708,
    #709,#710,#711,#712,#713,#714,#715,#716,#717,#718,#719,#720,#721,
    #722,#723,#724,#725,#726,#727,#728,#729,#730,#731,#732,#733,#734,
    #735,#736,#737,#738,#739,#740,#741,#742,#743,#744,#745,#746,#747,
    #748,#749,#750,#751,#752,#753,#754,#755,#756,#757,#758,#759,#760,
    #761,#762,#763,#764,#765,#766,#767,#768,#769,#770,#771,#772,#773,
    #774,#775,#776,#777,#778,#779,#780,#781,#782,#783,#784),
  .UNSPECIFIED.,.F.,.F.,(7,5,5,5,5,5,5,5,5,5,5,5,5,5,5,5,7),(0.,
    8.700416869336E-02,0.15000834581,0.237012717756,0.303017175841,
    0.357021253955,0.438024642892,0.516027930106,0.579032862754,
    0.65403588567,0.74103741756,0.765039517193,0.84004258473,
    0.888044961463,0.951049172762,0.975051260721,1.),.UNSPECIFIED.);
#703 = CARTESIAN_POINT('',(7.848747704546E-03,-3.006618036301,
    9.999996919857));
#704 = CARTESIAN_POINT('',(0.918775617585,-2.977314175823,9.999281956119
    ));
#705 = CARTESIAN_POINT('',(1.82982380094,-2.948095770751,9.898991699483)
  );
#706 = CARTESIAN_POINT('',(2.726942550469,-2.91883636784,9.699060543009)
  );
#707 = CARTESIAN_POINT('',(3.596808626467,-2.889599072526,9.402194217796
    ));
#708 = CARTESIAN_POINT('',(4.426637801124,-2.860380301016,9.013028317137
    ));
#709 = CARTESIAN_POINT('',(5.767753320997,-2.810069732833,8.195618676802
    ));
#710 = CARTESIAN_POINT('',(6.303885645537,-2.788954701016,7.807694120144
    ));
#711 = CARTESIAN_POINT('',(6.808384445322,-2.767859344525,7.377884674101
    ));
#712 = CARTESIAN_POINT('',(7.277252222598,-2.746779330862,6.9094621696)
  );
#713 = CARTESIAN_POINT('',(7.706906679233,-2.725709687461,6.406148591581
    ));
#714 = CARTESIAN_POINT('',(8.629196360834,-2.675571181892,5.134860081225
    ));
#715 = CARTESIAN_POINT('',(9.083633515141,-2.646504162815,4.338885425445
    ));
#716 = CARTESIAN_POINT('',(9.449276450491,-2.617458184358,3.495600610089
    ));
#717 = CARTESIAN_POINT('',(9.720476797548,-2.588427780839,2.617377198535
    ));
#718 = CARTESIAN_POINT('',(9.893470894744,-2.559414434406,1.717283680516
    ));
#719 = CARTESIAN_POINT('',(10.02312649781,-2.50844958088,0.120511796292)
  );
#720 = CARTESIAN_POINT('',(10.021938366768,-2.486478838441,
    -0.572986706447));
#721 = CARTESIAN_POINT('',(9.963127080279,-2.464527424995,
    -1.265144908746));
#722 = CARTESIAN_POINT('',(9.847077148088,-2.442594048268,
    -1.950035961961));
#723 = CARTESIAN_POINT('',(9.674896906916,-2.420675015256,
    -2.621824704102));
#724 = CARTESIAN_POINT('',(9.263412435683,-2.3808496105,-3.80905598003)
  );
#725 = CARTESIAN_POINT('',(9.041986974151,-2.362936632061,-4.33076591249
    ));
#726 = CARTESIAN_POINT('',(8.785379171652,-2.34503202961,-4.836815565714
    ));
#727 = CARTESIAN_POINT('',(8.495006925009,-2.327133391873,
    -5.324276568505));
#728 = CARTESIAN_POINT('',(8.172586208503,-2.309238626248,
    -5.790384647554));
#729 = CARTESIAN_POINT('',(7.29157209556,-2.264513468077,-6.895817373589
    ));
#730 = CARTESIAN_POINT('',(6.695383039738,-2.237683002148,
    -7.505375868537));
#731 = CARTESIAN_POINT('',(6.038601434981,-2.210863312743,
    -8.052385864937));
#732 = CARTESIAN_POINT('',(5.329520500918,-2.184050285219,
    -8.529656226916));
#733 = CARTESIAN_POINT('',(4.577366123744,-2.157244357368,-8.93123985722
    ));
#734 = CARTESIAN_POINT('',(3.036896949513,-2.104665124488,
    -9.562650608698));
#735 = CARTESIAN_POINT('',(2.250732570597,-2.078882943479,
    -9.798378644463));
#736 = CARTESIAN_POINT('',(1.443396554479,-2.053123427434,
    -9.956234892611));
#737 = CARTESIAN_POINT('',(0.624468985759,-2.027385589676,
    -10.03414513528));
#738 = CARTESIAN_POINT('',(-0.196275170262,-2.001663746588,
    -10.03137655172));
#739 = CARTESIAN_POINT('',(-1.665153968251,-1.955202557633,
    -9.88243128834));
#740 = CARTESIAN_POINT('',(-2.31624575433,-1.934452653015,
    -9.763920020693));
#741 = CARTESIAN_POINT('',(-2.956880504396,-1.913713485367,
    -9.593967481653));
#742 = CARTESIAN_POINT('',(-3.582039374282,-1.892981158342,
    -9.373799919839));
#743 = CARTESIAN_POINT('',(-4.18688389521,-1.872252589019,
    -9.105228845646));
#744 = CARTESIAN_POINT('',(-5.457152036767,-1.826861730673,
    -8.41642497525));
#745 = CARTESIAN_POINT('',(-6.112307631793,-1.802197460727,
    -7.976979994888));
#746 = CARTESIAN_POINT('',(-6.724407557,-1.777543240863,-7.476659834297)
  );
#747 = CARTESIAN_POINT('',(-7.286594546353,-1.752898451501,
    -6.920842267322));
#748 = CARTESIAN_POINT('',(-7.792796323964,-1.728264769001,
    -6.315777680831));
#749 = CARTESIAN_POINT('',(-8.754380082041,-1.67509291192,
    -4.918399453386));
#750 = CARTESIAN_POINT('',(-9.18885781489,-1.646551063858,
    -4.111353184726));
#751 = CARTESIAN_POINT('',(-9.533390495576,-1.618032609525,
    -3.259222098915));
#752 = CARTESIAN_POINT('',(-9.782638534162,-1.589528810983,
    -2.374514431096));
#753 = CARTESIAN_POINT('',(-9.933165565069,-1.560988526538,
    -1.470391644935));
#754 = CARTESIAN_POINT('',(-9.99835412891,-1.524615051646,
    -0.309957226824));
#755 = CARTESIAN_POINT('',(-10.00488262304,-1.516752125441,
    -5.861324965261E-02));
#756 = CARTESIAN_POINT('',(-10.00382794608,-1.508893206083,
    0.192870431695));
#757 = CARTESIAN_POINT('',(-9.995188399127,-1.501038634896,
    0.444208176635));
#758 = CARTESIAN_POINT('',(-9.978976653063,-1.493187127298,
    0.695114496771));
#759 = CARTESIAN_POINT('',(-9.880982880071,-1.460801432872,
    1.727110009802));
#760 = CARTESIAN_POINT('',(-9.733060644588,-1.436273579203,
    2.502012726255));
#761 = CARTESIAN_POINT('',(-9.512265573347,-1.411733907361,
    3.261122992804));
#762 = CARTESIAN_POINT('',(-9.220862573274,-1.387200812608,
    3.996026719486));
#763 = CARTESIAN_POINT('',(-8.862226164472,-1.362674194958,
    4.698689234636));
#764 = CARTESIAN_POINT('',(-8.171687710923,-1.322474729909,
    5.785856737847));
#765 = CARTESIAN_POINT('',(-7.876613600346,-1.306791589,6.193874963599)
  );
#766 = CARTESIAN_POINT('',(-7.557180436398,-1.291114011469,6.58369969934
    ));
#767 = CARTESIAN_POINT('',(-7.214806110218,-1.275441077007,
    6.953538880746));
#768 = CARTESIAN_POINT('',(-6.851071397516,-1.259771512114,
    7.301742286008));
#769 = CARTESIAN_POINT('',(-5.964603380922,-1.223543031409,
    8.053489833948));
#770 = CARTESIAN_POINT('',(-5.427662599207,-1.202984795976,
    8.440356401605));
#771 = CARTESIAN_POINT('',(-4.860915031305,-1.182431580589,
    8.784012092152));
#772 = CARTESIAN_POINT('',(-4.268724945184,-1.161880924379,
    9.081691799166));
#773 = CARTESIAN_POINT('',(-3.655753027778,-1.141332265128,
    9.331166248641));
#774 = CARTESIAN_POINT('',(-2.787483934075,-1.112963406585,
    9.606929438364));
#775 = CARTESIAN_POINT('',(-2.545663566646,-1.105138071165,
    9.675779563988));
#776 = CARTESIAN_POINT('',(-2.301821919532,-1.097313484424,
    9.737319420967));
#777 = CARTESIAN_POINT('',(-2.056235359728,-1.08948972498,9.791476328246
    ));
#778 = CARTESIAN_POINT('',(-1.809183537186,-1.081666872179,
    9.838191603876));
#779 = CARTESIAN_POINT('',(-1.302924784691,-1.065714642687,9.91819673103
    ));
#780 = CARTESIAN_POINT('',(-1.043622543116,-1.057585343861,
    9.950884441011));
#781 = CARTESIAN_POINT('',(-0.783358914514,-1.049457170398,
    9.975433858091));
#782 = CARTESIAN_POINT('',(-0.522452672467,-1.041330170151,
    9.991811357962));
#783 = CARTESIAN_POINT('',(-0.261225103356,-1.033204412186,
    10.000000000266));
#784 = CARTESIAN_POINT('',(-3.552713678801E-15,-1.025080020927,10.));
#785 = PCURVE('',#333,#786);
#786 = DEFINITIONAL_REPRESENTATION('',(#787),#870);
#787 = B_SPLINE_CURVE_WITH_KNOTS('',6,(#788,#789,#790,#791,#792,#793,
    #794,#795,#796,#797,#798,#799,#800,#801,#802,#803,#804,#805,#806,
    #807,#808,#809,#810,#811,#812,#813,#814,#815,#816,#817,#818,#819,
    #820,#821,#822,#823,#824,#825,#826,#827,#828,#829,#830,#831,#832,
    #833,#834,#835,#836,#837,#838,#839,#840,#841,#842,#843,#844,#845,
    #846,#847,#848,#849,#850,#851,#852,#853,#854,#855,#856,#857,#858,
    #859,#860,#861,#862,#863,#864,#865,#866,#867,#868,#869),
  .UNSPECIFIED.,.F.,.F.,(7,5,5,5,5,5,5,5,5,5,5,5,5,5,5,5,7),(0.,
    8.700416869336E-02,0.15000834581,0.237012717756,0.303017175841,
    0.357021253955,0.438024642892,0.516027930106,0.579032862754,
    0.65403588567,0.74103741756,0.765039517193,0.84004258473,
    0.888044961463,0.951049172762,0.975051260721,1.),.UNSPECIFIED.);
#788 = CARTESIAN_POINT('',(0.327082741735,0.));
#789 = CARTESIAN_POINT('',(0.328628359814,9.489939404171E-02));
#790 = CARTESIAN_POINT('',(0.330073094771,0.189814204725));
#791 = CARTESIAN_POINT('',(0.331574786424,0.284708528044));
#792 = CARTESIAN_POINT('',(0.333053258007,0.379606397841));
#793 = CARTESIAN_POINT('',(0.334504755615,0.474528861369));
#794 = CARTESIAN_POINT('',(0.336946045053,0.638155971342));
#795 = CARTESIAN_POINT('',(0.337953322593,0.70688429006));
#796 = CARTESIAN_POINT('',(0.338940901234,0.775607614142));
#797 = CARTESIAN_POINT('',(0.339912269761,0.844330257266));
#798 = CARTESIAN_POINT('',(0.340871602858,0.913056927673));
#799 = CARTESIAN_POINT('',(0.343131524873,1.076679525897));
#800 = CARTESIAN_POINT('',(0.34442324222,1.171598804577));
#801 = CARTESIAN_POINT('',(0.345701289363,1.266494339847));
#802 = CARTESIAN_POINT('',(0.346963757589,1.361390265326));
#803 = CARTESIAN_POINT('',(0.348200560398,1.456310083998));
#804 = CARTESIAN_POINT('',(0.350322149539,1.623205764424));
#805 = CARTESIAN_POINT('',(0.351220020035,1.69520617724));
#806 = CARTESIAN_POINT('',(0.352098357089,1.767201107673));
#807 = CARTESIAN_POINT('',(0.352956570475,1.839196308481));
#808 = CARTESIAN_POINT('',(0.353796964955,1.911197502424));
#809 = CARTESIAN_POINT('',(0.355297836746,2.042099990763));
#810 = CARTESIAN_POINT('',(0.355963308742,2.1010082235));
#811 = CARTESIAN_POINT('',(0.356620466865,2.15991419292));
#812 = CARTESIAN_POINT('',(0.357271426832,2.218820048053));
#813 = CARTESIAN_POINT('',(0.35791792688,2.27772798973));
#814 = CARTESIAN_POINT('',(0.359525153628,2.424990044829));
#815 = CARTESIAN_POINT('',(0.360481574126,2.513359878974));
#816 = CARTESIAN_POINT('',(0.361432924533,2.601713455114));
#817 = CARTESIAN_POINT('',(0.36237834129,2.690067308965));
#818 = CARTESIAN_POINT('',(0.363311402296,2.778437773783));
#819 = CARTESIAN_POINT('',(0.365108283477,2.951878883179));
#820 = CARTESIAN_POINT('',(0.365973620775,3.036974993297));
#821 = CARTESIAN_POINT('',(0.366818017623,3.122057737933));
#822 = CARTESIAN_POINT('',(0.367637742175,3.207140320941));
#823 = CARTESIAN_POINT('',(0.368434822139,3.292235953879));
#824 = CARTESIAN_POINT('',(0.369841415082,3.44604346707));
#825 = CARTESIAN_POINT('',(0.370457633697,3.514771075683));
#826 = CARTESIAN_POINT('',(0.371063496992,3.583493694768));
#827 = CARTESIAN_POINT('',(0.371662046948,3.65221611213));
#828 = CARTESIAN_POINT('',(0.372255305931,3.720943270897));
#829 = CARTESIAN_POINT('',(0.373543260621,3.871477172167));
#830 = CARTESIAN_POINT('',(0.37423587691,3.953297573772));
#831 = CARTESIAN_POINT('',(0.374921331477,4.035107628276));
#832 = CARTESIAN_POINT('',(0.375596149651,4.116918857837));
#833 = CARTESIAN_POINT('',(0.376254063473,4.198742122277));
#834 = CARTESIAN_POINT('',(0.377640063438,4.375458138753));
#835 = CARTESIAN_POINT('',(0.378362342701,4.470380286657));
#836 = CARTESIAN_POINT('',(0.379065932008,4.565278617001));
#837 = CARTESIAN_POINT('',(0.379753346457,4.660174302472));
#838 = CARTESIAN_POINT('',(0.380482376304,4.755089742967));
#839 = CARTESIAN_POINT('',(0.381371543933,4.876168361762));
#840 = CARTESIAN_POINT('',(0.381561167002,4.902349431875));
#841 = CARTESIAN_POINT('',(0.381745785607,4.928530511143));
#842 = CARTESIAN_POINT('',(0.381925046418,4.954711350623));
#843 = CARTESIAN_POINT('',(0.382100607325,4.980891918824));
#844 = CARTESIAN_POINT('',(0.382824643478,5.088882599782));
#845 = CARTESIAN_POINT('',(0.383362777037,5.170701625361));
#846 = CARTESIAN_POINT('',(0.383920894466,5.252511646209));
#847 = CARTESIAN_POINT('',(0.384471393368,5.334323554888));
#848 = CARTESIAN_POINT('',(0.385010286101,5.416147377193));
#849 = CARTESIAN_POINT('',(0.385870554115,5.550323424963));
#850 = CARTESIAN_POINT('',(0.386200498352,5.602686161974));
#851 = CARTESIAN_POINT('',(0.386524250276,5.65504752137));
#852 = CARTESIAN_POINT('',(0.386842572966,5.707408563666));
#853 = CARTESIAN_POINT('',(0.387156667364,5.759770461149));
#854 = CARTESIAN_POINT('',(0.387875285217,5.880855340822));
#855 = CARTESIAN_POINT('',(0.388277426816,5.949583138612));
#856 = CARTESIAN_POINT('',(0.38867587448,6.018305700708));
#857 = CARTESIAN_POINT('',(0.389071957133,6.087027979344));
#858 = CARTESIAN_POINT('',(0.38946448381,6.155754939445));
#859 = CARTESIAN_POINT('',(0.389999219754,6.250658799137));
#860 = CARTESIAN_POINT('',(0.390145970112,6.276839567485));
#861 = CARTESIAN_POINT('',(0.39029185234,6.303020341587));
#862 = CARTESIAN_POINT('',(0.390436761895,6.329201115883));
#863 = CARTESIAN_POINT('',(0.39058059266,6.355381884736));
#864 = CARTESIAN_POINT('',(0.390871507169,6.408775979002));
#865 = CARTESIAN_POINT('',(0.391018425609,6.435989303431));
#866 = CARTESIAN_POINT('',(0.391164137969,6.463202683548));
#867 = CARTESIAN_POINT('',(0.391308304572,6.490416206157));
#868 = CARTESIAN_POINT('',(0.391450660314,6.51762982882));
#869 = CARTESIAN_POINT('',(0.391591574608,6.544843231636));
#870 = ( GEOMETRIC_REPRESENTATION_CONTEXT(2) 
PARAMETRIC_REPRESENTATION_CONTEXT() REPRESENTATION_CONTEXT('2D SPACE',''
  ) );
#871 = PCURVE('',#872,#877);
#872 = CYLINDRICAL_SURFACE('',#873,10.);
#873 = AXIS2_PLACEMENT_3D('',#874,#875,#876);
#874 = CARTESIAN_POINT('',(0.,-4.,0.));
#875 = DIRECTION('',(0.,1.,0.));
#876 = DIRECTION('',(0.,-0.,1.));
#877 = DEFINITIONAL_REPRESENTATION('',(#878),#961);
#878 = B_SPLINE_CURVE_WITH_KNOTS('',6,(#879,#880,#881,#882,#883,#884,
    #885,#886,#887,#888,#889,#890,#891,#892,#893,#894,#895,#896,#897,
    #898,#899,#900,#901,#902,#903,#904,#905,#906,#907,#908,#909,#910,
    #911,#912,#913,#914,#915,#916,#917,#918,#919,#920,#921,#922,#923,
    #924,#925,#926,#927,#928,#929,#930,#931,#932,#933,#934,#935,#936,
    #937,#938,#939,#940,#941,#942,#943,#944,#945,#946,#947,#948,#949,
    #950,#951,#952,#953,#954,#955,#956,#957,#958,#959,#960),
  .UNSPECIFIED.,.F.,.F.,(7,5,5,5,5,5,5,5,5,5,5,5,5,5,5,5,7),(0.,
    8.700416869336E-02,0.15000834581,0.237012717756,0.303017175841,
    0.357021253955,0.438024642892,0.516027930106,0.579032862754,
    0.65403588567,0.74103741756,0.765039517193,0.84004258473,
    0.888044961463,0.951049172762,0.975051260721,1.),.UNSPECIFIED.);
#879 = CARTESIAN_POINT('',(7.848748510389E-04,0.993381963699));
#880 = CARTESIAN_POINT('',(9.187758989698E-02,1.022685824177));
#881 = CARTESIAN_POINT('',(0.182989908618,1.051904229249));
#882 = CARTESIAN_POINT('',(0.274079710104,1.08116363216));
#883 = CARTESIAN_POINT('',(0.365169651212,1.110400927474));
#884 = CARTESIAN_POINT('',(0.45628193127,1.139619698984));
#885 = CARTESIAN_POINT('',(0.613340816971,1.189930267167));
#886 = CARTESIAN_POINT('',(0.679310219224,1.211045298984));
#887 = CARTESIAN_POINT('',(0.7452752411,1.232140655475));
#888 = CARTESIAN_POINT('',(0.811240368,1.253220669138));
#889 = CARTESIAN_POINT('',(0.877210080831,1.274290312539));
#890 = CARTESIAN_POINT('',(1.034270347396,1.324428818108));
#891 = CARTESIAN_POINT('',(1.125383829729,1.353495837185));
#892 = CARTESIAN_POINT('',(1.216475210505,1.382541815642));
#893 = CARTESIAN_POINT('',(1.307566693986,1.411572219161));
#894 = CARTESIAN_POINT('',(1.398680518744,1.440585565594));
#895 = CARTESIAN_POINT('',(1.558883234877,1.49155041912));
#896 = CARTESIAN_POINT('',(1.627995924238,1.513521161559));
#897 = CARTESIAN_POINT('',(1.69710305408,1.535472575005));
#898 = CARTESIAN_POINT('',(1.766210295037,1.557405951732));
#899 = CARTESIAN_POINT('',(1.8353233076,1.579324984744));
#900 = CARTESIAN_POINT('',(1.960975111114,1.6191503895));
#901 = CARTESIAN_POINT('',(2.017520525554,1.637063367939));
#902 = CARTESIAN_POINT('',(2.074063894077,1.65496797039));
#903 = CARTESIAN_POINT('',(2.130607301952,1.672866608127));
#904 = CARTESIAN_POINT('',(2.187152835771,1.690761373752));
#905 = CARTESIAN_POINT('',(2.328509384222,1.735486531923));
#906 = CARTESIAN_POINT('',(2.413335588162,1.762316997852));
#907 = CARTESIAN_POINT('',(2.4981462267,1.789136687257));
#908 = CARTESIAN_POINT('',(2.582956908802,1.815949714781));
#909 = CARTESIAN_POINT('',(2.667783263864,1.842755642632));
#910 = CARTESIAN_POINT('',(2.834268242581,1.895334875512));
#911 = CARTESIAN_POINT('',(2.915951319981,1.921117056521));
#912 = CARTESIAN_POINT('',(2.997621565794,1.946876572566));
#913 = CARTESIAN_POINT('',(3.07929194636,1.972614410324));
#914 = CARTESIAN_POINT('',(3.160975410025,1.998336253412));
#915 = CARTESIAN_POINT('',(3.308616515909,2.044797442367));
#916 = CARTESIAN_POINT('',(3.374589069235,2.065547346985));
#917 = CARTESIAN_POINT('',(3.440557181046,2.086286514633));
#918 = CARTESIAN_POINT('',(3.506525338458,2.107018841658));
#919 = CARTESIAN_POINT('',(3.572498031396,2.127747410981));
#920 = CARTESIAN_POINT('',(3.716998270957,2.173138269327));
#921 = CARTESIAN_POINT('',(3.795538827014,2.197802539273));
#922 = CARTESIAN_POINT('',(3.874068749593,2.222456759137));
#923 = CARTESIAN_POINT('',(3.952598720934,2.247101548499));
#924 = CARTESIAN_POINT('',(4.031139440507,2.271735230999));
#925 = CARTESIAN_POINT('',(4.200765772022,2.32490708808));
#926 = CARTESIAN_POINT('',(4.291879566618,2.353448936142));
#927 = CARTESIAN_POINT('',(4.382971267055,2.381967390475));
#928 = CARTESIAN_POINT('',(4.474063084154,2.410471189017));
#929 = CARTESIAN_POINT('',(4.56517697044,2.439011473462));
#930 = CARTESIAN_POINT('',(4.681403369662,2.475384948354));
#931 = CARTESIAN_POINT('',(4.706534797184,2.483247874559));
#932 = CARTESIAN_POINT('',(4.731666255166,2.491106793917));
#933 = CARTESIAN_POINT('',(4.756797742803,2.498961365104));
#934 = CARTESIAN_POINT('',(4.781929247003,2.506812872702));
#935 = CARTESIAN_POINT('',(4.885593007231,2.539198567128));
#936 = CARTESIAN_POINT('',(4.964134467762,2.563726420797));
#937 = CARTESIAN_POINT('',(5.04266514915,2.588266092639));
#938 = CARTESIAN_POINT('',(5.121195855732,2.612799187392));
#939 = CARTESIAN_POINT('',(5.199737281143,2.637325805042));
#940 = CARTESIAN_POINT('',(5.328530780042,2.677525270091));
#941 = CARTESIAN_POINT('',(5.378792952457,2.693208411));
#942 = CARTESIAN_POINT('',(5.429053991832,2.708885988531));
#943 = CARTESIAN_POINT('',(5.479315063205,2.724558922993));
#944 = CARTESIAN_POINT('',(5.529577328999,2.740228487886));
#945 = CARTESIAN_POINT('',(5.645807700257,2.776456968591));
#946 = CARTESIAN_POINT('',(5.711780680516,2.797015204024));
#947 = CARTESIAN_POINT('',(5.777749185746,2.817568419411));
#948 = CARTESIAN_POINT('',(5.843717710839,2.838119075621));
#949 = CARTESIAN_POINT('',(5.909690759775,2.858667734872));
#950 = CARTESIAN_POINT('',(6.000791613552,2.887036593415));
#951 = CARTESIAN_POINT('',(6.025923242338,2.894861928835));
#952 = CARTESIAN_POINT('',(6.051054848833,2.902686515576));
#953 = CARTESIAN_POINT('',(6.076186420878,2.91051027502));
#954 = CARTESIAN_POINT('',(6.101317948506,2.918333127821));
#955 = CARTESIAN_POINT('',(6.152572094177,2.934285357313));
#956 = CARTESIAN_POINT('',(6.178694706113,2.942414656139));
#957 = CARTESIAN_POINT('',(6.204817328991,2.950542829602));
#958 = CARTESIAN_POINT('',(6.230940040207,2.958669829849));
#959 = CARTESIAN_POINT('',(6.257062796844,2.966795587814));
#960 = CARTESIAN_POINT('',(6.28318530718,2.974919979073));
#961 = ( GEOMETRIC_REPRESENTATION_CONTEXT(2) 
PARAMETRIC_REPRESENTATION_CONTEXT() REPRESENTATION_CONTEXT('2D SPACE',''
  ) );
#962 = ORIENTED_EDGE('',*,*,#963,.T.);
#963 = EDGE_CURVE('',#697,#964,#966,.T.);
#964 = VERTEX_POINT('',#965);
#965 = CARTESIAN_POINT('',(-1.65083593294E-02,-2.210252397808,9.54));
#966 = SURFACE_CURVE('',#967,(#970,#977),.PCURVE_S1.);
#967 = B_SPLINE_CURVE_WITH_KNOTS('',1,(#968,#969),.UNSPECIFIED.,.F.,.F.,
  (2,2),(0.,1.24707658145),.PIECEWISE_BEZIER_KNOTS.);
#968 = CARTESIAN_POINT('',(1.650835932961E-02,-3.289747602192,
    10.163538290725));
#969 = CARTESIAN_POINT('',(-1.65083593294E-02,-2.210252397808,9.54));
#970 = PCURVE('',#333,#971);
#971 = DEFINITIONAL_REPRESENTATION('',(#972),#976);
#972 = LINE('',#973,#974);
#973 = CARTESIAN_POINT('',(0.,0.));
#974 = VECTOR('',#975,1.);
#975 = DIRECTION('',(1.,0.));
#976 = ( GEOMETRIC_REPRESENTATION_CONTEXT(2) 
PARAMETRIC_REPRESENTATION_CONTEXT() REPRESENTATION_CONTEXT('2D SPACE',''
  ) );
#977 = PCURVE('',#978,#983);
#978 = PLANE('',#979);
#979 = AXIS2_PLACEMENT_3D('',#980,#981,#982);
#980 = CARTESIAN_POINT('',(5.50278644316E-03,-2.929915867397,9.54));
#981 = DIRECTION('',(-0.999532596652,-3.057103579522E-02,
    2.565304710259E-13));
#982 = DIRECTION('',(3.057103579522E-02,-0.999532596652,0.));
#983 = DEFINITIONAL_REPRESENTATION('',(#984),#987);
#984 = B_SPLINE_CURVE_WITH_KNOTS('',1,(#985,#986),.UNSPECIFIED.,.F.,.F.,
  (2,2),(0.,1.24707658145),.PIECEWISE_BEZIER_KNOTS.);
#985 = CARTESIAN_POINT('',(0.36,0.623538290725));
#986 = CARTESIAN_POINT('',(-0.72,1.7763568394E-15));
#987 = ( GEOMETRIC_REPRESENTATION_CONTEXT(2) 
PARAMETRIC_REPRESENTATION_CONTEXT() REPRESENTATION_CONTEXT('2D SPACE',''
  ) );
#988 = ORIENTED_EDGE('',*,*,#989,.T.);
#989 = EDGE_CURVE('',#964,#560,#990,.T.);
#990 = SURFACE_CURVE('',#991,(#1027,#1033),.PCURVE_S1.);
#991 = B_SPLINE_CURVE_WITH_KNOTS('',9,(#992,#993,#994,#995,#996,#997,
    #998,#999,#1000,#1001,#1002,#1003,#1004,#1005,#1006,#1007,#1008,
    #1009,#1010,#1011,#1012,#1013,#1014,#1015,#1016,#1017,#1018,#1019,
    #1020,#1021,#1022,#1023,#1024,#1025,#1026),.UNSPECIFIED.,.F.,.F.,(10
    ,8,9,8,10),(0.,4.908893449898,9.817786899796,14.726680349694,
    19.635573799592),.UNSPECIFIED.);
#992 = CARTESIAN_POINT('',(-1.65083593294E-02,-2.210252397808,9.54));
#993 = CARTESIAN_POINT('',(4.978624161034,-2.057474613878,9.539300722918
    ));
#994 = CARTESIAN_POINT('',(9.969305860051,-1.904878767776,6.595076572402
    ));
#995 = CARTESIAN_POINT('',(12.961926868979,-1.752464401878,
    0.724333453798));
#996 = CARTESIAN_POINT('',(12.04049723837,-1.600232677671,
    -6.545576608272));
#997 = CARTESIAN_POINT('',(6.542416170812,-1.448181323161,
    -12.02035524963));
#998 = CARTESIAN_POINT('',(-0.706455078391,-1.296312260642,
    -12.91608119365));
#999 = CARTESIAN_POINT('',(-6.540001163459,-1.144623388948,
    -9.926193164725));
#1000 = CARTESIAN_POINT('',(-9.456923965789,-0.993115007507,
    -4.967616029031));
#1001 = CARTESIAN_POINT('',(-9.4555374373,-0.690457587582,4.934998941223
    ));
#1002 = CARTESIAN_POINT('',(-6.537194874274,-0.539308262959,
    9.881845005047));
#1003 = CARTESIAN_POINT('',(-0.717679693097,-0.388339348266,
    12.848673962358));
#1004 = CARTESIAN_POINT('',(6.487925424982,-0.237545139308,
    11.934643615047));
#1005 = CARTESIAN_POINT('',(11.915994598138,-8.693371965703E-02,
    6.485645688306));
#1006 = CARTESIAN_POINT('',(12.803241861505,6.350564518679E-02,
    -0.700599472958));
#1007 = CARTESIAN_POINT('',(9.839988189485,0.213767967525,
    -6.483371047092));
#1008 = CARTESIAN_POINT('',(4.924263614255,0.36385537423,-9.375157689055
    ));
#1009 = CARTESIAN_POINT('',(1.571384645908E-02,0.513770676886,
    -9.374492397147));
#1010 = CARTESIAN_POINT('',(-4.892836307534,0.663685884898,
    -9.373826774812));
#1011 = CARTESIAN_POINT('',(-9.797258926221,0.813426860028,
    -6.480654898817));
#1012 = CARTESIAN_POINT('',(-12.73828859528,0.962997282464,
    -0.711451007917));
#1013 = CARTESIAN_POINT('',(-11.83342819613,1.112397065191,
    6.433212080837));
#1014 = CARTESIAN_POINT('',(-6.430161208514,1.261625543109,
    11.814591606871));
#1015 = CARTESIAN_POINT('',(0.69480380194,1.410689788358,12.695856953743
    ));
#1016 = CARTESIAN_POINT('',(6.429560522365,1.559585714641,9.757203503933
    ));
#1017 = CARTESIAN_POINT('',(9.297384787393,1.70831845327,4.88263096181)
  );
#1018 = CARTESIAN_POINT('',(9.296131720979,2.005458617766,
    -4.853153473507));
#1019 = CARTESIAN_POINT('',(6.427024356175,2.153866874509,
    -9.717124132771));
#1020 = CARTESIAN_POINT('',(0.70494797673,2.302112171084,-12.63493808999
    ));
#1021 = CARTESIAN_POINT('',(-6.380915538737,2.450205064513,
    -11.7371302527));
#1022 = CARTESIAN_POINT('',(-11.72090971459,2.598132263968,
    -6.379049873867));
#1023 = CARTESIAN_POINT('',(-12.59487798539,2.745912280018,
    0.690001584768));
#1024 = CARTESIAN_POINT('',(-9.680388848407,2.893537886393,
    6.379701711893));
#1025 = CARTESIAN_POINT('',(-4.843708276754,3.041011967752,
    9.225483480749));
#1026 = CARTESIAN_POINT('',(-1.340678432444E-02,3.188340331337,
    9.224915865137));
#1027 = PCURVE('',#333,#1028);
#1028 = DEFINITIONAL_REPRESENTATION('',(#1029),#1032);
#1029 = B_SPLINE_CURVE_WITH_KNOTS('',1,(#1030,#1031),.UNSPECIFIED.,.F.,
  .F.,(2,2),(0.,19.635573799592),.PIECEWISE_BEZIER_KNOTS.);
#1030 = CARTESIAN_POINT('',(1.24707658145,0.));
#1031 = CARTESIAN_POINT('',(1.24707658145,19.635573799592));
#1032 = ( GEOMETRIC_REPRESENTATION_CONTEXT(2) 
PARAMETRIC_REPRESENTATION_CONTEXT() REPRESENTATION_CONTEXT('2D SPACE',''
  ) );
#1033 = PCURVE('',#594,#1034);
#1034 = DEFINITIONAL_REPRESENTATION('',(#1035),#1039);
#1035 = LINE('',#1036,#1037);
#1036 = CARTESIAN_POINT('',(0.,0.));
#1037 = VECTOR('',#1038,1.);
#1038 = DIRECTION('',(0.,1.));
#1039 = ( GEOMETRIC_REPRESENTATION_CONTEXT(2) 
PARAMETRIC_REPRESENTATION_CONTEXT() REPRESENTATION_CONTEXT('2D SPACE',''
  ) );
#1040 = ORIENTED_EDGE('',*,*,#559,.F.);
#1041 = ORIENTED_EDGE('',*,*,#179,.F.);
#1042 = ORIENTED_EDGE('',*,*,#1043,.F.);
#1043 = EDGE_CURVE('',#699,#152,#1044,.T.);
#1044 = SURFACE_CURVE('',#1045,(#1139,#1236),.PCURVE_S1.);
#1045 = B_SPLINE_CURVE_WITH_KNOTS('',8,(#1046,#1047,#1048,#1049,#1050,
    #1051,#1052,#1053,#1054,#1055,#1056,#1057,#1058,#1059,#1060,#1061,
    #1062,#1063,#1064,#1065,#1066,#1067,#1068,#1069,#1070,#1071,#1072,
    #1073,#1074,#1075,#1076,#1077,#1078,#1079,#1080,#1081,#1082,#1083,
    #1084,#1085,#1086,#1087,#1088,#1089,#1090,#1091,#1092,#1093,#1094,
    #1095,#1096,#1097,#1098,#1099,#1100,#1101,#1102,#1103,#1104,#1105,
    #1106,#1107,#1108,#1109,#1110,#1111,#1112,#1113,#1114,#1115,#1116,
    #1117,#1118,#1119,#1120,#1121,#1122,#1123,#1124,#1125,#1126,#1127,
    #1128,#1129,#1130,#1131,#1132,#1133,#1134,#1135,#1136,#1137,#1138),
  .UNSPECIFIED.,.F.,.F.,(9,7,7,7,7,7,7,7,7,7,7,7,7,9),(0.,
    6.505313838471E-02,0.182033591486,0.257032068718,0.311033096317,
    0.410024664872,0.494021725236,0.551022857632,0.608021736191,
    0.656021644745,0.728021536377,0.83300958142,0.929002289359,1.),
  .UNSPECIFIED.);
#1046 = CARTESIAN_POINT('',(-1.7763568394E-15,-1.025080020927,10.));
#1047 = CARTESIAN_POINT('',(0.510883916908,-1.00919096242,10.));
#1048 = CARTESIAN_POINT('',(1.021793876243,-0.993305797892,
    9.970171129753));
#1049 = CARTESIAN_POINT('',(1.530661047551,-0.977425855936,
    9.910508234022));
#1050 = CARTESIAN_POINT('',(2.035451407433,-0.961551217245,
    9.821183708304));
#1051 = CARTESIAN_POINT('',(2.534163497444,-0.945681190526,
    9.702531214365));
#1052 = CARTESIAN_POINT('',(3.024828365851,-0.929814844577,
    9.555040022359));
#1053 = CARTESIAN_POINT('',(3.505511693265,-0.913951596513,
    9.379359979552));
#1054 = CARTESIAN_POINT('',(4.817339476439,-0.869572407917,
    8.811199480572));
#1055 = CARTESIAN_POINT('',(5.622439649532,-0.841047951244,
    8.357390871627));
#1056 = CARTESIAN_POINT('',(6.378072437226,-0.812536121475,
    7.819712226841));
#1057 = CARTESIAN_POINT('',(7.074199117479,-0.784031137057,
    7.204665016753));
#1058 = CARTESIAN_POINT('',(7.701863588033,-0.755525043509,
    6.519892993308));
#1059 = CARTESIAN_POINT('',(8.253259898345,-0.727014018772,
    5.774210988575));
#1060 = CARTESIAN_POINT('',(8.72170429578,-0.698500132175,4.977536845719
    ));
#1061 = CARTESIAN_POINT('',(9.346086689009,-0.651741657975,
    3.605215148939));
#1062 = CARTESIAN_POINT('',(9.55394093248,-0.633476815595,3.052639470408
    ));
#1063 = CARTESIAN_POINT('',(9.724398045743,-0.615216894166,
    2.486495699109));
#1064 = CARTESIAN_POINT('',(9.856447998192,-0.596962956554,
    1.909747685923));
#1065 = CARTESIAN_POINT('',(9.949364316851,-0.578714753126,
    1.325416917797));
#1066 = CARTESIAN_POINT('',(10.002692227309,-0.560471587349,
    0.736577563643));
#1067 = CARTESIAN_POINT('',(10.016261533306,-0.542233321723,
    0.14635630567));
#1068 = CARTESIAN_POINT('',(9.971476642803,-0.510874113358,
    -0.865741639833));
#1069 = CARTESIAN_POINT('',(9.932193842483,-0.497748972544,
    -1.288521435695));
#1070 = CARTESIAN_POINT('',(9.87242620898,-0.484626305596,-1.7092269931)
  );
#1071 = CARTESIAN_POINT('',(9.792306031463,-0.471505831977,
    -2.126699946734));
#1072 = CARTESIAN_POINT('',(9.692042186237,-0.458387029534,
    -2.539798203774));
#1073 = CARTESIAN_POINT('',(9.571918312171,-0.445269379196,
    -2.947395904467));
#1074 = CARTESIAN_POINT('',(9.432294488661,-0.432152611437,
    -3.348384143817));
#1075 = CARTESIAN_POINT('',(8.982725594817,-0.394994088843,
    -4.462625897114));
#1076 = CARTESIAN_POINT('',(8.627708720228,-0.37094802963,
    -5.157916915406));
#1077 = CARTESIAN_POINT('',(8.2112999171,-0.346906016566,-5.820607486713
    ));
#1078 = CARTESIAN_POINT('',(7.737074149969,-0.322868604476,
    -6.444417754935));
#1079 = CARTESIAN_POINT('',(7.209284167615,-0.298834173158,
    -7.023613074181));
#1080 = CARTESIAN_POINT('',(6.632801113629,-0.274802307021,
    -7.552973975965));
#1081 = CARTESIAN_POINT('',(6.013154803062,-0.250776044524,
    -8.027849059877));
#1082 = CARTESIAN_POINT('',(4.799631418296,-0.20638726849,
    -8.797653049965));
#1083 = CARTESIAN_POINT('',(4.215875052049,-0.186014265644,
    -9.109066228278));
#1084 = CARTESIAN_POINT('',(3.609196773636,-0.165646940341,
    -9.376098944315));
#1085 = CARTESIAN_POINT('',(2.983555573787,-0.145284604847,
    -9.596820305655));
#1086 = CARTESIAN_POINT('',(2.343050433876,-0.124922064121,
    -9.769731192061));
#1087 = CARTESIAN_POINT('',(1.691907880591,-0.104553071319,
    -9.893742406987));
#1088 = CARTESIAN_POINT('',(1.034483888176,-8.417810689697E-02,
    -9.968199714295));
#1089 = CARTESIAN_POINT('',(-7.206125057248E-02,-4.999890593094E-02,
    -10.00975542729));
#1090 = CARTESIAN_POINT('',(-0.520274870787,-3.618474075904E-02,
    -10.00366925437));
#1091 = CARTESIAN_POINT('',(-0.96797769781,-2.239238133018E-02,
    -9.974642940253));
#1092 = CARTESIAN_POINT('',(-1.413796142798,-8.581100994086E-03,
    -9.922725789642));
#1093 = CARTESIAN_POINT('',(-1.856374526741,5.21660059011E-03,
    -9.848063511437));
#1094 = CARTESIAN_POINT('',(-2.294367490498,1.902425883441E-02,
    -9.750895490035));
#1095 = CARTESIAN_POINT('',(-2.726445460583,3.283030680894E-02,
    -9.631557102269));
#1096 = CARTESIAN_POINT('',(-3.576125841903,6.044228171654E-02,
    -9.349422719051));
#1097 = CARTESIAN_POINT('',(-3.993752920659,7.424856728344E-02,
    -9.186620440323));
#1098 = CARTESIAN_POINT('',(-4.402859776003,8.805407301391E-02,
    -9.002514778652));
#1099 = CARTESIAN_POINT('',(-4.802180130592,0.101857896336,
    -8.797632406399));
#1100 = CARTESIAN_POINT('',(-5.190493788699,0.115659635066,
    -8.572585446908));
#1101 = CARTESIAN_POINT('',(-5.566625865521,0.129459260146,
    -8.328069083811));
#1102 = CARTESIAN_POINT('',(-5.929448397637,0.143256809039,
    -8.064863507879));
#1103 = CARTESIAN_POINT('',(-6.571309284996,0.168669024773,
    -7.547184790756));
#1104 = CARTESIAN_POINT('',(-6.854542940141,0.180284850813,
    -7.297884618341));
#1105 = CARTESIAN_POINT('',(-7.126943272842,0.191899258159,
    -7.036456451385));
#1106 = CARTESIAN_POINT('',(-7.38790609054,0.203512433466,
    -6.763452167054));
#1107 = CARTESIAN_POINT('',(-7.636863187649,0.215124702084,
    -6.47945682547));
#1108 = CARTESIAN_POINT('',(-7.873281807803,0.226736373922,
    -6.18508794265));
#1109 = CARTESIAN_POINT('',(-8.096665416029,0.238347602905,
    -5.880995963388));
#1110 = CARTESIAN_POINT('',(-8.621391454007,0.267374252681,
    -5.098170702194));
#1111 = CARTESIAN_POINT('',(-8.905896574582,0.284790559308,
    -4.608096078456));
#1112 = CARTESIAN_POINT('',(-9.158496403281,0.302205791394,
    -4.099975534277));
#1113 = CARTESIAN_POINT('',(-9.377872421254,0.319619850676,
    -3.576244581248));
#1114 = CARTESIAN_POINT('',(-9.562935308027,0.3370331103,-3.039428289615
    ));
#1115 = CARTESIAN_POINT('',(-9.712816410679,0.354445679421,
    -2.492135865205));
#1116 = CARTESIAN_POINT('',(-9.826877704257,0.371856751236,
    -1.937062284788));
#1117 = CARTESIAN_POINT('',(-10.01827702223,0.414646803747,
    -0.560326866123));
#1118 = CARTESIAN_POINT('',(-10.05489307718,0.440032196302,
    0.267301952321));
#1119 = CARTESIAN_POINT('',(-10.01327745499,0.4654063487,1.097047297467)
  );
#1120 = CARTESIAN_POINT('',(-9.893475672685,0.490768543116,
    1.920273319964));
#1121 = CARTESIAN_POINT('',(-9.696612657144,0.516122837727,
    2.728542621676));
#1122 = CARTESIAN_POINT('',(-9.42480127184,0.541474758876,3.51360944895)
  );
#1123 = CARTESIAN_POINT('',(-9.081229815952,0.566827226533,
    4.267447672349));
#1124 = CARTESIAN_POINT('',(-8.29481181901,0.615341192935,5.63599454937)
  );
#1125 = CARTESIAN_POINT('',(-7.862800112332,0.638516121878,
    6.257426383056));
#1126 = CARTESIAN_POINT('',(-7.377725958231,0.661688763742,
    6.840736589596));
#1127 = CARTESIAN_POINT('',(-6.843580566821,0.684859688022,
    7.380685933346));
#1128 = CARTESIAN_POINT('',(-6.26488778734,0.70803197084,7.872591564007)
  );
#1129 = CARTESIAN_POINT('',(-5.646658282418,0.731207673455,
    8.312295730686));
#1130 = CARTESIAN_POINT('',(-4.994417250398,0.75438476978,8.69621377907)
  );
#1131 = CARTESIAN_POINT('',(-3.811284535048,0.794691235306,
    9.262019691035));
#1132 = CARTESIAN_POINT('',(-3.292900374993,0.811827840425,
    9.470539627689));
#1133 = CARTESIAN_POINT('',(-2.761582852862,0.828962127881,
    9.645850446623));
#1134 = CARTESIAN_POINT('',(-2.219822907549,0.846093386103,
    9.787033847603));
#1135 = CARTESIAN_POINT('',(-1.670165007761,0.863221796326,
    9.893397908519));
#1136 = CARTESIAN_POINT('',(-1.115203379943,0.880347761346,
    9.964468752583));
#1137 = CARTESIAN_POINT('',(-0.557582235881,0.89747116905,9.99999999941)
  );
#1138 = CARTESIAN_POINT('',(-1.7763568394E-15,0.914590590716,10.));
#1139 = PCURVE('',#333,#1140);
#1140 = DEFINITIONAL_REPRESENTATION('',(#1141),#1235);
#1141 = B_SPLINE_CURVE_WITH_KNOTS('',8,(#1142,#1143,#1144,#1145,#1146,
    #1147,#1148,#1149,#1150,#1151,#1152,#1153,#1154,#1155,#1156,#1157,
    #1158,#1159,#1160,#1161,#1162,#1163,#1164,#1165,#1166,#1167,#1168,
    #1169,#1170,#1171,#1172,#1173,#1174,#1175,#1176,#1177,#1178,#1179,
    #1180,#1181,#1182,#1183,#1184,#1185,#1186,#1187,#1188,#1189,#1190,
    #1191,#1192,#1193,#1194,#1195,#1196,#1197,#1198,#1199,#1200,#1201,
    #1202,#1203,#1204,#1205,#1206,#1207,#1208,#1209,#1210,#1211,#1212,
    #1213,#1214,#1215,#1216,#1217,#1218,#1219,#1220,#1221,#1222,#1223,
    #1224,#1225,#1226,#1227,#1228,#1229,#1230,#1231,#1232,#1233,#1234),
  .UNSPECIFIED.,.F.,.F.,(9,7,7,7,7,7,7,7,7,7,7,7,7,9),(0.,
    6.505313838471E-02,0.182033591486,0.257032068718,0.311033096317,
    0.410024664872,0.494021725236,0.551022857632,0.608021736191,
    0.656021644745,0.728021536377,0.83300958142,0.929002289359,1.),
  .UNSPECIFIED.);
#1142 = CARTESIAN_POINT('',(0.391591650543,6.544843229695));
#1143 = CARTESIAN_POINT('',(0.391867240493,6.598065105063));
#1144 = CARTESIAN_POINT('',(0.39213695124,6.651289819728));
#1145 = CARTESIAN_POINT('',(0.392400459172,6.70451361305));
#1146 = CARTESIAN_POINT('',(0.392657774845,6.757736104099));
#1147 = CARTESIAN_POINT('',(0.392909274288,6.810958616121));
#1148 = CARTESIAN_POINT('',(0.393155652068,6.864182501589));
#1149 = CARTESIAN_POINT('',(0.393397796127,6.917407467827));
#1150 = CARTESIAN_POINT('',(0.394065980426,7.066336040744));
#1151 = CARTESIAN_POINT('',(0.394484776464,7.162088851532));
#1152 = CARTESIAN_POINT('',(0.394897871959,7.257816093932));
#1153 = CARTESIAN_POINT('',(0.39531084532,7.353523499265));
#1154 = CARTESIAN_POINT('',(0.395726699384,7.449230907986));
#1155 = CARTESIAN_POINT('',(0.396142749234,7.54495816941));
#1156 = CARTESIAN_POINT('',(0.396553773664,7.640711036817));
#1157 = CARTESIAN_POINT('',(0.397211594706,7.797776464546));
#1158 = CARTESIAN_POINT('',(0.397464490289,7.859140848232));
#1159 = CARTESIAN_POINT('',(0.397711996931,7.920503049935));
#1160 = CARTESIAN_POINT('',(0.397952854599,7.981862443776));
#1161 = CARTESIAN_POINT('',(0.398186231919,8.043221783435));
#1162 = CARTESIAN_POINT('',(0.398411918708,8.104583817526));
#1163 = CARTESIAN_POINT('',(0.398630322539,8.165947910124));
#1164 = CARTESIAN_POINT('',(0.398994877047,8.271486708728));
#1165 = CARTESIAN_POINT('',(0.399144149303,8.315667631297));
#1166 = CARTESIAN_POINT('',(0.399290390507,8.359847975856));
#1167 = CARTESIAN_POINT('',(0.399434031261,8.404027631535));
#1168 = CARTESIAN_POINT('',(0.399575563657,8.448207170409));
#1169 = CARTESIAN_POINT('',(0.399715473842,8.49238717975));
#1170 = CARTESIAN_POINT('',(0.399854171902,8.536567591047));
#1171 = CARTESIAN_POINT('',(0.40024442911,8.66173416022));
#1172 = CARTESIAN_POINT('',(0.40049378075,8.742741389339));
#1173 = CARTESIAN_POINT('',(0.40074169336,8.823739984661));
#1174 = CARTESIAN_POINT('',(0.400988163301,8.90472817757));
#1175 = CARTESIAN_POINT('',(0.4012306629,8.985717437507));
#1176 = CARTESIAN_POINT('',(0.401464985697,9.066718906162));
#1177 = CARTESIAN_POINT('',(0.401687737945,9.147729967683));
#1178 = CARTESIAN_POINT('',(0.402080990687,9.297444028377));
#1179 = CARTESIAN_POINT('',(0.402254146199,9.366176009098));
#1180 = CARTESIAN_POINT('',(0.402421348661,9.434903631962));
#1181 = CARTESIAN_POINT('',(0.402584135513,9.503625376551));
#1182 = CARTESIAN_POINT('',(0.402748193616,9.572345773236));
#1183 = CARTESIAN_POINT('',(0.402920749002,9.641069768471));
#1184 = CARTESIAN_POINT('',(0.403101328615,9.709797149265));
#1185 = CARTESIAN_POINT('',(0.403377569568,9.82515093069));
#1186 = CARTESIAN_POINT('',(0.403483180402,9.871787803643));
#1187 = CARTESIAN_POINT('',(0.403557673615,9.918421033156));
#1188 = CARTESIAN_POINT('',(0.403661071257,9.965053915928));
#1189 = CARTESIAN_POINT('',(0.403743391538,10.011688061773));
#1190 = CARTESIAN_POINT('',(0.403840963072,10.058322252338));
#1191 = CARTESIAN_POINT('',(0.403935508857,10.104958072967));
#1192 = CARTESIAN_POINT('',(0.404126457621,10.198225956315));
#1193 = CARTESIAN_POINT('',(0.404222180059,10.244860750289));
#1194 = CARTESIAN_POINT('',(0.404316982508,10.291495389868));
#1195 = CARTESIAN_POINT('',(0.404409614738,10.338129609711));
#1196 = CARTESIAN_POINT('',(0.404499195891,10.384763988201));
#1197 = CARTESIAN_POINT('',(0.40458540075,10.431399111455));
#1198 = CARTESIAN_POINT('',(0.404668382567,10.478034720958));
#1199 = CARTESIAN_POINT('',(0.404815844132,10.563940383765));
#1200 = CARTESIAN_POINT('',(0.404881185258,10.60321235702));
#1201 = CARTESIAN_POINT('',(0.404944648565,10.642483910458));
#1202 = CARTESIAN_POINT('',(0.405006553381,10.681754952883));
#1203 = CARTESIAN_POINT('',(0.405067257785,10.721025784737));
#1204 = CARTESIAN_POINT('',(0.405127091476,10.760296724329));
#1205 = CARTESIAN_POINT('',(0.405186309342,10.799567731551));
#1206 = CARTESIAN_POINT('',(0.405333200424,10.897743498988));
#1207 = CARTESIAN_POINT('',(0.405420299329,10.956652798813));
#1208 = CARTESIAN_POINT('',(0.405506914013,11.015560002575));
#1209 = CARTESIAN_POINT('',(0.40559304529,11.074464792769));
#1210 = CARTESIAN_POINT('',(0.405678149106,11.133369631041));
#1211 = CARTESIAN_POINT('',(0.405761271691,11.192276946024));
#1212 = CARTESIAN_POINT('',(0.405841313991,11.251186338382));
#1213 = CARTESIAN_POINT('',(0.406028408745,11.395985954224));
#1214 = CARTESIAN_POINT('',(0.406131059565,11.481907936503));
#1215 = CARTESIAN_POINT('',(0.406222649638,11.567816402662));
#1216 = CARTESIAN_POINT('',(0.406301121711,11.653713025884));
#1217 = CARTESIAN_POINT('',(0.406367127238,11.739609803423));
#1218 = CARTESIAN_POINT('',(0.406423695547,11.825518756429));
#1219 = CARTESIAN_POINT('',(0.406474666901,11.91144159188));
#1220 = CARTESIAN_POINT('',(0.406567233862,12.075872715519));
#1221 = CARTESIAN_POINT('',(0.406609283943,12.154425584735));
#1222 = CARTESIAN_POINT('',(0.406651479693,12.23297058199));
#1223 = CARTESIAN_POINT('',(0.406695661637,12.311505892791));
#1224 = CARTESIAN_POINT('',(0.406742234631,12.39004124167));
#1225 = CARTESIAN_POINT('',(0.406789937132,12.468586336953));
#1226 = CARTESIAN_POINT('',(0.406836348399,12.547139325052));
#1227 = CARTESIAN_POINT('',(0.406910778227,12.683761657892));
#1228 = CARTESIAN_POINT('',(0.406940485247,12.741851999034));
#1229 = CARTESIAN_POINT('',(0.406967136733,12.799940691705));
#1230 = CARTESIAN_POINT('',(0.4069899104,12.858027296901));
#1231 = CARTESIAN_POINT('',(0.407008106396,12.91611391979));
#1232 = CARTESIAN_POINT('',(0.407021185506,12.974202621632));
#1233 = CARTESIAN_POINT('',(0.407029018795,13.032292846435));
#1234 = CARTESIAN_POINT('',(0.407032348662,13.090378862358));
#1235 = ( GEOMETRIC_REPRESENTATION_CONTEXT(2) 
PARAMETRIC_REPRESENTATION_CONTEXT() REPRESENTATION_CONTEXT('2D SPACE',''
  ) );
#1236 = PCURVE('',#167,#1237);
#1237 = DEFINITIONAL_REPRESENTATION('',(#1238),#1332);
#1238 = B_SPLINE_CURVE_WITH_KNOTS('',8,(#1239,#1240,#1241,#1242,#1243,
    #1244,#1245,#1246,#1247,#1248,#1249,#1250,#1251,#1252,#1253,#1254,
    #1255,#1256,#1257,#1258,#1259,#1260,#1261,#1262,#1263,#1264,#1265,
    #1266,#1267,#1268,#1269,#1270,#1271,#1272,#1273,#1274,#1275,#1276,
    #1277,#1278,#1279,#1280,#1281,#1282,#1283,#1284,#1285,#1286,#1287,
    #1288,#1289,#1290,#1291,#1292,#1293,#1294,#1295,#1296,#1297,#1298,
    #1299,#1300,#1301,#1302,#1303,#1304,#1305,#1306,#1307,#1308,#1309,
    #1310,#1311,#1312,#1313,#1314,#1315,#1316,#1317,#1318,#1319,#1320,
    #1321,#1322,#1323,#1324,#1325,#1326,#1327,#1328,#1329,#1330,#1331),
  .UNSPECIFIED.,.F.,.F.,(9,7,7,7,7,7,7,7,7,7,7,7,7,9),(0.,
    6.505313838471E-02,0.182033591486,0.257032068718,0.311033096317,
    0.410024664872,0.494021725236,0.551022857632,0.608021736191,
    0.656021644745,0.728021536377,0.83300958142,0.929002289359,1.),
  .UNSPECIFIED.);
#1239 = CARTESIAN_POINT('',(0.,2.974919979073));
#1240 = CARTESIAN_POINT('',(5.108839169085E-02,2.99080903758));
#1241 = CARTESIAN_POINT('',(0.102179363174,3.006694202108));
#1242 = CARTESIAN_POINT('',(0.153269331595,3.022574144064));
#1243 = CARTESIAN_POINT('',(0.204357977326,3.038448782755));
#1244 = CARTESIAN_POINT('',(0.255446622147,3.054318809474));
#1245 = CARTESIAN_POINT('',(0.306536610894,3.070185155423));
#1246 = CARTESIAN_POINT('',(0.357627696577,3.086048403487));
#1247 = CARTESIAN_POINT('',(0.5005856794,3.130427592083));
#1248 = CARTESIAN_POINT('',(0.592499978526,3.158952048756));
#1249 = CARTESIAN_POINT('',(0.684390079888,3.187463878525));
#1250 = CARTESIAN_POINT('',(0.776261423127,3.215968862943));
#1251 = CARTESIAN_POINT('',(0.868132766995,3.244474956491));
#1252 = CARTESIAN_POINT('',(0.960022884503,3.272985981228));
#1253 = CARTESIAN_POINT('',(1.051937250859,3.301499867825));
#1254 = CARTESIAN_POINT('',(1.20270595492,3.348258342025));
#1255 = CARTESIAN_POINT('',(1.2616101646,3.366523184405));
#1256 = CARTESIAN_POINT('',(1.320512221783,3.384783105834));
#1257 = CARTESIAN_POINT('',(1.379411588175,3.403037043446));
#1258 = CARTESIAN_POINT('',(1.438310989955,3.421285246874));
#1259 = CARTESIAN_POINT('',(1.497213151302,3.439528412651));
#1260 = CARTESIAN_POINT('',(1.556117528097,3.457766678277));
#1261 = CARTESIAN_POINT('',(1.657426359781,3.489125886642));
#1262 = CARTESIAN_POINT('',(1.699836657444,3.502251027456));
#1263 = CARTESIAN_POINT('',(1.742246543073,3.515373694404));
#1264 = CARTESIAN_POINT('',(1.784655907755,3.528494168023));
#1265 = CARTESIAN_POINT('',(1.827065283929,3.541612970466));
#1266 = CARTESIAN_POINT('',(1.869475203921,3.554730620804));
#1267 = CARTESIAN_POINT('',(1.91188555851,3.567847388563));
#1268 = CARTESIAN_POINT('',(2.032037415553,3.605005911157));
#1269 = CARTESIAN_POINT('',(2.109799133993,3.62905197037));
#1270 = CARTESIAN_POINT('',(2.187552286696,3.653093983434));
#1271 = CARTESIAN_POINT('',(2.265294736349,3.677131395524));
#1272 = CARTESIAN_POINT('',(2.343037195586,3.701165826842));
#1273 = CARTESIAN_POINT('',(2.420790384956,3.725197692979));
#1274 = CARTESIAN_POINT('',(2.498552185733,3.749223955476));
#1275 = CARTESIAN_POINT('',(2.642261516972,3.79361273151));
#1276 = CARTESIAN_POINT('',(2.708236847307,3.813985734356));
#1277 = CARTESIAN_POINT('',(2.774208394654,3.834353059659));
#1278 = CARTESIAN_POINT('',(2.840175207911,3.854715395153));
#1279 = CARTESIAN_POINT('',(2.906142034854,3.875077935879));
#1280 = CARTESIAN_POINT('',(2.972113612508,3.895446928681));
#1281 = CARTESIAN_POINT('',(3.038088981784,3.915821893103));
#1282 = CARTESIAN_POINT('',(3.148821498299,3.950001094069));
#1283 = CARTESIAN_POINT('',(3.193588446837,3.963815259241));
#1284 = CARTESIAN_POINT('',(3.238354961651,3.97760761867));
#1285 = CARTESIAN_POINT('',(3.283120697425,3.991418899006));
#1286 = CARTESIAN_POINT('',(3.327886503675,4.00521660059));
#1287 = CARTESIAN_POINT('',(3.37265291855,4.019024258834));
#1288 = CARTESIAN_POINT('',(3.417419926315,4.032830306809));
#1289 = CARTESIAN_POINT('',(3.506949617513,4.060442281717));
#1290 = CARTESIAN_POINT('',(3.551714830395,4.074248567283));
#1291 = CARTESIAN_POINT('',(3.596479483519,4.088054073014));
#1292 = CARTESIAN_POINT('',(3.641243443332,4.101857896336));
#1293 = CARTESIAN_POINT('',(3.686007414026,4.115659635066));
#1294 = CARTESIAN_POINT('',(3.730772097735,4.129459260146));
#1295 = CARTESIAN_POINT('',(3.775537355694,4.143256809039));
#1296 = CARTESIAN_POINT('',(3.857998052567,4.168669024773));
#1297 = CARTESIAN_POINT('',(3.895695281196,4.180284850813));
#1298 = CARTESIAN_POINT('',(3.933392281597,4.191899258159));
#1299 = CARTESIAN_POINT('',(3.971088993215,4.203512433466));
#1300 = CARTESIAN_POINT('',(4.008785712545,4.215124702084));
#1301 = CARTESIAN_POINT('',(4.046482736008,4.226736373922));
#1302 = CARTESIAN_POINT('',(4.084180002761,4.238347602905));
#1303 = CARTESIAN_POINT('',(4.178421862064,4.267374252681));
#1304 = CARTESIAN_POINT('',(4.234970998367,4.284790559308));
#1305 = CARTESIAN_POINT('',(4.291518359615,4.302205791394));
#1306 = CARTESIAN_POINT('',(4.348063500009,4.319619850676));
#1307 = CARTESIAN_POINT('',(4.404608645149,4.3370331103));
#1308 = CARTESIAN_POINT('',(4.461156022194,4.354445679421));
#1309 = CARTESIAN_POINT('',(4.517705189704,4.371856751236));
#1310 = CARTESIAN_POINT('',(4.656702819609,4.414646803747));
#1311 = CARTESIAN_POINT('',(4.739181520898,4.440032196301));
#1312 = CARTESIAN_POINT('',(4.821646726187,4.4654063487));
#1313 = CARTESIAN_POINT('',(4.904100181055,4.490768543116));
#1314 = CARTESIAN_POINT('',(4.986553679606,4.516122837727));
#1315 = CARTESIAN_POINT('',(5.069019009984,4.541474758876));
#1316 = CARTESIAN_POINT('',(5.151497902043,4.566827226533));
#1317 = CARTESIAN_POINT('',(5.30933876559,4.615341192935));
#1318 = CARTESIAN_POINT('',(5.384743491319,4.638516121878));
#1319 = CARTESIAN_POINT('',(5.460140852024,4.661688763742));
#1320 = CARTESIAN_POINT('',(5.535529006512,4.684859688022));
#1321 = CARTESIAN_POINT('',(5.610917154114,4.70803197084));
#1322 = CARTESIAN_POINT('',(5.686314498466,4.731207673455));
#1323 = CARTESIAN_POINT('',(5.761719210407,4.75438476978));
#1324 = CARTESIAN_POINT('',(5.892865668695,4.794691235306));
#1325 = CARTESIAN_POINT('',(5.94862763842,4.811827840425));
#1326 = CARTESIAN_POINT('',(6.004387959995,4.828962127881));
#1327 = CARTESIAN_POINT('',(6.060146247384,4.846093386103));
#1328 = CARTESIAN_POINT('',(6.115904580433,4.863221796326));
#1329 = CARTESIAN_POINT('',(6.171665014016,4.880347761346));
#1330 = CARTESIAN_POINT('',(6.227427083592,4.89747116905));
#1331 = CARTESIAN_POINT('',(6.28318530718,4.914590590716));
#1332 = ( GEOMETRIC_REPRESENTATION_CONTEXT(2) 
PARAMETRIC_REPRESENTATION_CONTEXT() REPRESENTATION_CONTEXT('2D SPACE',''
  ) );
#1333 = ADVANCED_FACE('',(#1334),#167,.T.);
#1334 = FACE_BOUND('',#1335,.T.);
#1335 = EDGE_LOOP('',(#1336,#1566,#1587,#1588));
#1336 = ORIENTED_EDGE('',*,*,#1337,.F.);
#1337 = EDGE_CURVE('',#1338,#61,#1340,.T.);
#1338 = VERTEX_POINT('',#1339);
#1339 = CARTESIAN_POINT('',(-2.449293598295E-15,0.529156659946,10.));
#1340 = SURFACE_CURVE('',#1341,(#1414,#1490),.PCURVE_S1.);
#1341 = B_SPLINE_CURVE_WITH_KNOTS('',8,(#1342,#1343,#1344,#1345,#1346,
    #1347,#1348,#1349,#1350,#1351,#1352,#1353,#1354,#1355,#1356,#1357,
    #1358,#1359,#1360,#1361,#1362,#1363,#1364,#1365,#1366,#1367,#1368,
    #1369,#1370,#1371,#1372,#1373,#1374,#1375,#1376,#1377,#1378,#1379,
    #1380,#1381,#1382,#1383,#1384,#1385,#1386,#1387,#1388,#1389,#1390,
    #1391,#1392,#1393,#1394,#1395,#1396,#1397,#1398,#1399,#1400,#1401,
    #1402,#1403,#1404,#1405,#1406,#1407,#1408,#1409,#1410,#1411,#1412,
    #1413),.UNSPECIFIED.,.F.,.F.,(9,7,7,7,7,7,7,7,7,7,9),(0.,
    6.120220152192E-02,0.160215441465,0.20822572983,0.256237421933,
    0.349251863983,0.511183688196,0.631186494635,0.721200772235,
    0.859184980477,1.),.UNSPECIFIED.);
#1342 = CARTESIAN_POINT('',(3.552713678801E-15,0.529156659946,10.));
#1343 = CARTESIAN_POINT('',(0.480552945011,0.543638343973,10.));
#1344 = CARTESIAN_POINT('',(0.961125205129,0.558120231872,9.973607853441
    ));
#1345 = CARTESIAN_POINT('',(1.439998363697,0.572601444118,9.920819951627
    ));
#1346 = CARTESIAN_POINT('',(1.915479604325,0.587081758195,9.841770740747
    ));
#1347 = CARTESIAN_POINT('',(2.385900266624,0.601561273937,9.736721348809
    ));
#1348 = CARTESIAN_POINT('',(2.849615832782,0.616040086572,9.606055621298
    ));
#1349 = CARTESIAN_POINT('',(3.305007344971,0.630517967452,9.450283565562
    ));
#1350 = CARTESIAN_POINT('',(4.471179113357,0.668413538104,8.978472969666
    ));
#1351 = CARTESIAN_POINT('',(5.166149406383,0.691835502831,8.622784820974
    ));
#1352 = CARTESIAN_POINT('',(5.828459218063,0.71525107428,8.205732656386)
  );
#1353 = CARTESIAN_POINT('',(6.451831551827,0.73865966138,7.730897649496)
  );
#1354 = CARTESIAN_POINT('',(7.030535264975,0.762065352339,7.202538418408
    ));
#1355 = CARTESIAN_POINT('',(7.559355045118,0.78547274855,6.625531677461)
  );
#1356 = CARTESIAN_POINT('',(8.033644427229,0.808882234462,6.005412371249
    ));
#1357 = CARTESIAN_POINT('',(8.651086547652,0.843632239751,5.029991098434
    ));
#1358 = CARTESIAN_POINT('',(8.83899134918,0.85497967289,4.702777804369)
  );
#1359 = CARTESIAN_POINT('',(9.012734758916,0.866326674618,4.367569377214
    ));
#1360 = CARTESIAN_POINT('',(9.171922410228,0.87767309069,4.025082836593)
  );
#1361 = CARTESIAN_POINT('',(9.316204690047,0.88901877768,3.676055023566)
  );
#1362 = CARTESIAN_POINT('',(9.445275991088,0.900363517431,3.321242089677
    ));
#1363 = CARTESIAN_POINT('',(9.558875593055,0.911706989111,2.961419704764
    ));
#1364 = CARTESIAN_POINT('',(9.754707615461,0.934390940176,2.233337618525
    ));
#1365 = CARTESIAN_POINT('',(9.836941921519,0.945731695072,1.865067269364
    ));
#1366 = CARTESIAN_POINT('',(9.903278200913,0.957071104939,1.493368617368
    ));
#1367 = CARTESIAN_POINT('',(9.953552829527,0.968407345059,1.119043821611
    ));
#1368 = CARTESIAN_POINT('',(9.987650829563,0.979745557814,0.742900091369
    ));
#1369 = CARTESIAN_POINT('',(10.005504918754,0.991078201619,
    0.365750527364));
#1370 = CARTESIAN_POINT('',(10.007096654322,1.002418456981,
    -1.158611669142E-02));
#1371 = CARTESIAN_POINT('',(9.964100530505,1.035728133259,
    -1.118080010108));
#1372 = CARTESIAN_POINT('',(9.874821895641,1.057704790214,
    -1.845650560254));
#1373 = CARTESIAN_POINT('',(9.724822403924,1.079671122799,
    -2.564847786111));
#1374 = CARTESIAN_POINT('',(9.515077752969,1.101627544263,
    -3.269765964339));
#1375 = CARTESIAN_POINT('',(9.247209342599,1.123580551619,
    -3.954710524268));
#1376 = CARTESIAN_POINT('',(8.923438567855,1.145534960255,
    -4.614193198101));
#1377 = CARTESIAN_POINT('',(8.546625915644,1.1674901322,-5.24295613108)
  );
#1378 = CARTESIAN_POINT('',(7.378355564044,1.227653771409,
    -6.868517475105));
#1379 = CARTESIAN_POINT('',(6.48494789129,1.265932820137,-7.795036871756
    ));
#1380 = CARTESIAN_POINT('',(5.459701767239,1.304166101824,
    -8.586447621735));
#1381 = CARTESIAN_POINT('',(4.327251303634,1.342364106166,
    -9.222447889725));
#1382 = CARTESIAN_POINT('',(3.114318306662,1.380544521301,
    -9.686922000805));
#1383 = CARTESIAN_POINT('',(1.850376219492,1.418740921584,
    -9.969617276497));
#1384 = CARTESIAN_POINT('',(0.566784380956,1.456978561014,
    -10.06456291353));
#1385 = CARTESIAN_POINT('',(-1.641503228116,1.523434042492,
    -9.909254166844));
#1386 = CARTESIAN_POINT('',(-2.574830765251,1.551735509764,
    -9.741893874112));
#1387 = CARTESIAN_POINT('',(-3.488029416833,1.580028852066,
    -9.474037777591));
#1388 = CARTESIAN_POINT('',(-4.368563888677,1.608314842985,
    -9.108774647279));
#1389 = CARTESIAN_POINT('',(-5.204616762724,1.636596675189,
    -8.650763439081));
#1390 = CARTESIAN_POINT('',(-5.985157052645,1.664877657132,
    -8.106303030354));
#1391 = CARTESIAN_POINT('',(-6.699928821293,1.693158687418,
    -7.48323513303));
#1392 = CARTESIAN_POINT('',(-7.819902816913,1.742612808251,
    -6.272852067485));
#1393 = CARTESIAN_POINT('',(-8.258107370414,1.763808262749,
    -5.715211258059));
#1394 = CARTESIAN_POINT('',(-8.650687088288,1.784997814576,
    -5.122767747571));
#1395 = CARTESIAN_POINT('',(-8.994463886606,1.806181773323,
    -4.499915210558));
#1396 = CARTESIAN_POINT('',(-9.286789510516,1.8273632107,-3.851321590504
    ));
#1397 = CARTESIAN_POINT('',(-9.525516143704,1.848545278445,
    -3.181905204347));
#1398 = CARTESIAN_POINT('',(-9.709033154069,1.869728487653,
    -2.496843936723));
#1399 = CARTESIAN_POINT('',(-10.03156645969,1.923374257647,
    -0.735894744439));
#1400 = CARTESIAN_POINT('',(-10.09498606348,1.955870894318,
    0.355005152207));
#1401 = CARTESIAN_POINT('',(-10.02241225127,1.988351000749,1.45050377036
    ));
#1402 = CARTESIAN_POINT('',(-9.814328011903,2.020819666734,
    2.530923750497));
#1403 = CARTESIAN_POINT('',(-9.473970337089,2.053282726345,
    3.577233459188));
#1404 = CARTESIAN_POINT('',(-9.007709267415,2.085745856912,
    4.571209049031));
#1405 = CARTESIAN_POINT('',(-8.424637982955,2.118217233202,
    5.495393154199));
#1406 = CARTESIAN_POINT('',(-7.038081438088,2.183752410688,
    7.189432511547));
#1407 = CARTESIAN_POINT('',(-6.228926474113,2.216880412273,
    7.957434732943));
#1408 = CARTESIAN_POINT('',(-5.324736513629,2.249986466368,
    8.620171486643));
#1409 = CARTESIAN_POINT('',(-4.341871803412,2.283082927582,
    9.164590454383));
#1410 = CARTESIAN_POINT('',(-3.298051058927,2.316185050908,
    9.580346090663));
#1411 = CARTESIAN_POINT('',(-2.212501658455,2.349289758306,
    9.860281236989));
#1412 = CARTESIAN_POINT('',(-1.105683095686,2.382355128582,10.));
#1413 = CARTESIAN_POINT('',(-7.105427357601E-15,2.415420031787,10.));
#1414 = PCURVE('',#167,#1415);
#1415 = DEFINITIONAL_REPRESENTATION('',(#1416),#1489);
#1416 = B_SPLINE_CURVE_WITH_KNOTS('',8,(#1417,#1418,#1419,#1420,#1421,
    #1422,#1423,#1424,#1425,#1426,#1427,#1428,#1429,#1430,#1431,#1432,
    #1433,#1434,#1435,#1436,#1437,#1438,#1439,#1440,#1441,#1442,#1443,
    #1444,#1445,#1446,#1447,#1448,#1449,#1450,#1451,#1452,#1453,#1454,
    #1455,#1456,#1457,#1458,#1459,#1460,#1461,#1462,#1463,#1464,#1465,
    #1466,#1467,#1468,#1469,#1470,#1471,#1472,#1473,#1474,#1475,#1476,
    #1477,#1478,#1479,#1480,#1481,#1482,#1483,#1484,#1485,#1486,#1487,
    #1488),.UNSPECIFIED.,.F.,.F.,(9,7,7,7,7,7,7,7,7,7,9),(0.,
    6.120220152192E-02,0.160215441465,0.20822572983,0.256237421933,
    0.349251863983,0.511183688196,0.631186494635,0.721200772235,
    0.859184980477,1.),.UNSPECIFIED.);
#1417 = CARTESIAN_POINT('',(0.,4.529156659946));
#1418 = CARTESIAN_POINT('',(4.805529450106E-02,4.543638343973));
#1419 = CARTESIAN_POINT('',(9.611250452074E-02,4.558120231872));
#1420 = CARTESIAN_POINT('',(0.144168966192,4.572601444118));
#1421 = CARTESIAN_POINT('',(0.192224433676,4.587081758195));
#1422 = CARTESIAN_POINT('',(0.240279879797,4.601561273937));
#1423 = CARTESIAN_POINT('',(0.288336300287,4.616040086572));
#1424 = CARTESIAN_POINT('',(0.336393521617,4.630517967452));
#1425 = CARTESIAN_POINT('',(0.462193435439,4.668413538104));
#1426 = CARTESIAN_POINT('',(0.53995712829,4.691835502831));
#1427 = CARTESIAN_POINT('',(0.617712267147,4.71525107428));
#1428 = CARTESIAN_POINT('',(0.695456712092,4.73865966138));
#1429 = CARTESIAN_POINT('',(0.773201164179,4.762065352339));
#1430 = CARTESIAN_POINT('',(0.850956324488,4.78547274855));
#1431 = CARTESIAN_POINT('',(0.928720055183,4.808882234462));
#1432 = CARTESIAN_POINT('',(1.044161877393,4.843632239751));
#1433 = CARTESIAN_POINT('',(1.08185975017,4.85497967289));
#1434 = CARTESIAN_POINT('',(1.119557387819,4.866326674618));
#1435 = CARTESIAN_POINT('',(1.157254732365,4.87767309069));
#1436 = CARTESIAN_POINT('',(1.194952083696,4.88901877768));
#1437 = CARTESIAN_POINT('',(1.232649741953,4.900363517431));
#1438 = CARTESIAN_POINT('',(1.270347649566,4.911706989111));
#1439 = CARTESIAN_POINT('',(1.345743518505,4.934390940176));
#1440 = CARTESIAN_POINT('',(1.383442554064,4.945731695072));
#1441 = CARTESIAN_POINT('',(1.421141360823,4.957071104939));
#1442 = CARTESIAN_POINT('',(1.458839875697,4.968407345059));
#1443 = CARTESIAN_POINT('',(1.49653841472,4.979745557814));
#1444 = CARTESIAN_POINT('',(1.534237244487,4.991078201619));
#1445 = CARTESIAN_POINT('',(1.571936272771,5.002418456981));
#1446 = CARTESIAN_POINT('',(1.68266916774,5.035728133259));
#1447 = CARTESIAN_POINT('',(1.755717723747,5.057704790214));
#1448 = CARTESIAN_POINT('',(1.828760016178,5.079671122799));
#1449 = CARTESIAN_POINT('',(1.90179446159,5.101627544263));
#1450 = CARTESIAN_POINT('',(1.974828911877,5.123580551619));
#1451 = CARTESIAN_POINT('',(2.047871231329,5.145534960255));
#1452 = CARTESIAN_POINT('',(2.120919856193,5.1674901322));
#1453 = CARTESIAN_POINT('',(2.321102405323,5.227653771409));
#1454 = CARTESIAN_POINT('',(2.44847819572,5.265932820137));
#1455 = CARTESIAN_POINT('',(2.57571418838,5.304166101824));
#1456 = CARTESIAN_POINT('',(2.702880229776,5.342364106165));
#1457 = CARTESIAN_POINT('',(2.830046344091,5.380544521301));
#1458 = CARTESIAN_POINT('',(2.957282538839,5.418740921584));
#1459 = CARTESIAN_POINT('',(3.084658599318,5.456978561014));
#1460 = CARTESIAN_POINT('',(3.306032829326,5.523434042492));
#1461 = CARTESIAN_POINT('',(3.400309699385,5.551735509764));
#1462 = CARTESIAN_POINT('',(3.494558861372,5.580028852067));
#1463 = CARTESIAN_POINT('',(3.58878708586,5.608314842984));
#1464 = CARTESIAN_POINT('',(3.683015338225,5.636596675189));
#1465 = CARTESIAN_POINT('',(3.777264581375,5.664877657132));
#1466 = CARTESIAN_POINT('',(3.871541581413,5.693158687418));
#1467 = CARTESIAN_POINT('',(4.036446672791,5.742612808251));
#1468 = CARTESIAN_POINT('',(4.107137813137,5.763808262749));
#1469 = CARTESIAN_POINT('',(4.177823616155,5.784997814576));
#1470 = CARTESIAN_POINT('',(4.248502740645,5.806181773323));
#1471 = CARTESIAN_POINT('',(4.319181877723,5.8273632107));
#1472 = CARTESIAN_POINT('',(4.38986771886,5.848545278445));
#1473 = CARTESIAN_POINT('',(4.460558923814,5.869728487653));
#1474 = CARTESIAN_POINT('',(4.639583218005,5.923374257647));
#1475 = CARTESIAN_POINT('',(4.748030563213,5.955870894319));
#1476 = CARTESIAN_POINT('',(4.856419479429,5.988351000749));
#1477 = CARTESIAN_POINT('',(4.964770718094,6.020819666734));
#1478 = CARTESIAN_POINT('',(5.073121996407,6.053282726345));
#1479 = CARTESIAN_POINT('',(5.181511027742,6.085745856912));
#1480 = CARTESIAN_POINT('',(5.289958539794,6.118217233202));
#1481 = CARTESIAN_POINT('',(5.508871956386,6.183752410688));
#1482 = CARTESIAN_POINT('',(5.619553170784,6.216880412273));
#1483 = CARTESIAN_POINT('',(5.730169177643,6.249986466369));
#1484 = CARTESIAN_POINT('',(5.840744234191,6.283082927581));
#1485 = CARTESIAN_POINT('',(5.951319314531,6.316185050909));
#1486 = CARTESIAN_POINT('',(6.061935361221,6.349289758306));
#1487 = CARTESIAN_POINT('',(6.172616997611,6.382355128582));
#1488 = CARTESIAN_POINT('',(6.28318530718,6.415420031787));
#1489 = ( GEOMETRIC_REPRESENTATION_CONTEXT(2) 
PARAMETRIC_REPRESENTATION_CONTEXT() REPRESENTATION_CONTEXT('2D SPACE',''
  ) );
#1490 = PCURVE('',#74,#1491);
#1491 = DEFINITIONAL_REPRESENTATION('',(#1492),#1565);
#1492 = B_SPLINE_CURVE_WITH_KNOTS('',8,(#1493,#1494,#1495,#1496,#1497,
    #1498,#1499,#1500,#1501,#1502,#1503,#1504,#1505,#1506,#1507,#1508,
    #1509,#1510,#1511,#1512,#1513,#1514,#1515,#1516,#1517,#1518,#1519,
    #1520,#1521,#1522,#1523,#1524,#1525,#1526,#1527,#1528,#1529,#1530,
    #1531,#1532,#1533,#1534,#1535,#1536,#1537,#1538,#1539,#1540,#1541,
    #1542,#1543,#1544,#1545,#1546,#1547,#1548,#1549,#1550,#1551,#1552,
    #1553,#1554,#1555,#1556,#1557,#1558,#1559,#1560,#1561,#1562,#1563,
    #1564),.UNSPECIFIED.,.F.,.F.,(9,7,7,7,7,7,7,7,7,7,9),(0.,
    6.120220152192E-02,0.160215441465,0.20822572983,0.256237421933,
    0.349251863983,0.511183688196,0.631186494635,0.721200772235,
    0.859184980477,1.),.UNSPECIFIED.);
#1493 = CARTESIAN_POINT('',(0.888116138694,13.089151967562));
#1494 = CARTESIAN_POINT('',(0.887444770434,13.139212606257));
#1495 = CARTESIAN_POINT('',(0.886775319919,13.189275090448));
#1496 = CARTESIAN_POINT('',(0.886107622374,13.239336621799));
#1497 = CARTESIAN_POINT('',(0.88544129509,13.289396934205));
#1498 = CARTESIAN_POINT('',(0.884775822657,13.339457053582));
#1499 = CARTESIAN_POINT('',(0.884110656874,13.389518054982));
#1500 = CARTESIAN_POINT('',(0.883445331325,13.439579817033));
#1501 = CARTESIAN_POINT('',(0.881702551894,13.570627031932));
#1502 = CARTESIAN_POINT('',(0.880624120473,13.651634365754));
#1503 = CARTESIAN_POINT('',(0.879543316408,13.732633048562));
#1504 = CARTESIAN_POINT('',(0.878460090813,13.813621292121));
#1505 = CARTESIAN_POINT('',(0.877376183607,13.894610548922));
#1506 = CARTESIAN_POINT('',(0.876294654464,13.975611951394));
#1507 = CARTESIAN_POINT('',(0.875218086975,14.056622887967));
#1508 = CARTESIAN_POINT('',(0.87362536548,14.176885160977));
#1509 = CARTESIAN_POINT('',(0.873106139608,14.216157154187));
#1510 = CARTESIAN_POINT('',(0.872587664748,14.255428819613));
#1511 = CARTESIAN_POINT('',(0.872069671211,14.294700016893));
#1512 = CARTESIAN_POINT('',(0.871551669409,14.333970978622));
#1513 = CARTESIAN_POINT('',(0.871032999549,14.373241952592));
#1514 = CARTESIAN_POINT('',(0.870513004903,14.412512848922));
#1515 = CARTESIAN_POINT('',(0.86946963716,14.491054083448));
#1516 = CARTESIAN_POINT('',(0.868946024915,14.530325721679));
#1517 = CARTESIAN_POINT('',(0.868421897757,14.569595810494));
#1518 = CARTESIAN_POINT('',(0.86789083932,14.608868011725));
#1519 = CARTESIAN_POINT('',(0.867368001971,14.648136607978));
#1520 = CARTESIAN_POINT('',(0.866832348345,14.687408316522));
#1521 = CARTESIAN_POINT('',(0.866314399161,14.726681025838));
#1522 = CARTESIAN_POINT('',(0.864799564886,14.84203306382));
#1523 = CARTESIAN_POINT('',(0.863813229712,14.918126836386));
#1524 = CARTESIAN_POINT('',(0.862813025544,14.994214898767));
#1525 = CARTESIAN_POINT('',(0.861800635754,15.070296520773));
#1526 = CARTESIAN_POINT('',(0.860785405583,15.146379694774));
#1527 = CARTESIAN_POINT('',(0.859772960309,15.222471927674));
#1528 = CARTESIAN_POINT('',(0.858763112862,15.29857088225));
#1529 = CARTESIAN_POINT('',(0.856005592821,15.507111917629));
#1530 = CARTESIAN_POINT('',(0.854261019389,15.639805451834));
#1531 = CARTESIAN_POINT('',(0.852527985478,15.772350291903));
#1532 = CARTESIAN_POINT('',(0.850782817274,15.904818652418));
#1533 = CARTESIAN_POINT('',(0.849016827149,16.037287533208));
#1534 = CARTESIAN_POINT('',(0.847254202359,16.169830998332));
#1535 = CARTESIAN_POINT('',(0.845502282232,16.302521620341));
#1536 = CARTESIAN_POINT('',(0.842482000462,16.53313373082));
#1537 = CARTESIAN_POINT('',(0.841203441837,16.63134518857));
#1538 = CARTESIAN_POINT('',(0.839933316733,16.729527968047));
#1539 = CARTESIAN_POINT('',(0.838669018852,16.827688727387));
#1540 = CARTESIAN_POINT('',(0.837404165367,16.92584901817));
#1541 = CARTESIAN_POINT('',(0.836132721194,17.024030787448));
#1542 = CARTESIAN_POINT('',(0.83485247005,17.122241327013));
#1543 = CARTESIAN_POINT('',(0.832599721625,17.294026895853));
#1544 = CARTESIAN_POINT('',(0.831629728138,17.367667578388));
#1545 = CARTESIAN_POINT('',(0.830655769921,17.441302820313));
#1546 = CARTESIAN_POINT('',(0.829679243283,17.514931303054));
#1547 = CARTESIAN_POINT('',(0.828702102477,17.588560010113));
#1548 = CARTESIAN_POINT('',(0.827726442955,17.662195841393));
#1549 = CARTESIAN_POINT('',(0.826754015706,17.735837268083));
#1550 = CARTESIAN_POINT('',(0.824301285415,17.922332635779));
#1551 = CARTESIAN_POINT('',(0.82282475728,18.035305434854));
#1552 = CARTESIAN_POINT('',(0.821360737536,18.148216592349));
#1553 = CARTESIAN_POINT('',(0.81990671962,18.261087277255));
#1554 = CARTESIAN_POINT('',(0.818451842796,18.373956675118));
#1555 = CARTESIAN_POINT('',(0.816985067703,18.48686539566));
#1556 = CARTESIAN_POINT('',(0.815509224442,18.599836336978));
#1557 = CARTESIAN_POINT('',(0.812525145485,18.827884027817));
#1558 = CARTESIAN_POINT('',(0.811013852649,18.943185129889));
#1559 = CARTESIAN_POINT('',(0.809507459248,19.058420365589));
#1560 = CARTESIAN_POINT('',(0.8080148203,19.173614039883));
#1561 = CARTESIAN_POINT('',(0.806541754281,19.288806825989));
#1562 = CARTESIAN_POINT('',(0.805061614916,19.404035531831));
#1563 = CARTESIAN_POINT('',(0.803492031861,19.519327932335));
#1564 = CARTESIAN_POINT('',(0.801987005786,19.634508759922));
#1565 = ( GEOMETRIC_REPRESENTATION_CONTEXT(2) 
PARAMETRIC_REPRESENTATION_CONTEXT() REPRESENTATION_CONTEXT('2D SPACE',''
  ) );
#1566 = ORIENTED_EDGE('',*,*,#1567,.F.);
#1567 = EDGE_CURVE('',#699,#1338,#1568,.T.);
#1568 = SURFACE_CURVE('',#1569,(#1573,#1580),.PCURVE_S1.);
#1569 = LINE('',#1570,#1571);
#1570 = CARTESIAN_POINT('',(-2.449293598295E-15,-4.,10.));
#1571 = VECTOR('',#1572,1.);
#1572 = DIRECTION('',(0.,1.,0.));
#1573 = PCURVE('',#167,#1574);
#1574 = DEFINITIONAL_REPRESENTATION('',(#1575),#1579);
#1575 = LINE('',#1576,#1577);
#1576 = CARTESIAN_POINT('',(0.,-0.));
#1577 = VECTOR('',#1578,1.);
#1578 = DIRECTION('',(0.,1.));
#1579 = ( GEOMETRIC_REPRESENTATION_CONTEXT(2) 
PARAMETRIC_REPRESENTATION_CONTEXT() REPRESENTATION_CONTEXT('2D SPACE',''
  ) );
#1580 = PCURVE('',#872,#1581);
#1581 = DEFINITIONAL_REPRESENTATION('',(#1582),#1586);
#1582 = LINE('',#1583,#1584);
#1583 = CARTESIAN_POINT('',(6.28318530718,-0.));
#1584 = VECTOR('',#1585,1.);
#1585 = DIRECTION('',(0.,1.));
#1586 = ( GEOMETRIC_REPRESENTATION_CONTEXT(2) 
PARAMETRIC_REPRESENTATION_CONTEXT() REPRESENTATION_CONTEXT('2D SPACE',''
  ) );
#1587 = ORIENTED_EDGE('',*,*,#1043,.T.);
#1588 = ORIENTED_EDGE('',*,*,#151,.T.);
#1589 = ADVANCED_FACE('',(#1590),#74,.T.);
#1590 = FACE_BOUND('',#1591,.T.);
#1591 = EDGE_LOOP('',(#1592,#1646,#1667,#1981,#2293,#2294,#2295));
#1592 = ORIENTED_EDGE('',*,*,#1593,.F.);
#1593 = EDGE_CURVE('',#1594,#581,#1596,.T.);
#1594 = VERTEX_POINT('',#1595);
#1595 = CARTESIAN_POINT('',(1.650835932928E-02,-3.289747602192,
    8.916461709275));
#1596 = SURFACE_CURVE('',#1597,(#1633,#1639),.PCURVE_S1.);
#1597 = B_SPLINE_CURVE_WITH_KNOTS('',9,(#1598,#1599,#1600,#1601,#1602,
    #1603,#1604,#1605,#1606,#1607,#1608,#1609,#1610,#1611,#1612,#1613,
    #1614,#1615,#1616,#1617,#1618,#1619,#1620,#1621,#1622,#1623,#1624,
    #1625,#1626,#1627,#1628,#1629,#1630,#1631,#1632),.UNSPECIFIED.,.F.,
  .F.,(10,8,9,8,10),(0.,4.908893449898,9.817786899796,14.726680349694,
    19.635573799592),.UNSPECIFIED.);
#1598 = CARTESIAN_POINT('',(1.650835932928E-02,-3.289747602192,
    8.916461709275));
#1599 = CARTESIAN_POINT('',(4.685447518469,-3.147754383548,
    8.917160986355));
#1600 = CARTESIAN_POINT('',(9.361951520106,-3.005583187891,
    6.166596316892));
#1601 = CARTESIAN_POINT('',(12.181437428247,-2.863222249212,
    0.665433527609));
#1602 = CARTESIAN_POINT('',(11.339257891822,-2.720666568428,
    -6.172342263555));
#1603 = CARTESIAN_POINT('',(6.174687810169,-2.577929071094,
    -11.35984454665));
#1604 = CARTESIAN_POINT('',(-0.684413464147,-2.434974297389,
    -12.23239258525));
#1605 = CARTESIAN_POINT('',(-6.226749823538,-2.291827278425,
    -9.408610293356));
#1606 = CARTESIAN_POINT('',(-9.00695887515,-2.148467309105,
    -4.697469594319));
#1607 = CARTESIAN_POINT('',(-9.008596809328,-1.861324976669,
    4.736000820558));
#1608 = CARTESIAN_POINT('',(-6.230064949777,-1.717540795561,
    9.460999671018));
#1609 = CARTESIAN_POINT('',(-0.671153599098,-1.573543175414,
    12.312022106276));
#1610 = CARTESIAN_POINT('',(6.239058831329,-1.429318503512,
    11.461097425446));
#1611 = CARTESIAN_POINT('',(11.486335371659,-1.284879779866,
    6.243139819624));
#1612 = CARTESIAN_POINT('',(12.368895125788,-1.140206496948,
    -0.693471009569));
#1613 = CARTESIAN_POINT('',(9.514716932446,-0.995303004932,
    -6.298556240476));
#1614 = CARTESIAN_POINT('',(4.749664627752,-0.850168190276,
    -9.111066257822));
#1615 = CARTESIAN_POINT('',(-2.15563296326E-02,-0.704793068747,
    -9.111978908347));
#1616 = CARTESIAN_POINT('',(-4.792776770097,-0.559418238336,
    -9.112892012238));
#1617 = CARTESIAN_POINT('',(-9.573333164371,-0.413808555531,
    -6.302282267805));
#1618 = CARTESIAN_POINT('',(-12.45799837704,-0.267956227078,
    -0.678584822151));
#1619 = CARTESIAN_POINT('',(-11.59960046557,-0.121857102094,
    6.315068514156));
#1620 = CARTESIAN_POINT('',(-6.31830019215,2.447853971387E-02,
    11.625785512188));
#1621 = CARTESIAN_POINT('',(0.70253487504,0.17107622988,12.521657479554)
  );
#1622 = CARTESIAN_POINT('',(6.377718457933,0.317917484745,9.631983708855
    ));
#1623 = CARTESIAN_POINT('',(9.225551661494,0.46501670254,4.807839561407)
  );
#1624 = CARTESIAN_POINT('',(9.227534741079,0.759727642501,
    -4.854490085765));
#1625 = CARTESIAN_POINT('',(6.381732147419,0.907340435391,
    -9.695412574272));
#1626 = CARTESIAN_POINT('',(0.686480892018,1.055211476914,
    -12.61806653273));
#1627 = CARTESIAN_POINT('',(-6.396235471692,1.20334657852,
    -11.74837439784));
#1628 = CARTESIAN_POINT('',(-11.77767011018,1.35174182299,
    -6.400784556109));
#1629 = CARTESIAN_POINT('',(-12.68495721147,1.500404639167,
    0.712530335183));
#1630 = CARTESIAN_POINT('',(-9.758289386291,1.649335130002,
    6.462048819324));
#1631 = CARTESIAN_POINT('',(-4.870525760716,1.798532742623,
    9.347657107335));
#1632 = CARTESIAN_POINT('',(2.452937766108E-02,1.948001902816,
    9.348695630637));
#1633 = PCURVE('',#74,#1634);
#1634 = DEFINITIONAL_REPRESENTATION('',(#1635),#1638);
#1635 = B_SPLINE_CURVE_WITH_KNOTS('',1,(#1636,#1637),.UNSPECIFIED.,.F.,
  .F.,(2,2),(0.,19.635573799592),.PIECEWISE_BEZIER_KNOTS.);
#1636 = CARTESIAN_POINT('',(0.,0.));
#1637 = CARTESIAN_POINT('',(0.,19.635573799592));
#1638 = ( GEOMETRIC_REPRESENTATION_CONTEXT(2) 
PARAMETRIC_REPRESENTATION_CONTEXT() REPRESENTATION_CONTEXT('2D SPACE',''
  ) );
#1639 = PCURVE('',#594,#1640);
#1640 = DEFINITIONAL_REPRESENTATION('',(#1641),#1645);
#1641 = LINE('',#1642,#1643);
#1642 = CARTESIAN_POINT('',(1.24707658145,0.));
#1643 = VECTOR('',#1644,1.);
#1644 = DIRECTION('',(0.,1.));
#1645 = ( GEOMETRIC_REPRESENTATION_CONTEXT(2) 
PARAMETRIC_REPRESENTATION_CONTEXT() REPRESENTATION_CONTEXT('2D SPACE',''
  ) );
#1646 = ORIENTED_EDGE('',*,*,#1647,.T.);
#1647 = EDGE_CURVE('',#1594,#1648,#1650,.T.);
#1648 = VERTEX_POINT('',#1649);
#1649 = CARTESIAN_POINT('',(1.650835932955E-02,-3.289747602192,
    9.999986373694));
#1650 = SURFACE_CURVE('',#1651,(#1654,#1661),.PCURVE_S1.);
#1651 = B_SPLINE_CURVE_WITH_KNOTS('',1,(#1652,#1653),.UNSPECIFIED.,.F.,
  .F.,(2,2),(0.,1.24707658145),.PIECEWISE_BEZIER_KNOTS.);
#1652 = CARTESIAN_POINT('',(1.650835932928E-02,-3.289747602192,
    8.916461709275));
#1653 = CARTESIAN_POINT('',(1.650835932959E-02,-3.289747602192,
    10.163538290725));
#1654 = PCURVE('',#74,#1655);
#1655 = DEFINITIONAL_REPRESENTATION('',(#1656),#1660);
#1656 = LINE('',#1657,#1658);
#1657 = CARTESIAN_POINT('',(0.,0.));
#1658 = VECTOR('',#1659,1.);
#1659 = DIRECTION('',(1.,0.));
#1660 = ( GEOMETRIC_REPRESENTATION_CONTEXT(2) 
PARAMETRIC_REPRESENTATION_CONTEXT() REPRESENTATION_CONTEXT('2D SPACE',''
  ) );
#1661 = PCURVE('',#978,#1662);
#1662 = DEFINITIONAL_REPRESENTATION('',(#1663),#1666);
#1663 = B_SPLINE_CURVE_WITH_KNOTS('',1,(#1664,#1665),.UNSPECIFIED.,.F.,
  .F.,(2,2),(0.,1.24707658145),.PIECEWISE_BEZIER_KNOTS.);
#1664 = CARTESIAN_POINT('',(0.36,-0.623538290725));
#1665 = CARTESIAN_POINT('',(0.36,0.623538290725));
#1666 = ( GEOMETRIC_REPRESENTATION_CONTEXT(2) 
PARAMETRIC_REPRESENTATION_CONTEXT() REPRESENTATION_CONTEXT('2D SPACE',''
  ) );
#1667 = ORIENTED_EDGE('',*,*,#1668,.T.);
#1668 = EDGE_CURVE('',#1648,#1669,#1671,.T.);
#1669 = VERTEX_POINT('',#1670);
#1670 = CARTESIAN_POINT('',(-2.449293598295E-15,-1.371816289944,10.));
#1671 = SURFACE_CURVE('',#1672,(#1773,#1877),.PCURVE_S1.);
#1672 = B_SPLINE_CURVE_WITH_KNOTS('',8,(#1673,#1674,#1675,#1676,#1677,
    #1678,#1679,#1680,#1681,#1682,#1683,#1684,#1685,#1686,#1687,#1688,
    #1689,#1690,#1691,#1692,#1693,#1694,#1695,#1696,#1697,#1698,#1699,
    #1700,#1701,#1702,#1703,#1704,#1705,#1706,#1707,#1708,#1709,#1710,
    #1711,#1712,#1713,#1714,#1715,#1716,#1717,#1718,#1719,#1720,#1721,
    #1722,#1723,#1724,#1725,#1726,#1727,#1728,#1729,#1730,#1731,#1732,
    #1733,#1734,#1735,#1736,#1737,#1738,#1739,#1740,#1741,#1742,#1743,
    #1744,#1745,#1746,#1747,#1748,#1749,#1750,#1751,#1752,#1753,#1754,
    #1755,#1756,#1757,#1758,#1759,#1760,#1761,#1762,#1763,#1764,#1765,
    #1766,#1767,#1768,#1769,#1770,#1771,#1772),.UNSPECIFIED.,.F.,.F.,(9,
    7,7,7,7,7,7,7,7,7,7,7,7,7,9),(0.,6.001685589723E-02,0.108028810026,
    0.171045094663,0.216058135888,0.273073459027,0.360092052942,
    0.456110111148,0.543129082334,0.594143454137,0.669160499761,
    0.750179403173,0.828198114803,0.882211158792,1.),.UNSPECIFIED.);
#1673 = CARTESIAN_POINT('',(1.650835932956E-02,-3.289747602192,
    9.999986373694));
#1674 = CARTESIAN_POINT('',(0.487725299029,-3.275281641394,
    9.999208470778));
#1675 = CARTESIAN_POINT('',(0.958916967042,-3.260817001587,
    9.973053874081));
#1676 = CARTESIAN_POINT('',(1.428464750413,-3.246354095994,
    9.921522209668));
#1677 = CARTESIAN_POINT('',(1.894773216934,-3.23189284185,9.844740253709
    ));
#1678 = CARTESIAN_POINT('',(2.356268840936,-3.217432914864,
    9.742951901965));
#1679 = CARTESIAN_POINT('',(2.811400000237,-3.202974030204,
    9.616514737248));
#1680 = CARTESIAN_POINT('',(3.258638244243,-3.188516250009,
    9.465903194856));
#1681 = CARTESIAN_POINT('',(4.046743738204,-3.162495940036,
    9.152374873102));
#1682 = CARTESIAN_POINT('',(4.391008557085,-3.150932261375,
    8.997939592287));
#1683 = CARTESIAN_POINT('',(4.728509241018,-3.139369529933,
    8.828716374619));
#1684 = CARTESIAN_POINT('',(5.058505513392,-3.127807778639,
    8.645053827085));
#1685 = CARTESIAN_POINT('',(5.380281667935,-3.116246932075,
    8.447342885851));
#1686 = CARTESIAN_POINT('',(5.693146265531,-3.104686914327,
    8.236015963927));
#1687 = CARTESIAN_POINT('',(5.996432729706,-3.093127757462,
    8.011547633233));
#1688 = CARTESIAN_POINT('',(6.674156367551,-3.066399630972,
    7.463272238928));
#1689 = CARTESIAN_POINT('',(7.041232282968,-3.051230546631,
    7.130324087456));
#1690 = CARTESIAN_POINT('',(7.389267296453,-3.036063399842,
    6.776789383209));
#1691 = CARTESIAN_POINT('',(7.716920642188,-3.020898280981,
    6.403947460006));
#1692 = CARTESIAN_POINT('',(8.02296230164,-3.005734848182,6.013170721909
    ));
#1693 = CARTESIAN_POINT('',(8.306270124105,-2.990572748131,
    5.605921099559));
#1694 = CARTESIAN_POINT('',(8.565833845314,-2.975412038032,5.18375222985
    ));
#1695 = CARTESIAN_POINT('',(8.9685799431,-2.949425820244,4.437282712815)
  );
#1696 = CARTESIAN_POINT('',(9.123832582515,-2.938598757036,
    4.119466489171));
#1697 = CARTESIAN_POINT('',(9.266202220711,-2.927772577337,
    3.795465585056));
#1698 = CARTESIAN_POINT('',(9.395402757869,-2.916947282568,
    3.465890451002));
#1699 = CARTESIAN_POINT('',(9.511183764091,-2.90612279512,3.13136490623)
  );
#1700 = CARTESIAN_POINT('',(9.613330547521,-2.895299036097,
    2.792525953854));
#1701 = CARTESIAN_POINT('',(9.701664222472,-2.88447600308,2.450023596069
    ));
#1702 = CARTESIAN_POINT('',(9.870251371527,-2.859946072099,1.66689276158
    ));
#1703 = CARTESIAN_POINT('',(9.942074423407,-2.846239134349,
    1.224432610859));
#1704 = CARTESIAN_POINT('',(9.991217156154,-2.83253356173,0.778494294044
    ));
#1705 = CARTESIAN_POINT('',(10.017490237239,-2.818829368248,
    0.330436313969));
#1706 = CARTESIAN_POINT('',(10.020801378275,-2.805126316168,
    -0.118379145271));
#1707 = CARTESIAN_POINT('',(10.001152878486,-2.791424175744,
    -0.566586779665));
#1708 = CARTESIAN_POINT('',(9.958644112022,-2.777722983321,
    -1.01281856327));
#1709 = CARTESIAN_POINT('',(9.794021836591,-2.743114403427,
    -2.131649752423));
#1710 = CARTESIAN_POINT('',(9.641769669153,-2.722205004854,
    -2.799932350029));
#1711 = CARTESIAN_POINT('',(9.437426090447,-2.70129961468,
    -3.455585895684));
#1712 = CARTESIAN_POINT('',(9.182259397263,-2.680398639586,
    -4.093881730035));
#1713 = CARTESIAN_POINT('',(8.87801689689,-2.659500446444,
    -4.710297482602));
#1714 = CARTESIAN_POINT('',(8.526894558909,-2.638603417982,
    -5.300510800217));
#1715 = CARTESIAN_POINT('',(8.131561971391,-2.617707998003,
    -5.860417735664));
#1716 = CARTESIAN_POINT('',(7.213799075856,-2.573769085536,
    -6.966307763885));
#1717 = CARTESIAN_POINT('',(6.682263906789,-2.550718080071,
    -7.505089323622));
#1718 = CARTESIAN_POINT('',(6.104933325977,-2.527673085638,
    -7.99726922627));
#1719 = CARTESIAN_POINT('',(5.486632465688,-2.504634644956,
    -8.438364430709));
#1720 = CARTESIAN_POINT('',(4.832616599627,-2.481599833531,
    -8.824530825801));
#1721 = CARTESIAN_POINT('',(4.148531336871,-2.458565655643,-9.1525246156
    ));
#1722 = CARTESIAN_POINT('',(3.440431768893,-2.435532470384,
    -9.419754368102));
#1723 = CARTESIAN_POINT('',(2.057291978372,-2.391640396104,
    -9.809910889259));
#1724 = CARTESIAN_POINT('',(1.385139896253,-2.370772786057,
    -9.944080854368));
#1725 = CARTESIAN_POINT('',(0.703224232059,-2.349909013854,
    -10.0255462267));
#1726 = CARTESIAN_POINT('',(1.637916274153E-02,-2.329049357881,
    -10.05353193919));
#1727 = CARTESIAN_POINT('',(-0.670553642692,-2.308192096596,
    -10.02778443011));
#1728 = CARTESIAN_POINT('',(-1.352731701176,-2.28733558513,
    -9.948541378513));
#1729 = CARTESIAN_POINT('',(-2.025318295395,-2.266480290571,
    -9.816561999002));
#1730 = CARTESIAN_POINT('',(-3.069337722661,-2.233407883635,
    -9.52573346874));
#1731 = CARTESIAN_POINT('',(-3.450273369731,-2.221185681825,
    -9.400584457456));
#1732 = CARTESIAN_POINT('',(-3.825342023861,-2.208964516673,
    -9.258035379715));
#1733 = CARTESIAN_POINT('',(-4.193617064054,-2.196744426474,
    -9.098411053534));
#1734 = CARTESIAN_POINT('',(-4.554197741503,-2.184525294034,
    -8.922093018952));
#1735 = CARTESIAN_POINT('',(-4.906208868361,-2.172306991319,
    -8.729518277083));
#1736 = CARTESIAN_POINT('',(-5.248801574838,-2.160089526352,
    -8.521180346377));
#1737 = CARTESIAN_POINT('',(-6.069883727736,-2.129908974604,
    -7.968903923137));
#1738 = CARTESIAN_POINT('',(-6.536525472527,-2.111945228862,
    -7.607249115262));
#1739 = CARTESIAN_POINT('',(-6.978429285785,-2.093984041434,
    -7.214437878335));
#1740 = CARTESIAN_POINT('',(-7.393181469366,-2.076025441015,
    -6.792465086361));
#1741 = CARTESIAN_POINT('',(-7.778579655443,-2.058068457507,
    -6.343523316416));
#1742 = CARTESIAN_POINT('',(-8.132625299859,-2.040112179751,
    -5.869992391774));
#1743 = CARTESIAN_POINT('',(-8.453534723555,-2.022156812175,
    -5.37444597319));
#1744 = CARTESIAN_POINT('',(-9.048903284371,-1.984816363775,
    -4.303719370765));
#1745 = CARTESIAN_POINT('',(-9.317655386163,-1.965427882442,
    -3.725225757596));
#1746 = CARTESIAN_POINT('',(-9.544050659733,-1.946042785963,
    -3.127708785392));
#1747 = CARTESIAN_POINT('',(-9.726550654133,-1.926661626573,
    -2.514804323783));
#1748 = CARTESIAN_POINT('',(-9.863996133415,-1.907283856926,
    -1.890250673942));
#1749 = CARTESIAN_POINT('',(-9.955588910952,-1.887908828083,
    -1.257879549579));
#1750 = CARTESIAN_POINT('',(-10.00091219988,-1.868535937703,
    -0.621617050448));
#1751 = CARTESIAN_POINT('',(-9.999100928554,-1.830509279472,
    0.627071695225));
#1752 = CARTESIAN_POINT('',(-9.955327847402,-1.81185294605,
    1.239636382371));
#1753 = CARTESIAN_POINT('',(-9.868661292079,-1.793200081951,
    1.848606866244));
#1754 = CARTESIAN_POINT('',(-9.739468177895,-1.774551282885,
    2.450478239072));
#1755 = CARTESIAN_POINT('',(-9.568444213789,-1.75590509306,
    3.041824894879));
#1756 = CARTESIAN_POINT('',(-9.356597660241,-1.737260013136,
    3.619299904262));
#1757 = CARTESIAN_POINT('',(-9.10526391095,-1.718616009599,
    4.179642121145));
#1758 = CARTESIAN_POINT('',(-8.615995402957,-1.687070553579,
    5.093571650974));
#1759 = CARTESIAN_POINT('',(-8.397714449859,-1.674166112863,
    5.457759920533));
#1760 = CARTESIAN_POINT('',(-8.161861856472,-1.661262581051,
    5.811217910008));
#1761 = CARTESIAN_POINT('',(-7.909057895708,-1.648359989536,
    6.152958524565));
#1762 = CARTESIAN_POINT('',(-7.639984840031,-1.635458210778,
    6.482042462847));
#1763 = CARTESIAN_POINT('',(-7.355385335663,-1.622557141392,
    6.797577387799));
#1764 = CARTESIAN_POINT('',(-7.056063606871,-1.609656881016,
    7.09871930019));
#1765 = CARTESIAN_POINT('',(-6.059935641473,-1.56862849416,
    8.008275885269));
#1766 = CARTESIAN_POINT('',(-5.310726872669,-1.540489671587,
    8.560005216097));
#1767 = CARTESIAN_POINT('',(-4.504579829877,-1.512363792828,
    9.03112494426));
#1768 = CARTESIAN_POINT('',(-3.651750510123,-1.484249502634,
    9.415023189888));
#1769 = CARTESIAN_POINT('',(-2.763105087609,-1.456140422894,
    9.706580832133));
#1770 = CARTESIAN_POINT('',(-1.850119664929,-1.42802955208,
    9.902250847842));
#1771 = CARTESIAN_POINT('',(-0.924826664884,-1.399914363343,
    10.000000000812));
#1772 = CARTESIAN_POINT('',(-3.552713678801E-15,-1.371816289944,10.));
#1773 = PCURVE('',#74,#1774);
#1774 = DEFINITIONAL_REPRESENTATION('',(#1775),#1876);
#1775 = B_SPLINE_CURVE_WITH_KNOTS('',8,(#1776,#1777,#1778,#1779,#1780,
    #1781,#1782,#1783,#1784,#1785,#1786,#1787,#1788,#1789,#1790,#1791,
    #1792,#1793,#1794,#1795,#1796,#1797,#1798,#1799,#1800,#1801,#1802,
    #1803,#1804,#1805,#1806,#1807,#1808,#1809,#1810,#1811,#1812,#1813,
    #1814,#1815,#1816,#1817,#1818,#1819,#1820,#1821,#1822,#1823,#1824,
    #1825,#1826,#1827,#1828,#1829,#1830,#1831,#1832,#1833,#1834,#1835,
    #1836,#1837,#1838,#1839,#1840,#1841,#1842,#1843,#1844,#1845,#1846,
    #1847,#1848,#1849,#1850,#1851,#1852,#1853,#1854,#1855,#1856,#1857,
    #1858,#1859,#1860,#1861,#1862,#1863,#1864,#1865,#1866,#1867,#1868,
    #1869,#1870,#1871,#1872,#1873,#1874,#1875),.UNSPECIFIED.,.F.,.F.,(9,
    7,7,7,7,7,7,7,7,7,7,7,7,7,9),(0.,6.001685589723E-02,0.108028810026,
    0.171045094663,0.216058135888,0.273073459027,0.360092052942,
    0.456110111148,0.543129082334,0.594143454137,0.669160499761,
    0.750179403173,0.828198114803,0.882211158792,1.),.UNSPECIFIED.);
#1776 = CARTESIAN_POINT('',(1.083524664419,0.));
#1777 = CARTESIAN_POINT('',(1.08268382683,4.908872797061E-02));
#1778 = CARTESIAN_POINT('',(1.081853344005,9.817795972557E-02));
#1779 = CARTESIAN_POINT('',(1.081023943863,0.147266116777));
#1780 = CARTESIAN_POINT('',(1.080192303865,0.196353568336));
#1781 = CARTESIAN_POINT('',(1.079358181311,0.245441545538));
#1782 = CARTESIAN_POINT('',(1.078522474066,0.294531070866));
#1783 = CARTESIAN_POINT('',(1.077686211694,0.343621902754));
#1784 = CARTESIAN_POINT('',(1.076181910584,0.431981917562));
#1785 = CARTESIAN_POINT('',(1.075513644296,0.471253186873));
#1786 = CARTESIAN_POINT('',(1.074846204231,0.510524441491));
#1787 = CARTESIAN_POINT('',(1.07418002512,0.549795537729));
#1788 = CARTESIAN_POINT('',(1.073515372945,0.589066697943));
#1789 = CARTESIAN_POINT('',(1.072852324952,0.628338152325));
#1790 = CARTESIAN_POINT('',(1.07219080709,0.667609774594));
#1791 = CARTESIAN_POINT('',(1.070664275506,0.758424302924));
#1792 = CARTESIAN_POINT('',(1.069800216242,0.809969829628));
#1793 = CARTESIAN_POINT('',(1.068938231056,0.861514073245));
#1794 = CARTESIAN_POINT('',(1.068077700978,0.913056745497));
#1795 = CARTESIAN_POINT('',(1.067217964863,0.964599051128));
#1796 = CARTESIAN_POINT('',(1.066358523112,1.01614224195));
#1797 = CARTESIAN_POINT('',(1.065499148341,1.067686162105));
#1798 = CARTESIAN_POINT('',(1.064026137093,1.156044381809));
#1799 = CARTESIAN_POINT('',(1.063412413288,1.192861297471));
#1800 = CARTESIAN_POINT('',(1.062798738337,1.229677996667));
#1801 = CARTESIAN_POINT('',(1.062185180326,1.266494467999));
#1802 = CARTESIAN_POINT('',(1.061571856734,1.303310959824));
#1803 = CARTESIAN_POINT('',(1.060958922509,1.340127716575));
#1804 = CARTESIAN_POINT('',(1.060346558139,1.376944715079));
#1805 = CARTESIAN_POINT('',(1.058960280113,1.460394891541));
#1806 = CARTESIAN_POINT('',(1.058186794606,1.507029821065));
#1807 = CARTESIAN_POINT('',(1.057414899806,1.553664322514));
#1808 = CARTESIAN_POINT('',(1.056644970987,1.600298259538));
#1809 = CARTESIAN_POINT('',(1.055877297944,1.646932352789));
#1810 = CARTESIAN_POINT('',(1.055112050579,1.693567308706));
#1811 = CARTESIAN_POINT('',(1.054349272215,1.74020295065));
#1812 = CARTESIAN_POINT('',(1.052428397443,1.858012254959));
#1813 = CARTESIAN_POINT('',(1.051273267016,1.929197935503));
#1814 = CARTESIAN_POINT('',(1.050123488487,2.000378943163));
#1815 = CARTESIAN_POINT('',(1.048977955004,2.071553969089));
#1816 = CARTESIAN_POINT('',(1.047834962479,2.142728827133));
#1817 = CARTESIAN_POINT('',(1.046692721353,2.213909401073));
#1818 = CARTESIAN_POINT('',(1.045549891386,2.285094558384));
#1819 = CARTESIAN_POINT('',(1.043144100702,2.434804367691));
#1820 = CARTESIAN_POINT('',(1.041880456217,2.513356852277));
#1821 = CARTESIAN_POINT('',(1.040614691109,2.59190166032));
#1822 = CARTESIAN_POINT('',(1.039347036818,2.670437021529));
#1823 = CARTESIAN_POINT('',(1.038078686077,2.748972623149));
#1824 = CARTESIAN_POINT('',(1.03681164323,2.827518060694));
#1825 = CARTESIAN_POINT('',(1.035548209904,2.906071335566));
#1826 = CARTESIAN_POINT('',(1.033149915259,3.05578283905));
#1827 = CARTESIAN_POINT('',(1.032013717635,3.126968910773));
#1828 = CARTESIAN_POINT('',(1.030882820996,3.198150183341));
#1829 = CARTESIAN_POINT('',(1.029757818883,3.269325337425));
#1830 = CARTESIAN_POINT('',(1.028638368626,3.340500155314));
#1831 = CARTESIAN_POINT('',(1.027523323734,3.411680488528));
#1832 = CARTESIAN_POINT('',(1.026411220584,3.482865203522));
#1833 = CARTESIAN_POINT('',(1.024650328978,3.595764396488));
#1834 = CARTESIAN_POINT('',(1.024000155535,3.63749037319));
#1835 = CARTESIAN_POINT('',(1.023350374858,3.679215972229));
#1836 = CARTESIAN_POINT('',(1.022700766952,3.720941146724));
#1837 = CARTESIAN_POINT('',(1.02205117052,3.762666360465));
#1838 = CARTESIAN_POINT('',(1.021401518107,3.804392080377));
#1839 = CARTESIAN_POINT('',(1.020751851935,3.846118267265));
#1840 = CARTESIAN_POINT('',(1.019147179076,3.949201692924));
#1841 = CARTESIAN_POINT('',(1.01819223737,4.010564982205));
#1842 = CARTESIAN_POINT('',(1.017237960852,4.071926464029));
#1843 = CARTESIAN_POINT('',(1.016285264916,4.133285645994));
#1844 = CARTESIAN_POINT('',(1.015335171869,4.194645330305));
#1845 = CARTESIAN_POINT('',(1.014388442383,4.25600818647));
#1846 = CARTESIAN_POINT('',(1.013445181342,4.317373378287));
#1847 = CARTESIAN_POINT('',(1.011488387511,4.445002305559));
#1848 = CARTESIAN_POINT('',(1.010475182205,4.511278565193));
#1849 = CARTESIAN_POINT('',(1.009463278172,4.577550917219));
#1850 = CARTESIAN_POINT('',(1.008450909624,4.643818119067));
#1851 = CARTESIAN_POINT('',(1.007434024325,4.710084123541));
#1852 = CARTESIAN_POINT('',(1.0064089353,4.776353387991));
#1853 = CARTESIAN_POINT('',(1.00537966889,4.842626161548));
#1854 = CARTESIAN_POINT('',(1.003397737851,4.972707399938));
#1855 = CARTESIAN_POINT('',(1.002443050158,5.03652507607));
#1856 = CARTESIAN_POINT('',(1.001485253292,5.100339774496));
#1857 = CARTESIAN_POINT('',(1.000520368864,5.164151827718));
#1858 = CARTESIAN_POINT('',(0.999551154111,5.227964999836));
#1859 = CARTESIAN_POINT('',(0.998580985491,5.29178259377));
#1860 = CARTESIAN_POINT('',(0.997611604611,5.355603570944));
#1861 = CARTESIAN_POINT('',(0.995975348233,5.463598450107));
#1862 = CARTESIAN_POINT('',(0.9953070707,5.507779374696));
#1863 = CARTESIAN_POINT('',(0.994640338605,5.551959901122));
#1864 = CARTESIAN_POINT('',(0.993975296334,5.596139808236));
#1865 = CARTESIAN_POINT('',(0.993311835328,5.64031956304));
#1866 = CARTESIAN_POINT('',(0.992649670968,5.684499663834));
#1867 = CARTESIAN_POINT('',(0.991988448982,5.728679973273));
#1868 = CARTESIAN_POINT('',(0.989887349815,5.869202458548));
#1869 = CARTESIAN_POINT('',(0.988449061458,5.965593156792));
#1870 = CARTESIAN_POINT('',(0.987011257503,6.061956587943));
#1871 = CARTESIAN_POINT('',(0.985569553414,6.158299261914));
#1872 = CARTESIAN_POINT('',(0.984127887169,6.254642339719));
#1873 = CARTESIAN_POINT('',(0.982688122073,6.351006137251));
#1874 = CARTESIAN_POINT('',(0.981255924961,6.447396833153));
#1875 = CARTESIAN_POINT('',(0.979832693518,6.543739515007));
#1876 = ( GEOMETRIC_REPRESENTATION_CONTEXT(2) 
PARAMETRIC_REPRESENTATION_CONTEXT() REPRESENTATION_CONTEXT('2D SPACE',''
  ) );
#1877 = PCURVE('',#872,#1878);
#1878 = DEFINITIONAL_REPRESENTATION('',(#1879),#1980);
#1879 = B_SPLINE_CURVE_WITH_KNOTS('',8,(#1880,#1881,#1882,#1883,#1884,
    #1885,#1886,#1887,#1888,#1889,#1890,#1891,#1892,#1893,#1894,#1895,
    #1896,#1897,#1898,#1899,#1900,#1901,#1902,#1903,#1904,#1905,#1906,
    #1907,#1908,#1909,#1910,#1911,#1912,#1913,#1914,#1915,#1916,#1917,
    #1918,#1919,#1920,#1921,#1922,#1923,#1924,#1925,#1926,#1927,#1928,
    #1929,#1930,#1931,#1932,#1933,#1934,#1935,#1936,#1937,#1938,#1939,
    #1940,#1941,#1942,#1943,#1944,#1945,#1946,#1947,#1948,#1949,#1950,
    #1951,#1952,#1953,#1954,#1955,#1956,#1957,#1958,#1959,#1960,#1961,
    #1962,#1963,#1964,#1965,#1966,#1967,#1968,#1969,#1970,#1971,#1972,
    #1973,#1974,#1975,#1976,#1977,#1978,#1979),.UNSPECIFIED.,.F.,.F.,(9,
    7,7,7,7,7,7,7,7,7,7,7,7,7,9),(0.,6.001685589723E-02,0.108028810026,
    0.171045094663,0.216058135888,0.273073459027,0.360092052942,
    0.456110111148,0.543129082334,0.594143454137,0.669160499761,
    0.750179403173,0.828198114803,0.882211158792,1.),.UNSPECIFIED.);
#1880 = CARTESIAN_POINT('',(1.650836682783E-03,0.710252397808));
#1881 = CARTESIAN_POINT('',(4.877259486232E-02,0.724718358606));
#1882 = CARTESIAN_POINT('',(9.589600118676E-02,0.739182998413));
#1883 = CARTESIAN_POINT('',(0.143018698113,0.753645904006));
#1884 = CARTESIAN_POINT('',(0.190140498638,0.76810715815));
#1885 = CARTESIAN_POINT('',(0.237262301801,0.782567085136));
#1886 = CARTESIAN_POINT('',(0.28438500877,0.797025969796));
#1887 = CARTESIAN_POINT('',(0.331508439477,0.811483749991));
#1888 = CARTESIAN_POINT('',(0.416326496408,0.837504059964));
#1889 = CARTESIAN_POINT('',(0.454023281273,0.849067738625));
#1890 = CARTESIAN_POINT('',(0.49171983101,0.860630470067));
#1891 = CARTESIAN_POINT('',(0.529416087055,0.872192221361));
#1892 = CARTESIAN_POINT('',(0.567112348189,0.883753067925));
#1893 = CARTESIAN_POINT('',(0.604808913089,0.895313085673));
#1894 = CARTESIAN_POINT('',(0.64250572294,0.906872242538));
#1895 = CARTESIAN_POINT('',(0.729678840201,0.933600369028));
#1896 = CARTESIAN_POINT('',(0.779157756039,0.948769453369));
#1897 = CARTESIAN_POINT('',(0.828635766558,0.963936600158));
#1898 = CARTESIAN_POINT('',(0.878112642572,0.979101719019));
#1899 = CARTESIAN_POINT('',(0.927589532641,0.994265151818));
#1900 = CARTESIAN_POINT('',(0.977067584913,1.009427251869));
#1901 = CARTESIAN_POINT('',(1.026546568944,1.024587961968));
#1902 = CARTESIAN_POINT('',(1.111365267304,1.050574179756));
#1903 = CARTESIAN_POINT('',(1.146707419397,1.061401242964));
#1904 = CARTESIAN_POINT('',(1.182049409329,1.072227422663));
#1905 = CARTESIAN_POINT('',(1.217391194957,1.083052717432));
#1906 = CARTESIAN_POINT('',(1.252732985311,1.09387720488));
#1907 = CARTESIAN_POINT('',(1.28807498946,1.104700963903));
#1908 = CARTESIAN_POINT('',(1.323417165376,1.11552399692));
#1909 = CARTESIAN_POINT('',(1.403524314293,1.140053927901));
#1910 = CARTESIAN_POINT('',(1.448290924665,1.153760865651));
#1911 = CARTESIAN_POINT('',(1.493056981406,1.16746643827));
#1912 = CARTESIAN_POINT('',(1.537822344517,1.181170631752));
#1913 = CARTESIAN_POINT('',(1.582587713332,1.194873683832));
#1914 = CARTESIAN_POINT('',(1.627353787342,1.208575824256));
#1915 = CARTESIAN_POINT('',(1.672120426999,1.222277016679));
#1916 = CARTESIAN_POINT('',(1.785208168306,1.256885596573));
#1917 = CARTESIAN_POINT('',(1.853540724892,1.277794995146));
#1918 = CARTESIAN_POINT('',(1.921868763695,1.29870038532));
#1919 = CARTESIAN_POINT('',(1.990191155309,1.319601360414));
#1920 = CARTESIAN_POINT('',(2.058513565696,1.340499553556));
#1921 = CARTESIAN_POINT('',(2.126841660426,1.361396582018));
#1922 = CARTESIAN_POINT('',(2.195174309008,1.382292001997));
#1923 = CARTESIAN_POINT('',(2.33888518149,1.426230914464));
#1924 = CARTESIAN_POINT('',(2.414290140461,1.449281919929));
#1925 = CARTESIAN_POINT('',(2.489687755499,1.472326914362));
#1926 = CARTESIAN_POINT('',(2.565076189628,1.495365355044));
#1927 = CARTESIAN_POINT('',(2.640464643144,1.518400166469));
#1928 = CARTESIAN_POINT('',(2.715862316918,1.541434344357));
#1929 = CARTESIAN_POINT('',(2.791267375482,1.564467529616));
#1930 = CARTESIAN_POINT('',(2.934978815219,1.608359603896));
#1931 = CARTESIAN_POINT('',(3.003311924695,1.629227213943));
#1932 = CARTESIAN_POINT('',(3.071640516377,1.650090986146));
#1933 = CARTESIAN_POINT('',(3.139963460477,1.670950642119));
#1934 = CARTESIAN_POINT('',(3.20828642324,1.691807903404));
#1935 = CARTESIAN_POINT('',(3.276615070729,1.71266441487));
#1936 = CARTESIAN_POINT('',(3.34494827248,1.733519709429));
#1937 = CARTESIAN_POINT('',(3.45332529027,1.766592116365));
#1938 = CARTESIAN_POINT('',(3.493380006582,1.778814318175));
#1939 = CARTESIAN_POINT('',(3.533434406982,1.791035483327));
#1940 = CARTESIAN_POINT('',(3.573488410603,1.803255573526));
#1941 = CARTESIAN_POINT('',(3.613542419593,1.815474705966));
#1942 = CARTESIAN_POINT('',(3.653596836034,1.827693008681));
#1943 = CARTESIAN_POINT('',(3.693651578863,1.839910473648));
#1944 = CARTESIAN_POINT('',(3.792605363504,1.870091025396));
#1945 = CARTESIAN_POINT('',(3.85151003163,1.888054771138));
#1946 = CARTESIAN_POINT('',(3.910412527569,1.906015958566));
#1947 = CARTESIAN_POINT('',(3.969312306481,1.923974558985));
#1948 = CARTESIAN_POINT('',(4.028212090691,1.941931542493));
#1949 = CARTESIAN_POINT('',(4.08711460385,1.959887820249));
#1950 = CARTESIAN_POINT('',(4.146019304861,1.977843187825));
#1951 = CARTESIAN_POINT('',(4.268531311633,2.015183636225));
#1952 = CARTESIAN_POINT('',(4.332150682957,2.034572117558));
#1953 = CARTESIAN_POINT('',(4.395766889574,2.053957214037));
#1954 = CARTESIAN_POINT('',(4.459379139592,2.073338373427));
#1955 = CARTESIAN_POINT('',(4.522991419378,2.092716143074));
#1956 = CARTESIAN_POINT('',(4.586607711853,2.112091171917));
#1957 = CARTESIAN_POINT('',(4.650227208927,2.131464062297));
#1958 = CARTESIAN_POINT('',(4.77509621486,2.169490720528));
#1959 = CARTESIAN_POINT('',(4.836358882693,2.18814705395));
#1960 = CARTESIAN_POINT('',(4.897618922447,2.206799918049));
#1961 = CARTESIAN_POINT('',(4.958875666217,2.225448717115));
#1962 = CARTESIAN_POINT('',(5.020132414286,2.24409490694));
#1963 = CARTESIAN_POINT('',(5.081392470566,2.262739986864));
#1964 = CARTESIAN_POINT('',(5.142655176493,2.281383990401));
#1965 = CARTESIAN_POINT('',(5.246320544789,2.312929446421));
#1966 = CARTESIAN_POINT('',(5.288730112023,2.325833887137));
#1967 = CARTESIAN_POINT('',(5.331139255983,2.338737418949));
#1968 = CARTESIAN_POINT('',(5.373547870881,2.351640010464));
#1969 = CARTESIAN_POINT('',(5.415956492469,2.364541789222));
#1970 = CARTESIAN_POINT('',(5.458365656324,2.377442858608));
#1971 = CARTESIAN_POINT('',(5.500775256188,2.390343118984));
#1972 = CARTESIAN_POINT('',(5.635666475506,2.43137150584));
#1973 = CARTESIAN_POINT('',(5.728195569522,2.459510328413));
#1974 = CARTESIAN_POINT('',(5.820699618622,2.487636207172));
#1975 = CARTESIAN_POINT('',(5.913184399201,2.515750497367));
#1976 = CARTESIAN_POINT('',(6.005669222356,2.543859577106));
#1977 = CARTESIAN_POINT('',(6.098173386763,2.57197044792));
#1978 = CARTESIAN_POINT('',(6.190702640691,2.600085636657));
#1979 = CARTESIAN_POINT('',(6.28318530718,2.628183710056));
#1980 = ( GEOMETRIC_REPRESENTATION_CONTEXT(2) 
PARAMETRIC_REPRESENTATION_CONTEXT() REPRESENTATION_CONTEXT('2D SPACE',''
  ) );
#1981 = ORIENTED_EDGE('',*,*,#1982,.T.);
#1982 = EDGE_CURVE('',#1669,#1338,#1983,.T.);
#1983 = SURFACE_CURVE('',#1984,(#2085,#2189),.PCURVE_S1.);
#1984 = B_SPLINE_CURVE_WITH_KNOTS('',8,(#1985,#1986,#1987,#1988,#1989,
    #1990,#1991,#1992,#1993,#1994,#1995,#1996,#1997,#1998,#1999,#2000,
    #2001,#2002,#2003,#2004,#2005,#2006,#2007,#2008,#2009,#2010,#2011,
    #2012,#2013,#2014,#2015,#2016,#2017,#2018,#2019,#2020,#2021,#2022,
    #2023,#2024,#2025,#2026,#2027,#2028,#2029,#2030,#2031,#2032,#2033,
    #2034,#2035,#2036,#2037,#2038,#2039,#2040,#2041,#2042,#2043,#2044,
    #2045,#2046,#2047,#2048,#2049,#2050,#2051,#2052,#2053,#2054,#2055,
    #2056,#2057,#2058,#2059,#2060,#2061,#2062,#2063,#2064,#2065,#2066,
    #2067,#2068,#2069,#2070,#2071,#2072,#2073,#2074,#2075,#2076,#2077,
    #2078,#2079,#2080,#2081,#2082,#2083,#2084),.UNSPECIFIED.,.F.,.F.,(9,
    7,7,7,7,7,7,7,7,7,7,7,7,7,9),(0.,8.022118223285E-02,0.128222732369,
    0.185224119819,0.260224079767,0.317226275321,0.422216516983,
    0.461217466368,0.50321967519,0.581219844814,0.635220037362,
    0.725218115746,0.806217033242,0.872217724419,1.),.UNSPECIFIED.);
#1985 = CARTESIAN_POINT('',(1.7763568394E-15,-1.371816289944,10.));
#1986 = CARTESIAN_POINT('',(0.630006847431,-1.35267542907,10.));
#1987 = CARTESIAN_POINT('',(1.260084238304,-1.333533832398,
    9.954638873703));
#1988 = CARTESIAN_POINT('',(1.88631758645,-1.314394412882,9.863899706686
    ));
#1989 = CARTESIAN_POINT('',(2.504893145898,-1.295257418256,
    9.728188471408));
#1990 = CARTESIAN_POINT('',(3.112087850413,-1.276121834837,
    9.548278361512));
#1991 = CARTESIAN_POINT('',(3.704268470994,-1.25698675115,9.325290483213
    ));
#1992 = CARTESIAN_POINT('',(4.277900091328,-1.237852681382,
    9.060710903772));
#1993 = CARTESIAN_POINT('',(5.159660233477,-1.207276225724,
    8.574381416108));
#1994 = CARTESIAN_POINT('',(5.48191754497,-1.195830219563,8.378094639239
    ));
#1995 = CARTESIAN_POINT('',(5.79561372775,-1.184385118024,8.167981080132
    ));
#1996 = CARTESIAN_POINT('',(6.100057838967,-1.172940987902,
    7.944479242441));
#1997 = CARTESIAN_POINT('',(6.394588611635,-1.161497777846,
    7.708066561169));
#1998 = CARTESIAN_POINT('',(6.678574048424,-1.150055423007,
    7.459258594251));
#1999 = CARTESIAN_POINT('',(6.951412098457,-1.138613951436,
    7.198609624361));
#2000 = CARTESIAN_POINT('',(7.522610329398,-1.113588273696,6.60384198155
    ));
#2001 = CARTESIAN_POINT('',(7.816178720113,-1.100003912256,
    6.265096314444));
#2002 = CARTESIAN_POINT('',(8.092276208185,-1.086421050579,
    5.911475503722));
#2003 = CARTESIAN_POINT('',(8.350027966253,-1.072839689741,
    5.544036007369));
#2004 = CARTESIAN_POINT('',(8.588639805796,-1.059259546877,
    5.163888403023));
#2005 = CARTESIAN_POINT('',(8.807396382956,-1.045680317084,
    4.772195619692));
#2006 = CARTESIAN_POINT('',(9.005663525025,-1.032101939583,
    4.370173905399));
#2007 = CARTESIAN_POINT('',(9.416087761864,-1.00066074477,3.418218702802
    ));
#2008 = CARTESIAN_POINT('',(9.61289129266,-0.98279673519,2.861597802664)
  );
#2009 = CARTESIAN_POINT('',(9.772032982282,-0.964934765906,
    2.292156514311));
#2010 = CARTESIAN_POINT('',(9.892562044932,-0.947074784223,
    1.712878499706));
#2011 = CARTESIAN_POINT('',(9.973812397384,-0.929215822504,
    1.126799369789));
#2012 = CARTESIAN_POINT('',(10.015390688945,-0.911357024828,
    0.537001956869));
#2013 = CARTESIAN_POINT('',(10.017189160719,-0.893498636009,
    -5.33841115728E-02));
#2014 = CARTESIAN_POINT('',(9.950720185128,-0.862072103935,
    -1.087919747198));
#2015 = CARTESIAN_POINT('',(9.89916029879,-0.84850157852,-1.533205181816
    ));
#2016 = CARTESIAN_POINT('',(9.824830301118,-0.834931992712,
    -1.975651877414));
#2017 = CARTESIAN_POINT('',(9.727918511607,-0.82136347899,
    -2.413901113362));
#2018 = CARTESIAN_POINT('',(9.608707626203,-0.807795924246,
    -2.846617090065));
#2019 = CARTESIAN_POINT('',(9.467572202007,-0.794229207582,
    -3.27248679851));
#2020 = CARTESIAN_POINT('',(9.30498094376,-0.780663437982,
    -3.690221081812));
#2021 = CARTESIAN_POINT('',(8.78356399346,-0.742115707213,
    -4.850655551446));
#2022 = CARTESIAN_POINT('',(8.374643804474,-0.71712816209,
    -5.571148176245));
#2023 = CARTESIAN_POINT('',(7.898333112228,-0.692148723361,
    -6.251848008435));
#2024 = CARTESIAN_POINT('',(7.359261183963,-0.667176727732,
    -6.88546418548));
#2025 = CARTESIAN_POINT('',(6.762866140155,-0.642207512593,
    -7.465447840744));
#2026 = CARTESIAN_POINT('',(6.115320976808,-0.617236301152,
    -7.985937715894));
#2027 = CARTESIAN_POINT('',(5.42359271817,-0.592262419275,
    -8.441830316225));
#2028 = CARTESIAN_POINT('',(4.425186461197,-0.558025951854,
    -8.972822260135));
#2029 = CARTESIAN_POINT('',(4.149725449179,-0.548753092416,
    -9.107179508485));
#2030 = CARTESIAN_POINT('',(3.869617249286,-0.539480674979,
    -9.231864649254));
#2031 = CARTESIAN_POINT('',(3.585258707994,-0.530208792764,
    -9.346690940914));
#2032 = CARTESIAN_POINT('',(3.297054440273,-0.520937519467,
    -9.451491668039));
#2033 = CARTESIAN_POINT('',(3.005416755942,-0.511666928361,
    -9.546120170059));
#2034 = CARTESIAN_POINT('',(2.710765586023,-0.502397111409,
    -9.630449870012));
#2035 = CARTESIAN_POINT('',(2.093417791978,-0.483146010049,
    -9.783987480233));
#2036 = CARTESIAN_POINT('',(1.770303119077,-0.47316460694,
    -9.851533645081));
#2037 = CARTESIAN_POINT('',(1.444718888991,-0.463184754708,
    -9.90687945421));
#2038 = CARTESIAN_POINT('',(1.11720340045,-0.453205150174,
    -9.949921312563));
#2039 = CARTESIAN_POINT('',(0.788297852489,-0.44322670754,
    -9.980584156598));
#2040 = CARTESIAN_POINT('',(0.458546749205,-0.433249424318,
    -9.99882108844));
#2041 = CARTESIAN_POINT('',(0.128498197369,-0.423270288649,
    -10.0046138048));
#2042 = CARTESIAN_POINT('',(-0.813743817428,-0.394758083216,
    -9.985642882097));
#2043 = CARTESIAN_POINT('',(-1.425387461988,-0.376222198981,
    -9.930434475674));
#2044 = CARTESIAN_POINT('',(-2.03263623587,-0.35769055902,-9.83240673743
    ));
#2045 = CARTESIAN_POINT('',(-2.631992660879,-0.339163933574,
    -9.69199198625));
#2046 = CARTESIAN_POINT('',(-3.220044643145,-0.320640258439,
    -9.509949804072));
#2047 = CARTESIAN_POINT('',(-3.793464595042,-0.302117483673,
    -9.287350824592));
#2048 = CARTESIAN_POINT('',(-4.349016829145,-0.283595353711,
    -9.025591174078));
#2049 = CARTESIAN_POINT('',(-5.253651243307,-0.252255092294,
    -8.519330930975));
#2050 = CARTESIAN_POINT('',(-5.613699847782,-0.239434311453,
    -8.294282891208));
#2051 = CARTESIAN_POINT('',(-5.962691627718,-0.226614109232,
    -8.051866569061));
#2052 = CARTESIAN_POINT('',(-6.299651235172,-0.213794523491,
    -7.792720583424));
#2053 = CARTESIAN_POINT('',(-6.62365226825,-0.200975470543,
    -7.517544648839));
#2054 = CARTESIAN_POINT('',(-6.933816410628,-0.188156912478,
    -7.22709796538));
#2055 = CARTESIAN_POINT('',(-7.229314826547,-0.175339018359,
    -6.922200397571));
#2056 = CARTESIAN_POINT('',(-7.976121822218,-0.14116168636,
    -6.072976408894));
#2057 = CARTESIAN_POINT('',(-8.400079685911,-0.119799921068,
    -5.50442124388));
#2058 = CARTESIAN_POINT('',(-8.777545911632,-9.844283864825E-02,
    -4.902228379699));
#2059 = CARTESIAN_POINT('',(-9.105454539681,-7.709119431007E-02,
    -4.270870579214));
#2060 = CARTESIAN_POINT('',(-9.381276205881,-5.574289606719E-02,
    -3.615081399537));
#2061 = CARTESIAN_POINT('',(-9.602988163658,-3.439542600921E-02,
    -2.939832055076));
#2062 = CARTESIAN_POINT('',(-9.769111263681,-1.304846997815E-02,
    -2.250339679852));
#2063 = CARTESIAN_POINT('',(-9.977547044316,2.750094065396E-02,
    -0.923692548183));
#2064 = CARTESIAN_POINT('',(-10.03060573285,4.670950512911E-02,
    -0.288028297044));
#2065 = CARTESIAN_POINT('',(-10.0373469116,6.591621976768E-02,
    0.350906268003));
#2066 = CARTESIAN_POINT('',(-9.997578593116,8.512119462705E-02,
    0.9891677773));
#2067 = CARTESIAN_POINT('',(-9.911500130357,0.104325772837,
    1.622847339455));
#2068 = CARTESIAN_POINT('',(-9.779682028647,0.1235310337,2.248072798676)
  );
#2069 = CARTESIAN_POINT('',(-9.60308528666,0.142736393879,2.86101489782)
  );
#2070 = CARTESIAN_POINT('',(-9.203885237098,0.177584682642,
    3.944257602673));
#2071 = CARTESIAN_POINT('',(-8.995829900747,0.19323099008,4.420024996572
    ));
#2072 = CARTESIAN_POINT('',(-8.759696525013,0.208875866091,
    4.883170088385));
#2073 = CARTESIAN_POINT('',(-8.496391102375,0.224518948471,
    5.331763388775));
#2074 = CARTESIAN_POINT('',(-8.206967711921,0.240160407534,
    5.763966936506));
#2075 = CARTESIAN_POINT('',(-7.89262288994,0.255800465735,6.178032157731
    ));
#2076 = CARTESIAN_POINT('',(-7.554700009429,0.271438905073,
    6.572304007637));
#2077 = CARTESIAN_POINT('',(-6.497723821518,0.317346364368,
    7.667246713626));
#2078 = CARTESIAN_POINT('',(-5.717450409825,0.347631722971,
    8.309828269803));
#2079 = CARTESIAN_POINT('',(-4.865137618163,0.377897668833,
    8.860916109839));
#2080 = CARTESIAN_POINT('',(-3.953519793493,0.408148703542,
    9.311471759375));
#2081 = CARTESIAN_POINT('',(-2.996218497072,0.438395831874,
    9.654433046274));
#2082 = CARTESIAN_POINT('',(-2.007775049043,0.468649837792,
    9.884904103775));
#2083 = CARTESIAN_POINT('',(-1.003537540336,0.498914595086,
    9.999999998821));
#2084 = CARTESIAN_POINT('',(-7.105427357601E-15,0.529156659946,10.));
#2085 = PCURVE('',#74,#2086);
#2086 = DEFINITIONAL_REPRESENTATION('',(#2087),#2188);
#2087 = B_SPLINE_CURVE_WITH_KNOTS('',8,(#2088,#2089,#2090,#2091,#2092,
    #2093,#2094,#2095,#2096,#2097,#2098,#2099,#2100,#2101,#2102,#2103,
    #2104,#2105,#2106,#2107,#2108,#2109,#2110,#2111,#2112,#2113,#2114,
    #2115,#2116,#2117,#2118,#2119,#2120,#2121,#2122,#2123,#2124,#2125,
    #2126,#2127,#2128,#2129,#2130,#2131,#2132,#2133,#2134,#2135,#2136,
    #2137,#2138,#2139,#2140,#2141,#2142,#2143,#2144,#2145,#2146,#2147,
    #2148,#2149,#2150,#2151,#2152,#2153,#2154,#2155,#2156,#2157,#2158,
    #2159,#2160,#2161,#2162,#2163,#2164,#2165,#2166,#2167,#2168,#2169,
    #2170,#2171,#2172,#2173,#2174,#2175,#2176,#2177,#2178,#2179,#2180,
    #2181,#2182,#2183,#2184,#2185,#2186,#2187),.UNSPECIFIED.,.F.,.F.,(9,
    7,7,7,7,7,7,7,7,7,7,7,7,7,9),(0.,8.022118223285E-02,0.128222732369,
    0.185224119819,0.260224079767,0.317226275321,0.422216516983,
    0.461217466368,0.50321967519,0.581219844814,0.635220037362,
    0.725218115746,0.806217033242,0.872217724419,1.),.UNSPECIFIED.);
#2088 = CARTESIAN_POINT('',(0.979832663783,6.543739513155));
#2089 = CARTESIAN_POINT('',(0.978863134978,6.609369702843));
#2090 = CARTESIAN_POINT('',(0.977897432149,6.675007380211));
#2091 = CARTESIAN_POINT('',(0.976936165678,6.740642138096));
#2092 = CARTESIAN_POINT('',(0.975979281134,6.806273041047));
#2093 = CARTESIAN_POINT('',(0.975026075003,6.871903917722));
#2094 = CARTESIAN_POINT('',(0.974075372997,6.937538642714));
#2095 = CARTESIAN_POINT('',(0.973125870932,7.003176407823));
#2096 = CARTESIAN_POINT('',(0.971608650498,7.1080780237));
#2097 = CARTESIAN_POINT('',(0.971040712467,7.147349580185));
#2098 = CARTESIAN_POINT('',(0.970472599622,7.186620845596));
#2099 = CARTESIAN_POINT('',(0.969904096334,7.225891763076));
#2100 = CARTESIAN_POINT('',(0.969335026044,7.265162652462));
#2101 = CARTESIAN_POINT('',(0.968765273002,7.304433836716));
#2102 = CARTESIAN_POINT('',(0.96819479552,7.34370526783));
#2103 = CARTESIAN_POINT('',(0.966945377959,7.429609956533));
#2104 = CARTESIAN_POINT('',(0.966266125777,7.47624508877));
#2105 = CARTESIAN_POINT('',(0.965585941596,7.522879676661));
#2106 = CARTESIAN_POINT('',(0.964905005738,7.569513595541));
#2107 = CARTESIAN_POINT('',(0.964223609243,7.616147588595));
#2108 = CARTESIAN_POINT('',(0.963542133928,7.662782389251));
#2109 = CARTESIAN_POINT('',(0.962861014699,7.709417845728));
#2110 = CARTESIAN_POINT('',(0.961285534575,7.817411313482));
#2111 = CARTESIAN_POINT('',(0.960391646041,7.878775779493));
#2112 = CARTESIAN_POINT('',(0.959500042604,7.940138038922));
#2113 = CARTESIAN_POINT('',(0.958611618236,8.001497457111));
#2114 = CARTESIAN_POINT('',(0.957726897799,8.0628567837));
#2115 = CARTESIAN_POINT('',(0.956845945354,8.124218768694));
#2116 = CARTESIAN_POINT('',(0.955968419787,8.185582782484));
#2117 = CARTESIAN_POINT('',(0.954429023839,8.29357584051));
#2118 = CARTESIAN_POINT('',(0.953765874919,8.340211405511));
#2119 = CARTESIAN_POINT('',(0.953104080994,8.386846233978));
#2120 = CARTESIAN_POINT('',(0.952443261667,8.433480187847));
#2121 = CARTESIAN_POINT('',(0.951782984421,8.480114022027));
#2122 = CARTESIAN_POINT('',(0.951122841919,8.526748509965));
#2123 = CARTESIAN_POINT('',(0.950462528317,8.573383564604));
#2124 = CARTESIAN_POINT('',(0.948585154543,8.705910412801));
#2125 = CARTESIAN_POINT('',(0.947366895988,8.791830941601));
#2126 = CARTESIAN_POINT('',(0.946146886141,8.877737922077));
#2127 = CARTESIAN_POINT('',(0.944925271224,8.963633604202));
#2128 = CARTESIAN_POINT('',(0.94370551778,9.04953059521));
#2129 = CARTESIAN_POINT('',(0.942491789361,9.135440969486));
#2130 = CARTESIAN_POINT('',(0.941285101539,9.221365668653));
#2131 = CARTESIAN_POINT('',(0.9396358743,9.339170725184));
#2132 = CARTESIAN_POINT('',(0.939189685118,9.371079102013));
#2133 = CARTESIAN_POINT('',(0.938743875174,9.402987269921));
#2134 = CARTESIAN_POINT('',(0.938298187989,9.434895165474));
#2135 = CARTESIAN_POINT('',(0.937852303822,9.466802860368));
#2136 = CARTESIAN_POINT('',(0.937405897409,9.498710439001));
#2137 = CARTESIAN_POINT('',(0.936958695696,9.530617876046));
#2138 = CARTESIAN_POINT('',(0.936027887964,9.596887310164));
#2139 = CARTESIAN_POINT('',(0.935544381657,9.631249868103));
#2140 = CARTESIAN_POINT('',(0.935058512531,9.665611587326));
#2141 = CARTESIAN_POINT('',(0.934573209348,9.699973851751));
#2142 = CARTESIAN_POINT('',(0.934086429861,9.734335688842));
#2143 = CARTESIAN_POINT('',(0.93359833078,9.768697016391));
#2144 = CARTESIAN_POINT('',(0.933116198987,9.80306054004));
#2145 = CARTESIAN_POINT('',(0.93175090771,9.901235678875));
#2146 = CARTESIAN_POINT('',(0.930875941386,9.965052985845));
#2147 = CARTESIAN_POINT('',(0.929995627769,10.028867702768));
#2148 = CARTESIAN_POINT('',(0.929107595758,10.092679987404));
#2149 = CARTESIAN_POINT('',(0.928215337482,10.156493466964));
#2150 = CARTESIAN_POINT('',(0.927322424333,10.220311359304));
#2151 = CARTESIAN_POINT('',(0.926430509352,10.28413258642));
#2152 = CARTESIAN_POINT('',(0.924925381225,10.392127760496));
#2153 = CARTESIAN_POINT('',(0.924310760445,10.436308765856));
#2154 = CARTESIAN_POINT('',(0.923697634119,10.48048933441));
#2155 = CARTESIAN_POINT('',(0.923086060125,10.524669245591));
#2156 = CARTESIAN_POINT('',(0.922475843937,10.568848971079));
#2157 = CARTESIAN_POINT('',(0.921866629734,10.613029016013));
#2158 = CARTESIAN_POINT('',(0.921258012418,10.657209250515));
#2159 = CARTESIAN_POINT('',(0.91963579267,10.775018031847));
#2160 = CARTESIAN_POINT('',(0.918622481703,10.848659683901));
#2161 = CARTESIAN_POINT('',(0.917608279315,10.922295071008));
#2162 = CARTESIAN_POINT('',(0.916592004849,10.995923044509));
#2163 = CARTESIAN_POINT('',(0.915573562517,11.069550895065));
#2164 = CARTESIAN_POINT('',(0.914554112061,11.143185871773));
#2165 = CARTESIAN_POINT('',(0.913535602875,11.216826749093));
#2166 = CARTESIAN_POINT('',(0.91160532611,11.356721794092));
#2167 = CARTESIAN_POINT('',(0.910692843912,11.422995899632));
#2168 = CARTESIAN_POINT('',(0.909783462009,11.489267018482));
#2169 = CARTESIAN_POINT('',(0.908878126332,11.555534284372));
#2170 = CARTESIAN_POINT('',(0.907977146924,11.621801755354));
#2171 = CARTESIAN_POINT('',(0.907080119814,11.688073467067));
#2172 = CARTESIAN_POINT('',(0.906186115568,11.754348488365));
#2173 = CARTESIAN_POINT('',(0.904567317819,11.874612999798));
#2174 = CARTESIAN_POINT('',(0.903841738504,11.928612685901));
#2175 = CARTESIAN_POINT('',(0.903116832597,11.982611086455));
#2176 = CARTESIAN_POINT('',(0.902391863411,12.036607882265));
#2177 = CARTESIAN_POINT('',(0.901666098872,12.090604582476));
#2178 = CARTESIAN_POINT('',(0.900938952173,12.144602715376));
#2179 = CARTESIAN_POINT('',(0.900210085749,12.198602013635));
#2180 = CARTESIAN_POINT('',(0.898064968452,12.357140013019));
#2181 = CARTESIAN_POINT('',(0.896642740572,12.461754092397));
#2182 = CARTESIAN_POINT('',(0.895214187419,12.566328006098));
#2183 = CARTESIAN_POINT('',(0.89378063412,12.670873949131));
#2184 = CARTESIAN_POINT('',(0.892351393527,12.775420345902));
#2185 = CARTESIAN_POINT('',(0.890929407201,12.879995491819));
#2186 = CARTESIAN_POINT('',(0.889518188021,12.984610456045));
#2187 = CARTESIAN_POINT('',(0.888116170085,13.089151965157));
#2188 = ( GEOMETRIC_REPRESENTATION_CONTEXT(2) 
PARAMETRIC_REPRESENTATION_CONTEXT() REPRESENTATION_CONTEXT('2D SPACE',''
  ) );
#2189 = PCURVE('',#872,#2190);
#2190 = DEFINITIONAL_REPRESENTATION('',(#2191),#2292);
#2191 = B_SPLINE_CURVE_WITH_KNOTS('',8,(#2192,#2193,#2194,#2195,#2196,
    #2197,#2198,#2199,#2200,#2201,#2202,#2203,#2204,#2205,#2206,#2207,
    #2208,#2209,#2210,#2211,#2212,#2213,#2214,#2215,#2216,#2217,#2218,
    #2219,#2220,#2221,#2222,#2223,#2224,#2225,#2226,#2227,#2228,#2229,
    #2230,#2231,#2232,#2233,#2234,#2235,#2236,#2237,#2238,#2239,#2240,
    #2241,#2242,#2243,#2244,#2245,#2246,#2247,#2248,#2249,#2250,#2251,
    #2252,#2253,#2254,#2255,#2256,#2257,#2258,#2259,#2260,#2261,#2262,
    #2263,#2264,#2265,#2266,#2267,#2268,#2269,#2270,#2271,#2272,#2273,
    #2274,#2275,#2276,#2277,#2278,#2279,#2280,#2281,#2282,#2283,#2284,
    #2285,#2286,#2287,#2288,#2289,#2290,#2291),.UNSPECIFIED.,.F.,.F.,(9,
    7,7,7,7,7,7,7,7,7,7,7,7,7,9),(0.,8.022118223285E-02,0.128222732369,
    0.185224119819,0.260224079767,0.317226275321,0.422216516983,
    0.461217466368,0.50321967519,0.581219844814,0.635220037362,
    0.725218115746,0.806217033242,0.872217724419,1.),.UNSPECIFIED.);
#2192 = CARTESIAN_POINT('',(0.,2.628183710056));
#2193 = CARTESIAN_POINT('',(6.30006847431E-02,2.64732457093));
#2194 = CARTESIAN_POINT('',(0.126008319526,2.666466167602));
#2195 = CARTESIAN_POINT('',(0.189012962145,2.685605587118));
#2196 = CARTESIAN_POINT('',(0.252013811409,2.704742581744));
#2197 = CARTESIAN_POINT('',(0.315014645601,2.723878165163));
#2198 = CARTESIAN_POINT('',(0.378019264006,2.74301324885));
#2199 = CARTESIAN_POINT('',(0.441026931496,2.762147318618));
#2200 = CARTESIAN_POINT('',(0.541725358438,2.792723774276));
#2201 = CARTESIAN_POINT('',(0.579423432,2.804169780437));
#2202 = CARTESIAN_POINT('',(0.61712127274,2.815614881976));
#2203 = CARTESIAN_POINT('',(0.65481882127,2.827059012098));
#2204 = CARTESIAN_POINT('',(0.692516375524,2.838502222154));
#2205 = CARTESIAN_POINT('',(0.730214233344,2.849944576993));
#2206 = CARTESIAN_POINT('',(0.767912335074,2.861386048564));
#2207 = CARTESIAN_POINT('',(0.850375415781,2.886411726304));
#2208 = CARTESIAN_POINT('',(0.895142191853,2.899996087744));
#2209 = CARTESIAN_POINT('',(0.939908415803,2.913578949421));
#2210 = CARTESIAN_POINT('',(0.984673947358,2.927160310259));
#2211 = CARTESIAN_POINT('',(1.029439485383,2.940740453123));
#2212 = CARTESIAN_POINT('',(1.074205728738,2.954319682916));
#2213 = CARTESIAN_POINT('',(1.118972537117,2.967898060417));
#2214 = CARTESIAN_POINT('',(1.222638672472,2.99933925523));
#2215 = CARTESIAN_POINT('',(1.281544159768,3.01720326481));
#2216 = CARTESIAN_POINT('',(1.340447476043,3.035065234094));
#2217 = CARTESIAN_POINT('',(1.399348077123,3.052925215777));
#2218 = CARTESIAN_POINT('',(1.458248685921,3.070784177496));
#2219 = CARTESIAN_POINT('',(1.517152025837,3.088642975172));
#2220 = CARTESIAN_POINT('',(1.576057554023,3.106501363991));
#2221 = CARTESIAN_POINT('',(1.679724429451,3.137927896065));
#2222 = CARTESIAN_POINT('',(1.724491929171,3.15149842148));
#2223 = CARTESIAN_POINT('',(1.769258875727,3.165068007288));
#2224 = CARTESIAN_POINT('',(1.81402512965,3.17863652101));
#2225 = CARTESIAN_POINT('',(1.858791390607,3.192204075754));
#2226 = CARTESIAN_POINT('',(1.903558358073,3.205770792418));
#2227 = CARTESIAN_POINT('',(1.948325892009,3.219336562018));
#2228 = CARTESIAN_POINT('',(2.075545536498,3.257884292787));
#2229 = CARTESIAN_POINT('',(2.158025139864,3.28287183791));
#2230 = CARTESIAN_POINT('',(2.240491223777,3.307851276639));
#2231 = CARTESIAN_POINT('',(2.322945524069,3.332823272268));
#2232 = CARTESIAN_POINT('',(2.405399829452,3.357792487407));
#2233 = CARTESIAN_POINT('',(2.487865931669,3.382763698848));
#2234 = CARTESIAN_POINT('',(2.570345576225,3.407737580725));
#2235 = CARTESIAN_POINT('',(2.683428178709,3.441974048146));
#2236 = CARTESIAN_POINT('',(2.7140575253,3.451246907584));
#2237 = CARTESIAN_POINT('',(2.744686792955,3.460519325021));
#2238 = CARTESIAN_POINT('',(2.775315961926,3.469791207236));
#2239 = CARTESIAN_POINT('',(2.805945136587,3.479062480533));
#2240 = CARTESIAN_POINT('',(2.836574421183,3.488333071639));
#2241 = CARTESIAN_POINT('',(2.867203795575,3.497602888591));
#2242 = CARTESIAN_POINT('',(2.930819210104,3.516853989951));
#2243 = CARTESIAN_POINT('',(2.963805713204,3.52683539306));
#2244 = CARTESIAN_POINT('',(2.996792105186,3.536815245292));
#2245 = CARTESIAN_POINT('',(3.029778342963,3.546794849826));
#2246 = CARTESIAN_POINT('',(3.062764591777,3.55677329246));
#2247 = CARTESIAN_POINT('',(3.095751002712,3.566750575682));
#2248 = CARTESIAN_POINT('',(3.12873750976,3.576729711351));
#2249 = CARTESIAN_POINT('',(3.222980807154,3.605241916784));
#2250 = CARTESIAN_POINT('',(3.28424382547,3.623777801019));
#2251 = CARTESIAN_POINT('',(3.345504216019,3.64230944098));
#2252 = CARTESIAN_POINT('',(3.406761313396,3.660836066426));
#2253 = CARTESIAN_POINT('',(3.468018415751,3.679359741561));
#2254 = CARTESIAN_POINT('',(3.529278825049,3.697882516327));
#2255 = CARTESIAN_POINT('',(3.590541882331,3.716404646289));
#2256 = CARTESIAN_POINT('',(3.694207829346,3.747744907706));
#2257 = CARTESIAN_POINT('',(3.736617625117,3.760565688547));
#2258 = CARTESIAN_POINT('',(3.779026995962,3.773385890768));
#2259 = CARTESIAN_POINT('',(3.821435836127,3.786205476509));
#2260 = CARTESIAN_POINT('',(3.863844681584,3.799024529457));
#2261 = CARTESIAN_POINT('',(3.906254068224,3.811843087522));
#2262 = CARTESIAN_POINT('',(3.948663890102,3.824660981641));
#2263 = CARTESIAN_POINT('',(4.061752442649,3.85883831364));
#2264 = CARTESIAN_POINT('',(4.132444193374,3.880200078932));
#2265 = CARTESIAN_POINT('',(4.20313060903,3.901557161352));
#2266 = CARTESIAN_POINT('',(4.273810351875,3.92290880569));
#2267 = CARTESIAN_POINT('',(4.344490115076,3.944257103933));
#2268 = CARTESIAN_POINT('',(4.415176590541,3.965604573991));
#2269 = CARTESIAN_POINT('',(4.485868436808,3.986951530022));
#2270 = CARTESIAN_POINT('',(4.620160584256,4.027500940654));
#2271 = CARTESIAN_POINT('',(4.683780088754,4.046709505129));
#2272 = CARTESIAN_POINT('',(4.747396408193,4.065916219768));
#2273 = CARTESIAN_POINT('',(4.811008746345,4.085121194627));
#2274 = CARTESIAN_POINT('',(4.874621085739,4.104325772837));
#2275 = CARTESIAN_POINT('',(4.938237410184,4.1235310337));
#2276 = CARTESIAN_POINT('',(5.001856927115,4.142736393879));
#2277 = CARTESIAN_POINT('',(5.117302820814,4.177584682642));
#2278 = CARTESIAN_POINT('',(5.169138960506,4.19323099008));
#2279 = CARTESIAN_POINT('',(5.220973950148,4.208875866091));
#2280 = CARTESIAN_POINT('',(5.272807502291,4.224518948471));
#2281 = CARTESIAN_POINT('',(5.324641064912,4.240160407534));
#2282 = CARTESIAN_POINT('',(5.376476085609,4.255800465735));
#2283 = CARTESIAN_POINT('',(5.428312275822,4.271438905073));
#2284 = CARTESIAN_POINT('',(5.580499600892,4.317346364368));
#2285 = CARTESIAN_POINT('',(5.680923139528,4.347631722971));
#2286 = CARTESIAN_POINT('',(5.781307973259,4.377897668833));
#2287 = CARTESIAN_POINT('',(5.881665444249,4.408148703542));
#2288 = CARTESIAN_POINT('',(5.98202294907,4.438395831874));
#2289 = CARTESIAN_POINT('',(6.082407896418,4.468649837792));
#2290 = CARTESIAN_POINT('',(6.182831553146,4.498914595086));
#2291 = CARTESIAN_POINT('',(6.28318530718,4.529156659946));
#2292 = ( GEOMETRIC_REPRESENTATION_CONTEXT(2) 
PARAMETRIC_REPRESENTATION_CONTEXT() REPRESENTATION_CONTEXT('2D SPACE',''
  ) );
#2293 = ORIENTED_EDGE('',*,*,#1337,.T.);
#2294 = ORIENTED_EDGE('',*,*,#60,.T.);
#2295 = ORIENTED_EDGE('',*,*,#672,.F.);
#2296 = ADVANCED_FACE('',(#2297),#543,.T.);
#2297 = FACE_BOUND('',#2298,.T.);
#2298 = EDGE_LOOP('',(#2299));
#2299 = ORIENTED_EDGE('',*,*,#528,.T.);
#2300 = ADVANCED_FACE('',(#2301),#594,.T.);
#2301 = FACE_BOUND('',#2302,.T.);
#2302 = EDGE_LOOP('',(#2303,#2304,#2323,#2324));
#2303 = ORIENTED_EDGE('',*,*,#989,.F.);
#2304 = ORIENTED_EDGE('',*,*,#2305,.T.);
#2305 = EDGE_CURVE('',#964,#1594,#2306,.T.);
#2306 = SURFACE_CURVE('',#2307,(#2310,#2317),.PCURVE_S1.);
#2307 = B_SPLINE_CURVE_WITH_KNOTS('',1,(#2308,#2309),.UNSPECIFIED.,.F.,
  .F.,(2,2),(0.,1.24707658145),.PIECEWISE_BEZIER_KNOTS.);
#2308 = CARTESIAN_POINT('',(-1.65083593294E-02,-2.210252397808,9.54));
#2309 = CARTESIAN_POINT('',(1.650835932928E-02,-3.289747602192,
    8.916461709275));
#2310 = PCURVE('',#594,#2311);
#2311 = DEFINITIONAL_REPRESENTATION('',(#2312),#2316);
#2312 = LINE('',#2313,#2314);
#2313 = CARTESIAN_POINT('',(0.,0.));
#2314 = VECTOR('',#2315,1.);
#2315 = DIRECTION('',(1.,0.));
#2316 = ( GEOMETRIC_REPRESENTATION_CONTEXT(2) 
PARAMETRIC_REPRESENTATION_CONTEXT() REPRESENTATION_CONTEXT('2D SPACE',''
  ) );
#2317 = PCURVE('',#978,#2318);
#2318 = DEFINITIONAL_REPRESENTATION('',(#2319),#2322);
#2319 = B_SPLINE_CURVE_WITH_KNOTS('',1,(#2320,#2321),.UNSPECIFIED.,.F.,
  .F.,(2,2),(0.,1.24707658145),.PIECEWISE_BEZIER_KNOTS.);
#2320 = CARTESIAN_POINT('',(-0.72,1.7763568394E-15));
#2321 = CARTESIAN_POINT('',(0.36,-0.623538290725));
#2322 = ( GEOMETRIC_REPRESENTATION_CONTEXT(2) 
PARAMETRIC_REPRESENTATION_CONTEXT() REPRESENTATION_CONTEXT('2D SPACE',''
  ) );
#2323 = ORIENTED_EDGE('',*,*,#1593,.T.);
#2324 = ORIENTED_EDGE('',*,*,#580,.F.);
#2325 = ADVANCED_FACE('',(#2326),#872,.T.);
#2326 = FACE_BOUND('',#2327,.T.);
#2327 = EDGE_LOOP('',(#2328,#2329,#2352,#2379,#2380,#2381,#2406,#2407));
#2328 = ORIENTED_EDGE('',*,*,#1982,.F.);
#2329 = ORIENTED_EDGE('',*,*,#2330,.F.);
#2330 = EDGE_CURVE('',#2331,#1669,#2333,.T.);
#2331 = VERTEX_POINT('',#2332);
#2332 = CARTESIAN_POINT('',(-2.449293598295E-15,-4.,10.));
#2333 = SEAM_CURVE('',#2334,(#2338,#2345),.PCURVE_S1.);
#2334 = LINE('',#2335,#2336);
#2335 = CARTESIAN_POINT('',(-2.449293598295E-15,-4.,10.));
#2336 = VECTOR('',#2337,1.);
#2337 = DIRECTION('',(0.,1.,0.));
#2338 = PCURVE('',#872,#2339);
#2339 = DEFINITIONAL_REPRESENTATION('',(#2340),#2344);
#2340 = LINE('',#2341,#2342);
#2341 = CARTESIAN_POINT('',(0.,-0.));
#2342 = VECTOR('',#2343,1.);
#2343 = DIRECTION('',(0.,1.));
#2344 = ( GEOMETRIC_REPRESENTATION_CONTEXT(2) 
PARAMETRIC_REPRESENTATION_CONTEXT() REPRESENTATION_CONTEXT('2D SPACE',''
  ) );
#2345 = PCURVE('',#872,#2346);
#2346 = DEFINITIONAL_REPRESENTATION('',(#2347),#2351);
#2347 = LINE('',#2348,#2349);
#2348 = CARTESIAN_POINT('',(6.28318530718,-0.));
#2349 = VECTOR('',#2350,1.);
#2350 = DIRECTION('',(0.,1.));
#2351 = ( GEOMETRIC_REPRESENTATION_CONTEXT(2) 
PARAMETRIC_REPRESENTATION_CONTEXT() REPRESENTATION_CONTEXT('2D SPACE',''
  ) );
#2352 = ORIENTED_EDGE('',*,*,#2353,.T.);
#2353 = EDGE_CURVE('',#2331,#2331,#2354,.T.);
#2354 = SURFACE_CURVE('',#2355,(#2360,#2367),.PCURVE_S1.);
#2355 = CIRCLE('',#2356,10.);
#2356 = AXIS2_PLACEMENT_3D('',#2357,#2358,#2359);
#2357 = CARTESIAN_POINT('',(0.,-4.,0.));
#2358 = DIRECTION('',(0.,1.,0.));
#2359 = DIRECTION('',(0.,-0.,1.));
#2360 = PCURVE('',#872,#2361);
#2361 = DEFINITIONAL_REPRESENTATION('',(#2362),#2366);
#2362 = LINE('',#2363,#2364);
#2363 = CARTESIAN_POINT('',(0.,0.));
#2364 = VECTOR('',#2365,1.);
#2365 = DIRECTION('',(1.,0.));
#2366 = ( GEOMETRIC_REPRESENTATION_CONTEXT(2) 
PARAMETRIC_REPRESENTATION_CONTEXT() REPRESENTATION_CONTEXT('2D SPACE',''
  ) );
#2367 = PCURVE('',#2368,#2373);
#2368 = PLANE('',#2369);
#2369 = AXIS2_PLACEMENT_3D('',#2370,#2371,#2372);
#2370 = CARTESIAN_POINT('',(0.,-4.,0.));
#2371 = DIRECTION('',(0.,1.,0.));
#2372 = DIRECTION('',(0.,-0.,1.));
#2373 = DEFINITIONAL_REPRESENTATION('',(#2374),#2378);
#2374 = CIRCLE('',#2375,10.);
#2375 = AXIS2_PLACEMENT_2D('',#2376,#2377);
#2376 = CARTESIAN_POINT('',(0.,0.));
#2377 = DIRECTION('',(1.,0.));
#2378 = ( GEOMETRIC_REPRESENTATION_CONTEXT(2) 
PARAMETRIC_REPRESENTATION_CONTEXT() REPRESENTATION_CONTEXT('2D SPACE',''
  ) );
#2379 = ORIENTED_EDGE('',*,*,#2330,.T.);
#2380 = ORIENTED_EDGE('',*,*,#1668,.F.);
#2381 = ORIENTED_EDGE('',*,*,#2382,.T.);
#2382 = EDGE_CURVE('',#1648,#697,#2383,.T.);
#2383 = SURFACE_CURVE('',#2384,(#2389,#2399),.PCURVE_S1.);
#2384 = ELLIPSE('',#2385,327.1070063502,10.);
#2385 = AXIS2_PLACEMENT_3D('',#2386,#2387,#2388);
#2386 = CARTESIAN_POINT('',(0.,-2.750000000079,0.));
#2387 = DIRECTION('',(-0.999532596652,-3.057103579522E-02,
    2.565304710259E-13));
#2388 = DIRECTION('',(-3.057103579522E-02,0.999532596652,
    7.846069491445E-15));
#2389 = PCURVE('',#872,#2390);
#2390 = DEFINITIONAL_REPRESENTATION('',(#2391),#2398);
#2391 = B_SPLINE_CURVE_WITH_KNOTS('',5,(#2392,#2393,#2394,#2395,#2396,
    #2397),.UNSPECIFIED.,.F.,.F.,(6,6),(4.71040797597,4.712388980385),
  .PIECEWISE_BEZIER_KNOTS.);
#2392 = CARTESIAN_POINT('',(1.981004415246E-03,0.602302877369));
#2393 = CARTESIAN_POINT('',(1.584803532197E-03,0.731842132442));
#2394 = CARTESIAN_POINT('',(1.188602649148E-03,0.861381514606));
#2395 = CARTESIAN_POINT('',(7.924017660979E-04,0.990920981497));
#2396 = CARTESIAN_POINT('',(3.962008830493E-04,1.12046049075));
#2397 = CARTESIAN_POINT('',(1.505640227548E-16,1.250000000004));
#2398 = ( GEOMETRIC_REPRESENTATION_CONTEXT(2) 
PARAMETRIC_REPRESENTATION_CONTEXT() REPRESENTATION_CONTEXT('2D SPACE',''
  ) );
#2399 = PCURVE('',#978,#2400);
#2400 = DEFINITIONAL_REPRESENTATION('',(#2401),#2405);
#2401 = ELLIPSE('',#2402,327.1070063502,10.);
#2402 = AXIS2_PLACEMENT_2D('',#2403,#2404);
#2403 = CARTESIAN_POINT('',(-0.179999999921,-9.54));
#2404 = DIRECTION('',(-1.,7.846069491445E-15));
#2405 = ( GEOMETRIC_REPRESENTATION_CONTEXT(2) 
PARAMETRIC_REPRESENTATION_CONTEXT() REPRESENTATION_CONTEXT('2D SPACE',''
  ) );
#2406 = ORIENTED_EDGE('',*,*,#696,.T.);
#2407 = ORIENTED_EDGE('',*,*,#1567,.T.);
#2408 = ADVANCED_FACE('',(#2409),#978,.F.);
#2409 = FACE_BOUND('',#2410,.F.);
#2410 = EDGE_LOOP('',(#2411,#2412,#2413,#2414));
#2411 = ORIENTED_EDGE('',*,*,#963,.T.);
#2412 = ORIENTED_EDGE('',*,*,#2305,.T.);
#2413 = ORIENTED_EDGE('',*,*,#1647,.T.);
#2414 = ORIENTED_EDGE('',*,*,#2382,.T.);
#2415 = ADVANCED_FACE('',(#2416),#2368,.F.);
#2416 = FACE_BOUND('',#2417,.T.);
#2417 = EDGE_LOOP('',(#2418));
#2418 = ORIENTED_EDGE('',*,*,#2353,.F.);
#2419 = ( GEOMETRIC_REPRESENTATION_CONTEXT(3) 
GLOBAL_UNCERTAINTY_ASSIGNED_CONTEXT((#2423)) 
GLOBAL_UNIT_ASSIGNED_CONTEXT((#2420,#2421,#2422)) REPRESENTATION_CONTEXT
('Context #1','3D Context with UNIT and UNCERTAINTY') );
#2420 = ( LENGTH_UNIT() NAMED_UNIT(*) SI_UNIT(.MILLI.,.METRE.) );
#2421 = ( NAMED_UNIT(*) PLANE_ANGLE_UNIT() SI_UNIT($,.RADIAN.) );
#2422 = ( NAMED_UNIT(*) SI_UNIT($,.STERADIAN.) SOLID_ANGLE_UNIT() );
#2423 = UNCERTAINTY_MEASURE_WITH_UNIT(LENGTH_MEASURE(1.E-05),#2420,
  'distance_accuracy_value','confusion accuracy');
#2424 = PRODUCT_RELATED_PRODUCT_CATEGORY('part',$,(#7));
ENDSEC;
END-ISO-10303-21;
